p,i,j,EE,BB,delta,E2,B2,T
0,0,0,57268007109.193321,6.9439031505412307e-07,1,390869080164.69012,2.0749867235927971e-06,-1.2253935916255045
0,0,1,42225030188.237411,7.0993724623344194e-07,0,390869080164.69012,2.0749867235927971e-06,1.451123036436591
0,0,2,131611988241.8739,6.7428620147400151e-07,0,390869080164.69012,2.0749867235927971e-06,2.3817819861816032
0,1,0,42225030188.237411,7.0993724623344194e-07,0,390869080164.69012,2.0749867235927971e-06,0.58288921431770924
0,1,1,31133494326.037762,7.2583226272422665e-07,1,390869080164.69012,2.0749867235927971e-06,-1.8801872366157639
0,1,2,97040572165.378296,6.8938301509915063e-07,0,390869080164.69012,2.0749867235927971e-06,-0.25934531864590871
0,2,0,131611988241.8739,6.7428620147400151e-07,0,390869080164.69012,2.0749867235927971e-06,0.97751552836279554
0,2,1,97040572165.378296,6.8938301509915063e-07,0,390869080164.69012,2.0749867235927971e-06,1.6673979287909544
0,2,2,302467578729.45905,6.5476414581444729e-07,1,390869080164.69012,2.0749867235927971e-06,1.2889344889147551
1,0,0,90323174944.041595,6.5607444015618608e-07,1,1743767475434.3237,1.168521169383075e-06,-6.4894773682130342
1,0,1,291757256273.16486,-4.2134243740248119e-07,0,1743767475434.3237,1.168521169383075e-06,1.9247576389298444
1,0,2,253420682315.72391,3.9833873955609188e-07,0,1743767475434.3237,1.168521169383075e-06,1.3881706454200837
1,1,0,291757256273.16486,-4.2134243740248119e-07,0,1743767475434.3237,1.168521169383075e-06,-0.38656931222929236
1,1,1,942419225639.28308,2.7059345508720144e-07,1,1743767475434.3237,1.168521169383075e-06,1.0757019170064608
1,1,2,818586403778.60657,-2.5582007949652843e-07,0,1743767475434.3237,1.168521169383075e-06,6.479965975631913
1,2,0,253420682315.72391,3.9833873955609188e-07,0,1743767475434.3237,1.168521169383075e-06,2.1444643547561411
1,2,1,818586403778.60657,-2.5582007949652843e-07,0,1743767475434.3237,1.168521169383075e-06,7.1701790118909718
1,2,2,711025074850.99902,2.4185327413968741e-07,1,1743767475434.3237,1.168521169383075e-06,-2.5653655263777231
2,0,0,240772331934.4472,1.2572833674450334e-06,1,1388319425271.6738,2.7655960286803066e-06,-4.3321521171361699
2,0,1,483545413694.23541,8.2681989372917479e-07,0,1388319425271.6738,2.7655960286803066e-06,6.8586599127685925
2,0,2,-206110219452.29083,-1.1012471499220966e-06,0,1388319425271.6738,2.7655960286803066e-06,-2.232093601820397
2,1,0,483545413694.23541,8.2681989372917479e-07,0,1388319425271.6738,2.7655960286803066e-06,5.2800431760276245
2,1,1,971108952703.03809,5.4373672186211531e-07,1,1388319425271.6738,2.7655960286803066e-06,0.82151331792279059
2,1,2,-413933156401.05237,-7.24206710312623e-07,0,1388319425271.6738,2.7655960286803066e-06,-2.0928831397025509
2,2,0,-206110219452.29083,-1.1012471499220966e-06,0,1388319425271.6738,2.7655960286803066e-06,-4.0220256633228884
2,2,1,-413933156401.05237,-7.24206710312623e-07,0,1388319425271.6738,2.7655960286803066e-06,-2.4005257046032611
2,2,2,176438140634.18842,9.6457593937315794e-07,1,1388319425271.6738,2.7655960286803066e-06,-6.2238336094780582
3,0,0,587563790048.42444,4.7462560251061342e-07,1,723872034517.87524,2.7582053353047952e-06,2.1537504118233799
3,0,1,270955701436.72443,7.5496396742863723e-07,0,723872034517.87524,2.7582053353047952e-06,4.5346460948685392
3,0,2,-81687187454.645187,7.168506221263087e-07,0,723872034517.87524,2.7582053353047952e-06,-0.91810610979956897
3,1,0,270955701436.72443,7.5496396742863723e-07,0,723872034517.87524,2.7582053353047952e-06,3.4006662519306223
3,1,1,124951525918.60133,1.2008846322251292e-06,1,723872034517.87524,2.7582053353047952e-06,-1.9069596759386016
3,1,2,-37670138204.640602,1.140259579069089e-06,0,723872034517.87524,2.7582053353047952e-06,-0.20539978992033614
3,2,0,-81687187454.645187,7.168506221263087e-07,0,723872034517.87524,2.7582053353047952e-06,-1.4980232767969457
3,2,1,-37670138204.640602,1.140259579069089e-06,0,723872034517.87524,2.7582053353047952e-06,-0.6879368342630412
3,2,2,11356718550.849432,1.0826951005690527e-06,1,723872034517.87524,2.7582053353047952e-06,-3.005556700571181
4,0,0,23382835228.846184,9.5959231820346935e-07,1,1198213796149.2046,2.4575669597328043e-06,-5.3647191047328651
4,0,1,-147074636858.28992,4.3790301590093924e-07,0,1198213796149.2046,2.4575669597328043e-06,-1.4890006053223672
4,0,2,-76419434530.425064,-1.1161030004170795e-06,0,1198213796149.2046,2.4575669597328043e-06,-0.66733304859132425
4,1,0,-147074636858.28992,4.3790301590093924e-07,0,1198213796149.2046,2.4575669597328043e-06,-0.47179331327173984
4,1,1,925078100893.12341,1.9983387496697131e-07,1,1198213796149.2046,2.4575669597328043e-06,1.6076648051469047
4,1,2,480667142050.11005,-5.093255340494443e-07,0,1198213796149.2046,2.4575669597328043e-06,2.7002943686983243
4,2,0,-76419434530.425064,-1.1161030004170795e-06,0,1198213796149.2046,2.4575669597328043e-06,-1.0790401174747808
4,2,1,480667142050.11005,-5.093255340494443e-07,0,1198213796149.2046,2.4575669597328043e-06,3.3357494479784164
4,2,2,249752860027.23508,1.2981407665623638e-06,1,1198213796149.2046,2.4575669597328043e-06,-2.9766787267358783
5,0,0,186987322617.23035,7.5615347289878947e-07,1,1735591538696.877,9.606400854363541e-07,-4.8260514822753668
5,0,1,385267340383.63989,1.7415339580851043e-07,0,1735591538696.877,9.606400854363541e-07,4.0262328482257512
5,0,2,-375683953067.2085,3.5255333917005092e-07,0,1735591538696.877,9.606400854363541e-07,-3.8461955245054242
5,1,0,385267340383.63989,1.7415339580851043e-07,0,1735591538696.877,9.606400854363541e-07,3.7021408299509266
5,1,1,793802068978.37024,4.011011832738784e-08,1,1735591538696.877,9.606400854363541e-07,-1.5850986534935763
5,1,2,-774056526384.41675,8.1198279741700036e-08,0,1735591538696.877,9.606400854363541e-07,-5.2486223304194919
5,2,0,-375683953067.2085,3.5255333917005092e-07,0,1735591538696.877,9.606400854363541e-07,-3.5670664889110237
5,2,1,-774056526384.41675,8.1198279741700036e-08,0,1735591538696.877,9.606400854363541e-07,-6.5904064943476461
5,2,2,754802147101.27625,1.6437649421017683e-07,1,1735591538696.877,9.606400854363541e-07,-1.0616849939355695
6,0,0,1247050078330.1423,1.1969980055088048e-09,1,1668194429639.6487,1.2641349477875493e-06,3.2534963185954533
6,0,1,-709614860933.04797,-2.2073282568153443e-08,0,1668194429639.6487,1.2641349477875493e-06,-8.1582983763058916
6,0,2,147087883361.57324,3.2007880336519241e-08,0,1668194429639.6487,1.2641349477875493e-06,-0.014926132228482158
6,1,0,-709614860933.04797,-2.2073282568153443e-08,0,1668194429639.6487,1.2641349477875493e-06,-6.7295771413505268
6,1,1,403795532839.63544,4.0704312044901128e-07,1,1668194429639.6487,1.2641349477875493e-06,-3.7945968965282737
6,1,2,-83698120637.082291,-5.9024240961480412e-07,0,1668194429639.6487,1.2641349477875493e-06,-1.3426951934686411
6,2,0,147087883361.57324,3.2007880336519241e-08,0,1668194429639.6487,1.2641349477875493e-06,0.43926675852363883
6,2,1,-83698120637.082291,-5.9024240961480412e-07,0,1668194429639.6487,1.2641349477875493e-06,-2.5019621311512354
6,2,2,17348818469.870777,8.5589482933302934e-07,1,1668194429639.6487,1.2641349477875493e-06,-7.3015389237960608
7,0,0,951656363621.28247,3.7715049161894416e-09,1,2698193104425.0977,1.1605386365747318e-07,-3.8540575805179942
7,0,1,920203935449.64575,2.0385423148336995e-08,0,2698193104425.0977,1.1605386365747318e-07,8.650164480933789
7,0,2,902954883074.07092,-2.8121150505170144e-09,0,2698193104425.0977,1.1605386365747318e-07,7.6896031519469252
7,1,0,920203935449.64575,2.0385423148336995e-08,0,2698193104425.0977,1.1605386365747318e-07,8.7354127897595415
7,1,1,889791016155.06592,1.1018558537545866e-07,1,2698193104425.0977,1.1605386365747318e-07,-4.3870078711054106
7,1,2,873112048320.09888,-1.519980923278662e-08,0,2698193104425.0977,1.1605386365747318e-07,7.4733432856040851
7,2,0,902954883074.07092,-2.8121150505170144e-09,0,2698193104425.0977,1.1605386365747318e-07,7.6694331165370215
7,2,1,873112048320.09888,-1.519980923278662e-08,0,2698193104425.0977,1.1605386365747318e-07,6.9692740979779497
7,2,2,856745724648.74902,2.0967733658250638e-09,1,2698193104425.0977,1.1605386365747318e-07,-4.0174552629708637
8,0,0,510684090619.8725,7.3185977949209293e-07,1,1289512662907.9827,1.7176111838406462e-06,-1.795116379438217
8,0,1,-339240410455.72113,-6.6160832170355674e-07,0,1289512662907.9827,1.7176111838406462e-06,-4.0249345290396397
8,0,2,531649607449.83258,5.3264081149791383e-07,0,1289512662907.9827,1.7176111838406462e-06,5.0632107149016141
8,1,0,-339240410455.72113,-6.6160832170355674e-07,0,1289512662907.9827,1.7176111838406462e-06,-4.7607694338037074
8,1,1,225352734107.06055,5.9810032415113222e-07,1,1289512662907.9827,1.7176111838406462e-06,-4.1185734531793017
8,1,2,-353167514639.01172,-4.8151244711182085e-07,0,1289512662907.9827,1.7176111838406462e-06,-4.1912400696282415
8,2,0,531649607449.83258,5.3264081149791383e-07,0,1289512662907.9827,1.7176111838406462e-06,4.7707640060292267
8,2,1,-353167514639.01172,-4.8151244711182085e-07,0,1289512662907.9827,1.7176111838406462e-06,-3.5675053431928152
8,2,2,553475838181.04968,3.8765108019742099e-07,1,1289512662907.9827,1.7176111838406462e-06,-1.6774813566224072
9,0,0,39868463020.578766,8.8090841573931432e-07,1,1575457264838.5413,1.4843879885765306e-06,-6.6483163461462871
9,0,1,222089759458.81815,-1.9798303166416322e-08,0,1575457264838.5413,1.4843879885765306e-06,3.1919798027449193
9,0,2,-109076597414.92941,-7.2884721418881833e-07,0,1575457264838.5413,1.4843879885765306e-06,-1.5697111910334423
9,1,0,222089759458.81815,-1.9798303166416322e-08,0,1575457264838.5413,1.4843879885765306e-06,3.036978704289929
9,1,1,1237164854612.4385,4.4496431327695065e-10,1,1575457264838.5413,1.4843879885765306e-06,3.599872707498013
9,1,2,-607617987931.06201,1.6380747249868961e-08,0,1575457264838.5413,1.4843879885765306e-06,-4.6255080168883698
9,2,0,-109076597414.92941,-7.2884721418881833e-07,0,1575457264838.5413,1.4843879885765306e-06,-2.2646929812127241
9,2,1,-607617987931.06201,1.6380747249868961e-08,0,1575457264838.5413,1.4843879885765306e-06,-5.2663592360527574
9,2,2,298423947205.52405,6.0303460852393949e-07,1,1575457264838.5413,1.4843879885765306e-06,-4.3602842802838966
10,0,0,977710730017.35791,3.917069968150999e-12,1,1016813809835.1479,2.0857896522058804e-06,2.9435309285373883
10,0,1,79376248317.666336,-2.0456793887685368e-09,0,1016813809835.1479,2.0857896522058804e-06,-0.079333405882410224
10,0,2,178692226796.77679,-1.9963377723887863e-09,0,1016813809835.1479,2.0857896522058804e-06,0.1971383222678873
10,1,0,79376248317.666336,-2.0456793887685368e-09,0,1016813809835.1479,2.0857896522058804e-06,2.120349022709723
10,1,1,6444225887.6262608,1.068350628316143e-06,1,1016813809835.1479,2.0857896522058804e-06,-5.0157929797031704
10,1,2,14507275138.942057,1.0425821001924991e-06,0,1016813809835.1479,2.0857896522058804e-06,2.2471971305957408
10,2,0,178692226796.77679,-1.9963377723887863e-09,0,1016813809835.1479,2.0857896522058804e-06,1.1465782210792514
10,2,1,14507275138.942057,1.0425821001924991e-06,0,1016813809835.1479,2.0857896522058804e-06,0.13221765633532656
10,2,2,32658853930.163811,1.0174351068197691e-06,1,1016813809835.1479,2.0857896522058804e-06,-3.8478131893701466
11,0,0,37568891066.472557,1.4884647652835265e-06,1,1721754687093.8071,1.9390046349530845e-06,-7.2699449381325074
11,0,1,-198276084516.99271,8.7427613419859005e-08,0,1721754687093.8071,1.9390046349530845e-06,-1.1467458417713505
11,0,2,154788846546.71237,8.1422916538912841e-07,0,1721754687093.8071,1.9390046349530845e-06,1.7094941212317794
11,1,0,-198276084516.99271,8.7427613419859005e-08,0,1721754687093.8071,1.9390046349530845e-06,-1.2302518565998803
11,1,1,1046435084331.6193,5.1352156709173705e-09,1,1721754687093.8071,1.9390046349530845e-06,0.28640256553781707
11,1,2,-816923937570.60156,4.7825191678793593e-08,0,1721754687093.8071,1.9390046349530845e-06,-6.3989168395252518
11,2,0,154788846546.71237,8.1422916538912841e-07,0,1721754687093.8071,1.9390046349530845e-06,2.4714286868541553
11,2,1,-816923937570.60156,4.7825191678793593e-08,0,1721754687093.8071,1.9390046349530845e-06,-8.0756084035744102
11,2,2,637750711695.71533,4.4540465399864046e-07,1,1721754687093.8071,1.9390046349530845e-06,-0.75927804561284873
12,0,0,165147428921.4725,6.519763624277262e-07,1,802646913147.61353,2.1772435617478192e-06,-2.1019775834044343
12,0,1,324299848900.78448,6.5255065740856693e-07,0,802646913147.61353,2.1772435617478192e-06,5.5632817728009103
12,0,2,10536069553.697432,-7.540661773735027e-07,0,802646913147.61353,2.1772435617478192e-06,0.97874888595839526
12,1,0,324299848900.78448,6.5255065740856693e-07,0,802646913147.61353,2.1772435617478192e-06,3.2115128793070387
12,1,1,636827304450.98303,6.5312545825855264e-07,1,802646913147.61353,2.1772435617478192e-06,1.4877414369004767
12,1,2,20689669748.94257,-7.5473039841868722e-07,0,802646913147.61353,2.1772435617478192e-06,-0.80374594468281524
12,2,0,10536069553.697432,-7.540661773735027e-07,0,802646913147.61353,2.1772435617478192e-06,-2.205596750605479
12,2,1,20689669748.94257,-7.5473039841868722e-07,0,802646913147.61353,2.1772435617478192e-06,-1.0837138349772499
12,2,2,672179775.1579566,8.7214174106154021e-07,1,802646913147.61353,2.1772435617478192e-06,-3.5671329858846397
13,0,0,584370853563.45532,1.6456911247425312e-07,1,1379898755328.6824,1.841666427842691e-06,-0.58565485911470838
13,0,1,489719541844.25739,-3.1048194704803887e-07,0,1379898755328.6824,1.841666427842691e-06,3.355881916883896
13,0,2,-474402876597.45599,4.2379166730882659e-07,0,1379898755328.6824,1.841666427842691e-06,-3.0443068446466461
13,1,0,489719541844.25739,-3.1048194704803887e-07,0,1379898755328.6824,1.841666427842691e-06,2.9007420232684265
13,1,1,410399026922.22021,5.8576629595558455e-07,1,1379898755328.6824,1.841666427842691e-06,-3.0985314266366459
13,1,2,-397563221985.15735,-7.9954044857211518e-07,0,1379898755328.6824,1.841666427842691e-06,-4.5944977769018127
13,2,0,-474402876597.45599,4.2379166730882659e-07,0,1379898755328.6824,1.841666427842691e-06,-3.5179679845385796
13,2,1,-397563221985.15735,-7.9954044857211518e-07,0,1379898755328.6824,1.841666427842691e-06,-3.7183768065273028
13,2,2,385128874843.00677,1.0913310194128534e-06,1,1379898755328.6824,1.841666427842691e-06,-1.9684703944794073
14,0,0,650296294992.97351,4.1858291925599277e-08,1,3165276773100.3408,5.3350981023173388e-07,-7.953550198617342
14,0,1,-920966883968.25647,-8.4792147827336784e-08,0,3165276773100.3408,5.3350981023173388e-07,-7.9910563670435542
14,0,2,887300673687.71777,1.1571510033590848e-07,0,3165276773100.3408,5.3350981023173388e-07,8.3106192655741644
14,1,0,-920966883968.25647,-8.4792147827336784e-08,0,3165276773100.3408,5.3350981023173388e-07,-6.7148980727807865
14,1,1,1304297760723.6169,1.7176306061298989e-07,1,3165276773100.3408,5.3350981023173388e-07,-2.8509003818115435
14,1,2,-1256618779594.8335,-2.3440354209811653e-07,0,3165276773100.3408,5.3350981023173388e-07,-10.570785206353664
14,2,0,887300673687.71777,1.1571510033590848e-07,0,3165276773100.3408,5.3350981023173388e-07,6.2697425092506629
14,2,1,-1256618779594.8335,-2.3440354209811653e-07,0,3165276773100.3408,5.3350981023173388e-07,-10.918757321526231
14,2,2,1210682717383.75,3.198884576931448e-07,1,3165276773100.3408,5.3350981023173388e-07,-3.5496640340856378
15,0,0,812793807440.04785,2.7223283467743181e-07,1,1411254298868.3862,1.6981885493308684e-06,0.49140416299815276
15,0,1,-148160499864.4639,-4.8840437779649425e-07,0,1411254298868.3862,1.6981885493308684e-06,-0.71388773453081977
15,0,2,-681522888618.12524,-3.8685026828710803e-07,0,1411254298868.3862,1.6981885493308684e-06,-6.1892103967989787
15,1,0,-148160499864.4639,-4.8840437779649425e-07,0,1411254298868.3862,1.6981885493308684e-06,-0.86081859461738475
15,1,1,27007506109.360909,8.7623095330666089e-07,1,1411254298868.3862,1.6981885493308684e-06,-5.0901702718106261
15,1,2,124231718945.74596,6.9403591527467944e-07,0,1411254298868.3862,1.6981885493308684e-06,2.0248252111654774
15,2,0,-681522888618.12524,-3.8685026828710803e-07,0,1411254298868.3862,1.6981885493308684e-06,-5.254971379813397
15,2,1,124231718945.74596,6.9403591527467944e-07,0,1411254298868.3862,1.6981885493308684e-06,1.3395417081764043
15,2,2,571452985318.97754,5.4972476134677575e-07,1,1411254298868.3862,1.6981885493308684e-06,-1.4312824907828365
16,0,0,934837076587.66138,2.8678037790960377e-07,1,1261082387266.9026,1.423266600610817e-06,2.0304601652918355
16,0,1,-407532573862.70074,-2.4664973780120725e-07,0,1261082387266.9026,1.423266600610817e-06,-2.8152432265711509
16,0,2,-372697482855.27454,5.1486489031386451e-07,0,1261082387266.9026,1.423266600610817e-06,-2.5057458647514652
16,1,0,-407532573862.70074,-2.4664973780120725e-07,0,1261082387266.9026,1.423266600610817e-06,-4.2857138317508321
16,1,1,177659618898.93414,2.1213478272415299e-07,1,1261082387266.9026,1.423266600610817e-06,-4.3131912802685353
16,1,2,162473620552.76501,-4.4281722175214871e-07,0,1261082387266.9026,1.423266600610817e-06,2.0835243002238117
16,2,0,-372697482855.27454,5.1486489031386451e-07,0,1261082387266.9026,1.423266600610817e-06,-2.9265995450579108
16,2,1,162473620552.76501,-4.4281722175214871e-07,0,1261082387266.9026,1.423266600610817e-06,0.1774973225607136
16,2,2,148585691780.30719,9.2435143997706025e-07,1,1261082387266.9026,1.423266600610817e-06,-4.0164361052425246
17,0,0,234655028520.57693,8.0912076099336703e-07,1,1187508511944.7146,1.6100542810648208e-06,-4.4104649244473899
17,0,1,423032477317.88861,1.5958606587321723e-07,0,1187508511944.7146,1.6100542810648208e-06,4.6017499152454029
17,0,2,211270879354.23615,-7.8904006669143231e-07,0,1187508511944.7146,1.6100542810648208e-06,0.85157564559821108
17,1,0,423032477317.88861,1.5958606587321723e-07,0,1187508511944.7146,1.6100542810648208e-06,3.4273542772899011
17,1,1,762636445483.27759,3.1475786617591939e-08,1,1187508511944.7146,1.6100542810648208e-06,1.4125399095617472
17,1,2,380875892759.8009,-1.556254716601678e-07,0,1187508511944.7146,1.6100542810648208e-06,1.9412051576266809
17,2,0,211270879354.23615,-7.8904006669143231e-07,0,1187508511944.7146,1.6100542810648208e-06,3.0501867624843548
17,2,1,380875892759.8009,-1.556254716601678e-07,0,1187508511944.7146,1.6100542810648208e-06,2.7885711304858378
17,2,2,190217037940.86014,7.6945773345386174e-07,1,1187508511944.7146,1.6100542810648208e-06,-3.9245957261377695
18,0,0,575397658176.72705,1.2980261346551725e-07,1,1280654216515.6179,8.8602900760179833e-07,-0.18771992672399618
18,0,1,307664620851.39111,3.0414027225851668e-07,0,1280654216515.6179,8.8602900760179833e-07,3.6383303458994116
18,0,2,-557804135121.23218,-7.52253755125818e-08,0,1280654216515.6179,8.8602900760179833e-07,-2.7231826318772963
18,1,0,307664620851.39111,3.0414027225851668e-07,0,1280654216515.6179,8.8602900760179833e-07,2.7657479453181124
18,1,1,164508001689.77612,7.1263052984721385e-07,1,1280654216515.6179,8.8602900760179833e-07,-4.0716119016762224
18,1,2,-298257379575.05188,-1.7626044328624961e-07,0,1280654216515.6179,8.8602900760179833e-07,-4.1975702212703085
18,2,0,-557804135121.23218,-7.52253755125818e-08,0,1280654216515.6179,8.8602900760179833e-07,-5.3069509550932352
18,2,1,-298257379575.05188,-1.7626044328624961e-07,0,1280654216515.6179,8.8602900760179833e-07,-3.4718491543106067
18,2,2,540748556649.11481,4.3595864289067237e-08,1,1280654216515.6179,8.8602900760179833e-07,-1.4768562341813434
19,0,0,1341528082645.8552,1.9760744744537519e-08,1,3426655737963.1621,1.3716499586844875e-07,-4.417717364325271
19,0,1,-1260780337512.5793,3.6293193367418036e-08,0,3426655737963.1621,1.3716499586844875e-07,-9.5588804351256496
19,0,2,1098949610333.1312,3.1667010493230896e-08,0,3426655737963.1621,1.3716499586844875e-07,8.4402660169220436
19,1,0,-1260780337512.5793,3.6293193367418036e-08,0,3426655737963.1621,1.3716499586844875e-07,-13.792128022551099
19,1,1,1184892869572.4939,6.6657198492931819e-08,1,3426655737963.1621,1.3716499586844875e-07,-5.4034094964291182
19,1,2,-1032802874981.5476,5.8160608320017195e-08,0,3426655737963.1621,1.3716499586844875e-07,-9.676367319299704
19,2,0,1098949610333.1312,3.1667010493230896e-08,0,3426655737963.1621,1.3716499586844875e-07,8.6881681108394648
19,2,1,-1032802874981.5476,5.8160608320017195e-08,0,3426655737963.1621,1.3716499586844875e-07,-8.0464609134913978
19,2,2,900234785744.81274,5.0747052630979421e-08,1,3426655737963.1621,1.3716499586844875e-07,-7.2985045264037858
20,0,0,1192406443294.4907,4.7002494484867377e-07,1,2604896460644.6689,1.0645516297751556e-06,-1.0080277331551268
20,0,1,783612832050.42761,4.7962690982575402e-07,0,2604896460644.6689,1.0645516297751556e-06,7.8987767682389256
20,0,2,-1034511057081.2706,-2.2226200679520637e-07,0,2604896460644.6689,1.0645516297751556e-06,-9.0709258293289246
20,1,0,783612832050.42761,4.7962690982575402e-07,0,2604896460644.6689,1.0645516297751556e-06,8.2480136979513432
20,1,1,514966246624.38092,4.8942502977807883e-07,1,2604896460644.6689,1.0645516297751556e-06,-7.6815426064259569
20,1,2,-679848841630.8623,-2.2680251475839596e-07,0,2604896460644.6689,1.0645516297751556e-06,-6.724147511556855
20,2,0,-1034511057081.2706,-2.2226200679520637e-07,0,2604896460644.6689,1.0645516297751556e-06,-8.7182137883904662
20,2,1,-679848841630.8623,-2.2680251475839596e-07,0,2604896460644.6689,1.0645516297751556e-06,-8.6268566940813916
20,2,2,897523770725.79736,1.0510165514840282e-07,1,2604896460644.6689,1.0645516297751556e-06,-4.775007137669161
21,0,0,569750778180.94666,4.9410162245981609e-07,1,1417515973225.145,1.9962405780811628e-06,-1.3196444935069946
21,0,1,268807981878.41904,7.1569349524340582e-07,0,1417515973225.145,1.9962405780811628e-06,2.4940111831315508
21,0,2,640903384660.75024,-4.7957493262146039e-07,0,1417515973225.145,1.9962405780811628e-06,6.1619140150007112
21,1,0,268807981878.41904,7.1569349524340582e-07,0,1417515973225.145,1.9962405780811628e-06,3.7171134819031364
21,1,1,126823400491.43416,1.0366636251541149e-06,1,1417515973225.145,1.9962405780811628e-06,-5.8507738327289971
21,1,2,302377727257.77686,-6.9465195853892916e-07,0,1417515973225.145,1.9962405780811628e-06,2.51386503433443
21,2,0,640903384660.75024,-4.7957493262146039e-07,0,1417515973225.145,1.9962405780811628e-06,6.4084616131080114
21,2,1,302377727257.77686,-6.9465195853892916e-07,0,1417515973225.145,1.9962405780811628e-06,2.2656434143375503
21,2,2,720941794552.7644,4.6547533046723175e-07,1,1417515973225.145,1.9962405780811628e-06,-0.92006862877404316
22,0,0,485452699226.9234,7.2971204009037455e-08,1,1632619233536.907,6.4690007974870796e-07,-2.5807096081172163
22,0,1,-490422333758.76691,1.4833391079408397e-07,0,1632619233536.907,6.4690007974870796e-07,-3.6214200813905268
22,0,2,562477577414.58569,1.4098699226102296e-07,0,1632619233536.907,6.4690007974870796e-07,5.5960761843716718
22,1,0,-490422333758.76691,1.4833391079408397e-07,0,1632619233536.907,6.4690007974870796e-07,-3.5450472978758323
22,1,1,495442843004.91193,3.0152920443442594e-07,1,1632619233536.907,6.4690007974870796e-07,-4.6805136638700073
22,1,2,-568235724390.71472,2.8659458504457049e-07,0,1632619233536.907,6.4690007974870796e-07,-3.9595426360711863
22,2,0,562477577414.58569,1.4098699226102296e-07,0,1632619233536.907,6.4690007974870796e-07,6.7708599134900851
22,2,1,-568235724390.71472,2.8659458504457049e-07,0,1632619233536.907,6.4690007974870796e-07,-4.3849862605558485
22,2,2,651723691305.07178,2.7239967130524458e-07,1,1632619233536.907,6.4690007974870796e-07,-1.3787607959927877
23,0,0,361117241806.14941,6.5494044555818289e-07,1,916290740996.6665,1.388708013133321e-06,-0.45644151464306171
23,0,1,443821103146.24268,-1.4469384309615372e-07,0,916290740996.6665,1.388708013133321e-06,4.1352758186076857
23,0,2,59207695053.939667,-6.779658910401546e-07,0,916290740996.6665,1.388708013133321e-06,0.5897656514624694
23,1,0,443821103146.24268,-1.4469384309615372e-07,0,916290740996.6665,1.388708013133321e-06,3.815843678813426
23,1,1,545465983880.34503,3.1966735864191541e-08,1,916290740996.6665,1.388708013133321e-06,-0.22048691087150041
23,1,2,72767571003.136642,1.4978077919604292e-07,0,916290740996.6665,1.388708013133321e-06,-0.19822476222770036
23,2,0,59207695053.939667,-6.779658910401546e-07,0,916290740996.6665,1.388708013133321e-06,-0.94190500479658945
23,2,1,72767571003.136642,1.4978077919604292e-07,0,916290740996.6665,1.388708013133321e-06,-0.55129662169105464
23,2,2,9707515310.1720905,7.0180083171094656e-07,1,916290740996.6665,1.388708013133321e-06,-4.6244132141433649
24,0,0,39264713078.312935,1.0108242248961008e-06,1,2170050605038.293,1.455289057519788e-06,-7.9362230998180054
24,0,1,160759652366.36063,-6.5833804932549895e-07,0,2170050605038.293,1.455289057519788e-06,1.6147828795601153
24,0,2,240460040027.80295,1.2596361673400202e-07,0,2170050605038.293,1.455289057519788e-06,1.6490586524783857
24,1,0,160759652366.36063,-6.5833804932549895e-07,0,2170050605038.293,1.455289057519788e-06,0.52916592749138414
24,1,1,658190619587.82886,4.2876790693678892e-07,1,2170050605038.293,1.455289057519788e-06,-3.9485454951709307
24,1,2,984504136469.0824,-8.203863706884491e-08,0,2170050605038.293,1.455289057519788e-06,8.0237907804113178
24,2,0,240460040027.80295,1.2596361673400202e-07,0,2170050605038.293,1.455289057519788e-06,2.2919477840453411
24,2,1,984504136469.0824,-8.203863706884491e-08,0,2170050605038.293,1.455289057519788e-06,9.3961190043333556
24,2,2,1472595272372.1511,1.569692568689819e-08,1,2170050605038.293,1.455289057519788e-06,2.8429054057667567
25,0,0,191815.66903279052,7.2058571953680989e-07,1,478327316013.75964,2.0757857403452261e-06,-2.1606585029165384
25,0,1,148500631.93771508,7.040580272376666e-07,0,478327316013.75964,2.0757857403452261e-06,1.4024776485511996
25,0,2,-264004165.98736981,6.9342633090526457e-07,0,478327316013.75964,2.0757857403452261e-06,0.29685361881993194
25,1,0,148500631.93771508,7.040580272376666e-07,0,478327316013.75964,2.0757857403452261e-06,0.8317276392368198
25,1,1,114966820995.89531,6.8790942184703272e-07,1,478327316013.75964,2.0757857403452261e-06,-1.566392013464194
25,1,2,-204387815036.1734,6.7752157909212426e-07,0,478327316013.75964,2.0757857403452261e-06,-1.2978133150747313
25,2,0,-264004165.98736981,6.9342633090526457e-07,0,478327316013.75964,2.0757857403452261e-06,0.24802639959329892
25,2,1,-204387815036.1734,6.7752157909212426e-07,0,478327316013.75964,2.0757857403452261e-06,-1.7769204932884142
25,2,2,363360303202.19531,6.6729059896138371e-07,1,478327316013.75964,2.0757857403452261e-06,0.91207606086199944
26,0,0,1576792593793.6794,6.3574036662965034e-08,1,2952541622618.5039,9.6640477174595822e-07,0.90915254468563844
26,0,1,899748675546.32898,-2.0172327433377656e-07,0,2952541622618.5039,9.6640477174595822e-07,7.9446271748424593
26,0,2,1166071696090.1062,1.2924517339025779e-07,0,2952541622618.5039,9.6640477174595822e-07,10.890217294225172
26,1,0,899748675546.32898,-2.0172327433377656e-07,0,2952541622618.5039,9.6640477174595822e-07,7.1058752291084888
26,1,1,513414181632.88324,6.4007701168432031e-07,1,2952541622618.5039,9.6640477174595822e-07,-9.132725703752401
26,1,2,665383302964.96606,-4.101007413818597e-07,0,2952541622618.5039,9.6640477174595822e-07,5.9643006953615494
26,2,0,1166071696090.1062,1.2924517339025779e-07,0,2952541622618.5039,9.6640477174595822e-07,11.065809437905758
26,2,1,665383302964.96606,-4.101007413818597e-07,0,2952541622618.5039,9.6640477174595822e-07,5.612697354223056
26,2,2,862334847191.94104,2.6275372339867284e-07,1,2952541622618.5039,9.6640477174595822e-07,-4.778122966302325
27,0,0,249680559673.75769,5.0421390672167961e-07,1,1162195528887.376,7.3735680137777883e-07,-2.2608482951638704
27,0,1,391509084270.72681,-3.0034167784591301e-07,0,1162195528887.376,7.3735680137777883e-07,5.770101914716939
27,0,2,-273052898093.82156,1.6537462407411424e-07,0,1162195528887.376,7.3735680137777883e-07,-2.4724200476561506
27,1,0,391509084270.72681,-3.0034167784591301e-07,0,1162195528887.376,7.3735680137777883e-07,2.2799481662024621
27,1,1,613901872323.51538,1.7890249009155238e-07,1,1162195528887.376,7.3735680137777883e-07,-0.31091815999854999
27,1,2,-428157843886.05731,-9.8507580622866997e-08,0,1162195528887.376,7.3735680137777883e-07,-4.4107982237302155
27,2,0,-273052898093.82156,1.6537462407411424e-07,0,1162195528887.376,7.3735680137777883e-07,-1.844109271534212
27,2,1,-428157843886.05731,-9.8507580622866997e-08,0,1162195528887.376,7.3735680137777883e-07,-5.9357823977177455
27,2,2,298613096890.10284,5.4240404564546881e-08,1,1162195528887.376,7.3735680137777883e-07,-1.9364692671697901
28,0,0,105963249992.89198,8.4793230162169236e-07,1,130627217208.17358,3.7761741908724212e-06,-0.6169429092804446
28,0,1,44130220440.580704,-1.1448332222345308e-06,0,130627217208.17358,3.7761741908724212e-06,-0.75439908899408414
28,0,2,25806932551.450756,1.0827316279325753e-06,0,130627217208.17358,3.7761741908724212e-06,0.088150295584311422
28,1,0,44130220440.580704,-1.1448332222345308e-06,0,130627217208.17358,3.7761741908724212e-06,-0.62865025631949456
28,1,1,18378790347.265526,1.5456930986415542e-06,1,130627217208.17358,3.7761741908724212e-06,-0.67997343943799593
28,1,2,10747741528.002537,-1.4618468196701829e-06,0,130627217208.17358,3.7761741908724212e-06,-1.1849099806335948
28,2,0,25806932551.450756,1.0827316279325753e-06,0,130627217208.17358,3.7761741908724212e-06,1.4048538911887396
28,2,1,10747741528.002537,-1.4618468196701829e-06,0,130627217208.17358,3.7761741908724212e-06,-1.6327490762374901
28,2,2,6285176868.0160694,1.3825487906091745e-06,1,130627217208.17358,3.7761741908724212e-06,-1.4785514056096947
29,0,0,574209023939.07458,9.3237994610917053e-07,1,1822299473330.7974,2.0211262217239156e-06,-2.7037796126459819
29,0,1,-768321146122.85657,-4.514728268771998e-07,0,1822299473330.7974,2.0211262217239156e-06,-7.0683939954024506
29,0,2,-355453815781.12531,9.0072053400360864e-07,0,1822299473330.7974,2.0211262217239156e-06,-2.247374197527316
29,1,0,-768321146122.85657,-4.514728268771998e-07,0,1822299473330.7974,2.0211262217239156e-06,-6.1574342004130216
29,1,1,1028053128684.6764,2.1861014306352772e-07,1,1822299473330.7974,2.0211262217239156e-06,-0.21734750424131244
29,1,2,475615449686.26959,-4.3614284864223822e-07,0,1822299473330.7974,2.0211262217239156e-06,3.0450825498667502
29,2,0,-355453815781.12531,9.0072053400360864e-07,0,1822299473330.7974,2.0211262217239156e-06,-1.2633399003977206
29,2,1,475615449686.26959,-4.3614284864223822e-07,0,1822299473330.7974,2.0211262217239156e-06,2.4440759789819824
29,2,2,220037320707.04626,8.701361325512172e-07,1,1822299473330.7974,2.0211262217239156e-06,-7.040081482802206
30,0,0,1095195114807.574,9.6800888652714998e-08,1,1772806864880.8271,9.4946173040988746e-07,2.0575733295402627
30,0,1,-566652046243.56018,2.3200131700386673e-07,0,1772806864880.8271,9.4946173040988746e-07,-4.6065690374201322
30,0,2,648862494604.5376,-1.6945122044393082e-07,0,1772806864880.8271,9.4946173040988746e-07,5.7078705698668495
30,1,0,-566652046243.56018,2.3200131700386673e-07,0,1772806864880.8271,9.4946173040988746e-07,-4.9194609697010261
30,1,1,293184782483.64929,5.5603426622074743e-07,1,1772806864880.8271,9.4946173040988746e-07,-5.1686335478655083
30,1,2,-335720325380.52692,-4.0612133688094896e-07,0,1772806864880.8271,9.4946173040988746e-07,-3.3838518513425475
30,2,0,648862494604.5376,-1.6945122044393082e-07,0,1772806864880.8271,9.4946173040988746e-07,6.8684415907619147
30,2,1,-335720325380.52692,-4.0612133688094896e-07,0,1772806864880.8271,9.4946173040988746e-07,-3.676900104229031
30,2,2,384426967589.60376,2.9662657553642506e-07,1,1772806864880.8271,9.4946173040988746e-07,-4.6859602438124108
31,0,0,957371204491.70251,1.8644378877350294e-08,1,1901299054586.5017,1.1579620230707081e-06,0.73188485607860876
31,0,1,353048549308.03247,-1.2726398341508406e-07,0,1901299054586.5017,1.1579620230707081e-06,3.0507130241928722
31,0,2,-882635861853.58167,-7.1033431180792247e-08,0,1901299054586.5017,1.1579620230707081e-06,-5.7994027278264877
31,1,0,353048549308.03247,-1.2726398341508406e-07,0,1901299054586.5017,1.1579620230707081e-06,2.9250387515287066
31,1,1,130193260026.74496,8.6868656667078817e-07,1,1901299054586.5017,1.1579620230707081e-06,-6.201756150261506
31,1,2,-325488493003.18884,4.848644981512845e-07,0,1901299054586.5017,1.1579620230707081e-06,-4.0811256492113088
31,2,0,-882635861853.58167,-7.1033431180792247e-08,0,1901299054586.5017,1.1579620230707081e-06,-7.7287563084127822
31,2,1,-325488493003.18884,4.848644981512845e-07,0,1901299054586.5017,1.1579620230707081e-06,-4.0132628227056664
31,2,2,813734590068.05432,2.706310775225697e-07,1,1901299054586.5017,1.1579620230707081e-06,-0.93574452598829605
32,0,0,212592946484.76904,5.8587850751211108e-07,1,2309617466813.667,7.0867263655674167e-07,-8.9139636955712298
32,0,1,-534695595566.28351,-4.6497778623893366e-08,0,2309617466813.667,7.0867263655674167e-07,-4.5020238445167333
32,0,2,399891537431.77325,-2.6415979565210367e-07,0,2309617466813.667,7.0867263655674167e-07,3.0684654290664608
32,1,0,-534695595566.28351,-4.6497778623893366e-08,0,2309617466813.667,7.0867263655674167e-07,-5.8698228614686769
32,1,1,1344820628554.8872,3.6902589687707598e-09,1,2309617466813.667,7.0867263655674167e-07,0.41800721329391521
32,1,2,-1005772991552.7448,2.0964830663822429e-08,0,2309617466813.667,7.0867263655674167e-07,-9.3777833714373422
32,2,0,399891537431.77325,-2.6415979565210367e-07,0,2309617466813.667,7.0867263655674167e-07,4.9462550706224544
32,2,1,-1005772991552.7448,2.0964830663822429e-08,0,2309617466813.667,7.0867263655674167e-07,-9.1694607247742059
32,2,2,752203891774.01086,1.1910387007585988e-07,1,2309617466813.667,7.0867263655674167e-07,-3.1850073411040389
33,0,0,3643007.7729062601,1.0487061970528012e-06,1,1335954464540.668,1.7071318371292186e-06,-5.7944986960807503
33,0,1,-1077984466.6875577,-7.1931954729796587e-07,0,1335954464540.668,1.7071318371292186e-06,0.24966798982080329
33,0,2,1924793162.0424004,-4.1602216037327306e-07,0,1335954464540.668,1.7071318371292186e-06,-2.0099404380754269
33,1,0,-1077984466.6875577,-7.1931954729796587e-07,0,1335954464540.668,1.7071318371292186e-06,-0.96440946178885856
33,1,1,318981068078.42914,4.9338948561481525e-07,1,1335954464540.668,1.7071318371292186e-06,-2.7989519102205627
33,1,2,-569556053571.86951,2.8535434701026899e-07,0,1335954464540.668,1.7071318371292186e-06,-4.9720981500883683
33,2,0,1924793162.0424004,-4.1602216037327306e-07,0,1335954464540.668,1.7071318371292186e-06,-0.39427427481488775
33,2,1,-569556053571.86951,2.8535434701026899e-07,0,1335954464540.668,1.7071318371292186e-06,-5.2279652052213006
33,2,2,1016969753454.4658,1.6503615446160204e-07,1,1335954464540.668,1.7071318371292186e-06,3.2523879903458348
34,0,0,1124933822223.0146,7.1822643890869904e-10,1,3594578596801.7827,1.2857876991432001e-07,-5.818217344708593
34,0,1,-1178760945246.7617,-5.9838409077464356e-10,0,3594578596801.7827,1.2857876991432001e-07,-10.39546777648515
34,0,2,-1178435220858.9785,-9.5642437911830409e-09,0,3594578596801.7827,1.2857876991432001e-07,-9.8445286100359422
34,1,0,-1178760945246.7617,-5.9838409077464356e-10,0,3594578596801.7827,1.2857876991432001e-07,-9.8792583965901883
34,1,1,1235163650154.3286,4.9853848409737244e-10,1,3594578596801.7827,1.2857876991432001e-07,-4.8984719907707328
34,1,2,1234822340132.6648,7.9683662629156071e-09,0,3594578596801.7827,1.2857876991432001e-07,12.420835562939121
34,2,0,-1178435220858.9785,-9.5642437911830409e-09,0,3594578596801.7827,1.2857876991432001e-07,-10.497441373006419
34,2,1,1234822340132.6648,7.9683662629156071e-09,0,3594578596801.7827,1.2857876991432001e-07,11.205737682285575
34,2,2,1234481124424.4395,1.2736200499131393e-07,1,3594578596801.7827,1.2857876991432001e-07,-5.3302601927925553
35,0,0,197831321692.43512,6.9093028087050896e-07,1,974925791540.76514,1.4539267705788122e-06,-2.4995226934703343
35,0,1,304631921221.89368,2.8646382576079673e-07,0,974925791540.76514,1.4539267705788122e-06,4.4312602630111275
35,0,2,246846143625.2049,6.6717003489954367e-07,0,974925791540.76514,1.4539267705788122e-06,2.1193564841200461
35,1,0,304631921221.89368,2.8646382576079673e-07,0,974925791540.76514,1.4539267705788122e-06,1.8498898239403712
35,1,1,469089558890.06049,1.1876961502703583e-07,1,974925791540.76514,1.4539267705788122e-06,-0.04017002942779635
35,1,2,380107731856.8869,2.7661268571047963e-07,0,974925791540.76514,1.4539267705788122e-06,3.4431425244174982
35,2,0,246846143625.2049,6.6717003489954367e-07,0,974925791540.76514,1.4539267705788122e-06,2.8056135462743779
35,2,1,380107731856.8869,2.7661268571047963e-07,0,974925791540.76514,1.4539267705788122e-06,3.5423964840043811
35,2,2,308004910958.26959,6.4422687468126742e-07,1,974925791540.76514,1.4539267705788122e-06,-1.6058629598537175
36,0,0,846338447289.25427,1.3681301485740641e-08,1,1762511334840.5483,7.9693739261179681e-07,-0.085323527760575502
36,0,1,842596417500.05896,-3.7294045963415573e-08,0,1762511334840.5483,7.9693739261179681e-07,6.6347105909206796
36,0,2,255780406432.43399,-9.6566644649780414e-08,0,1762511334840.5483,7.9693739261179681e-07,1.2486040946489363
36,1,0,842596417500.05896,-3.7294045963415573e-08,0,1762511334840.5483,7.9693739261179681e-07,7.5112684776487733
36,1,1,838870932849.49963,1.0166034757518974e-07,1,1762511334840.5483,7.9693739261179681e-07,-1.5889283193147112
36,1,2,254649490185.5965,2.6323233121170921e-07,0,1762511334840.5483,7.9693739261179681e-07,1.149357248375759
36,2,0,255780406432.43399,-9.6566644649780414e-08,0,1762511334840.5483,7.9693739261179681e-07,3.920677216525319
36,2,1,254649490185.5965,2.6323233121170921e-07,0,1762511334840.5483,7.9693739261179681e-07,3.1894626017263068
36,2,2,77301954701.794617,6.8159574355086637e-07,1,1762511334840.5483,7.9693739261179681e-07,-6.8991157819132143
37,0,0,1230017399699.4812,9.901976128373006e-08,1,2898627413915.4316,8.8600699927678458e-07,-1.4438762159179352
37,0,1,270984223856.18951,-2.7627356331776619e-07,0,2898627413915.4316,8.8600699927678458e-07,1.1923710181817122
37,0,2,-1406764692910.4656,-4.0002583055579649e-08,0,2898627413915.4316,8.8600699927678458e-07,-12.780302154193333
37,1,0,270984223856.18951,-2.7627356331776619e-07,0,2898627413915.4316,8.8600699927678458e-07,2.7708265434367196
37,1,1,59700333992.740677,7.7082676022202319e-07,1,2898627413915.4316,8.8600699927678458e-07,-11.500821366239409
37,1,2,-309923289337.02161,1.1161061205765383e-07,0,2898627413915.4316,8.8600699927678458e-07,-2.1640945623123722
37,2,0,-1406764692910.4656,-4.0002583055579649e-08,0,2898627413915.4316,8.8600699927678458e-07,-14.846360744224242
37,2,1,-309923289337.02161,1.1161061205765383e-07,0,2898627413915.4316,8.8600699927678458e-07,-3.5822419016276541
37,2,2,1608909680223.2097,1.6160477771031328e-08,1,2898627413915.4316,8.8600699927678458e-07,1.3682225697928843
38,0,0,900655876983.01306,6.5513941422694373e-08,1,1889797013428.1055,9.6353653093853402e-07,-0.9447923966810079
38,0,1,748405811080.42114,1.0795020965878209e-07,0,1889797013428.1055,9.6353653093853402e-07,9.1218535920757624
38,0,2,575121308634.95728,2.1720900432629865e-07,0,1889797013428.1055,9.6353653093853402e-07,6.1250979808274204
38,1,0,748405811080.42114,1.0795020965878209e-07,0,1889797013428.1055,9.6353653093853402e-07,7.2416637718235766
38,1,1,621892636658.50391,1.7787431976025584e-07,1,1889797013428.1055,9.6353653093853402e-07,-3.7813490888623447
38,1,2,477900761498.8299,3.5790485273225857e-07,0,1889797013428.1055,9.6353653093853402e-07,4.4823461817090422
38,2,0,575121308634.95728,2.1720900432629865e-07,0,1889797013428.1055,9.6353653093853402e-07,5.4888832469244253
38,2,1,477900761498.8299,3.5790485273225857e-07,0,1889797013428.1055,9.6353653093853402e-07,5.5960669683463422
38,2,2,367248499786.5885,7.2014826975558385e-07,1,1889797013428.1055,9.6353653093853402e-07,-4.3802725136607057
39,0,0,122326997965.2681,4.5778932418889746e-07,1,1686164975015.3413,1.1327507957396301e-06,-5.824236204247855
39,0,1,-279763450787.32172,5.5410014952363453e-07,0,1686164975015.3413,1.1327507957396301e-06,-2.9124735544197664
39,0,2,336202344786.86066,4.4307789525539552e-08,0,1686164975015.3413,1.1327507957396301e-06,4.3228956254034756
39,1,0,-279763450787.32172,5.5410014952363453e-07,0,1686164975015.3413,1.1327507957396301e-06,-3.3455093961295397
39,1,1,639822685901.70447,6.7067307925124464e-07,1,1686164975015.3413,1.1327507957396301e-06,-2.0427497373571675
39,1,2,-768899177653.86829,5.3629369458674275e-08,0,1686164975015.3413,1.1327507957396301e-06,-6.3526666414882165
39,2,0,336202344786.86066,4.4307789525539552e-08,0,1686164975015.3413,1.1327507957396301e-06,2.8728501484493787
39,2,1,-768899177653.86829,5.3629369458674275e-08,0,1686164975015.3413,1.1327507957396301e-06,-7.7284984152047702
39,2,2,924015291148.3689,4.2883922994880631e-09,1,1686164975015.3413,1.1327507957396301e-06,-0.23843789737002347
40,0,0,840040131458.87024,2.7396998944980789e-10,1,2677738462498.8716,9.612466185343678e-07,-5.7637309503040335
40,0,1,1236196534755.8748,-2.3504721235859446e-09,0,2677738462498.8716,9.612466185343678e-07,11.448024035948178
40,0,2,124733616343.61766,1.6054686143916066e-08,0,2677738462498.8716,9.612466185343678e-07,2.2873539687467508
40,1,0,1236196534755.8748,-2.3504721235859446e-09,0,2677738462498.8716,9.612466185343678e-07,10.848184316511
40,1,1,1819177221793.5457,2.0165417441704008e-08,1,2677738462498.8716,9.612466185343678e-07,3.6426282142651831
40,1,2,183557021286.30807,-1.3773805047034028e-07,0,2677738462498.8716,9.612466185343678e-07,0.10576590583548784
40,2,0,124733616343.61766,1.6054686143916066e-08,0,2677738462498.8716,9.612466185343678e-07,1.964893102553519
40,2,1,183557021286.30807,-1.3773805047034028e-07,0,2677738462498.8716,9.612466185343678e-07,3.6330649286327086
40,2,2,18521109246.455769,9.4080723110321407e-07,1,2677738462498.8716,9.612466185343678e-07,-12.434997122724894
41,0,0,453774281299.02386,3.3759050195756314e-07,1,1193503139773.3984,1.0896356159101018e-06,-2.0935421876920124
41,0,1,375088391991.41138,-2.3917073623890131e-07,0,1193503139773.3984,1.0896356159101018e-06,2.4860711830253619
41,0,2,441563845104.7074,4.4348691800425433e-07,0,1193503139773.3984,1.0896356159101018e-06,3.7386653954126343
41,1,0,375088391991.41138,-2.3917073623890131e-07,0,1193503139773.3984,1.0896356159101018e-06,3.34635808623388
41,1,1,310046883670.76324,1.6944386984041624e-07,1,1193503139773.3984,1.0896356159101018e-06,-1.8549830602227406
41,1,2,364995283883.72241,-3.1419454065307859e-07,0,1193503139773.3984,1.0896356159101018e-06,3.9474339325408869
41,2,0,441563845104.7074,4.4348691800425433e-07,0,1193503139773.3984,1.0896356159101018e-06,4.7522908443025926
41,2,1,364995283883.72241,-3.1419454065307859e-07,0,1193503139773.3984,1.0896356159101018e-06,2.2884340390749798
41,2,2,429681974803.61139,5.8260124411212249e-07,1,1193503139773.3984,1.0896356159101018e-06,-2.1411035023533884
42,0,0,165349674788.68597,1.3787831466789114e-06,1,872426240327.59302,2.4942694621753472e-06,-2.7900005608587248
42,0,1,-97760667568.278122,9.0605034022835972e-07,0,872426240327.59302,2.4942694621753472e-06,1.3238747009643093
42,0,2,-327654897779.91095,-8.4680960854817548e-07,0,872426240327.59302,2.4942694621753472e-06,-3.6322424742836077
42,1,0,-97760667568.278122,9.0605034022835972e-07,0,872426240327.59302,2.4942694621753472e-06,-0.56841241565528333
42,1,1,57799618509.133781,5.953998067102154e-07,1,872426240327.59302,2.4942694621753472e-06,-3.9809161307576733
42,1,2,193721345868.48181,-5.5647049050592641e-07,0,872426240327.59302,2.4942694621753472e-06,2.0620061698536807
42,2,0,-327654897779.91095,-8.4680960854817548e-07,0,872426240327.59302,2.4942694621753472e-06,-4.7936450737297749
42,2,1,193721345868.48181,-5.5647049050592641e-07,0,872426240327.59302,2.4942694621753472e-06,2.6272124105481964
42,2,2,649276947029.77332,5.200865087862203e-07,1,872426240327.59302,2.4942694621753472e-06,1.4046037188537754
43,0,0,1143280944373.2949,7.7203601462980139e-08,1,2206159807409.3647,2.05572144568397e-06,-0.53539112051668092
43,0,1,-1057333588083.4537,1.8939761017602705e-07,0,2206159807409.3647,2.05572144568397e-06,-8.7908472337198127
43,0,2,311792934167.63239,3.4187314663810841e-07,0,2206159807409.3647,2.05572144568397e-06,3.2354067446825736
43,1,0,-1057333588083.4537,1.8939761017602705e-07,0,2206159807409.3647,2.05572144568397e-06,-9.5374050737530336
43,1,1,977847415363.20496,4.6463447378929619e-07,1,2206159807409.3647,2.05572144568397e-06,-1.7107750976002105
43,1,2,-288353569999.57996,8.3869088656005806e-07,0,2206159807409.3647,2.05572144568397e-06,-2.7176626838027684
43,2,0,311792934167.63239,3.4187314663810841e-07,0,2206159807409.3647,2.05572144568397e-06,3.6419964694225575
43,2,1,-288353569999.57996,8.3869088656005806e-07,0,2206159807409.3647,2.05572144568397e-06,-2.3950902072691593
43,2,2,85031447672.865021,1.5138833704316936e-06,1,2206159807409.3647,2.05572144568397e-06,-9.2180094637487517
44,0,0,318953951690.92517,4.8679002711284869e-07,1,691403565956.14783,2.3815341218013639e-06,-0.69366882990396483
44,0,1,-96659180971.877609,6.9086939958404572e-07,0,691403565956.14783,2.3815341218013639e-06,0.95472751578322668
44,0,2,-330834216805.78839,-6.6711468425130053e-07,0,691403565956.14783,2.3815341218013639e-06,-3.5049574892727065
44,1,0,-96659180971.877609,6.9086939958404572e-07,0,691403565956.14783,2.3815341218013639e-06,-0.88286508821452003
44,1,1,29292621134.250122,9.8050596909819412e-07,1,691403565956.14783,2.3815341218013639e-06,-2.7230508449762119
44,1,2,100259502239.70819,-9.4679244785668542e-07,0,691403565956.14783,2.3815341218013639e-06,1.9887851048642147
44,2,0,-330834216805.78839,-6.6711468425130053e-07,0,691403565956.14783,2.3815341218013639e-06,-4.8078836987177596
44,2,1,100259502239.70819,-9.4679244785668542e-07,0,691403565956.14783,2.3815341218013639e-06,0.50024675213553493
44,2,2,343156993130.9726,9.1423812559032128e-07,1,691403565956.14783,2.3815341218013639e-06,-0.11584164096637539
45,0,0,373175495453.8363,1.0961664157249361e-06,1,2316837485411.9365,1.831746803558174e-06,-6.0852211172248953
45,0,1,613603359746.12366,7.0179188670099832e-07,0,2316837485411.9365,1.831746803558174e-06,6.9312501231504715
45,0,2,590608112885.07764,5.6018449190366919e-07,0,2316837485411.9365,1.831746803558174e-06,5.501702735068335
45,1,0,613603359746.12366,7.0179188670099832e-07,0,2316837485411.9365,1.831746803558174e-06,4.3934451152961245
45,1,1,1008933029307.9412,4.493039060256468e-07,1,2316837485411.9365,1.831746803558174e-06,-1.2040654059895959
45,1,2,971122506098.2926,3.5864347405108418e-07,0,2316837485411.9365,1.831746803558174e-06,8.0839698536356046
45,2,0,590608112885.07764,5.6018449190366919e-07,0,2316837485411.9365,1.831746803558174e-06,4.7961653439440255
45,2,1,971122506098.2926,3.5864347405108418e-07,0,2316837485411.9365,1.831746803558174e-06,9.9833341877511987
45,2,2,934728960650.1593,2.8627648180759106e-07,1,2316837485411.9365,1.831746803558174e-06,-3.0444771867021316
46,0,0,472889268564.50818,3.8456015165094738e-07,1,1720179569727.4844,1.4598579851550019e-06,-2.8288779322815483
46,0,1,582618303175.10681,-3.7711596318360598e-07,0,1720179569727.4844,1.4598579851550019e-06,5.1769722925643045
46,0,2,500385962043.2254,-5.2086490401480838e-07,0,1720179569727.4844,1.4598579851550019e-06,4.3121639390765232
46,1,0,582618303175.10681,-3.7711596318360598e-07,0,1720179569727.4844,1.4598579851550019e-06,5.1498624769661863
46,1,1,717808818595.20593,3.6981587685919172e-07,1,1720179569727.4844,1.4598579851550019e-06,-2.5432469730823728
46,1,2,616495318287.17834,5.1078217314718242e-07,0,1720179569727.4844,1.4598579851550019e-06,4.1639160391707577
46,2,0,500385962043.2254,-5.2086490401480838e-07,0,1720179569727.4844,1.4598579851550019e-06,4.2160241823064259
46,2,1,616495318287.17834,5.1078217314718242e-07,0,1720179569727.4844,1.4598579851550019e-06,6.4088189694033346
46,2,2,529481482567.7702,7.0548195664486274e-07,1,1720179569727.4844,1.4598579851550019e-06,-2.8956061690430293
47,0,0,1246499395064.666,3.0900000217110027e-07,1,3042412679977.5869,8.8477561327066931e-07,-3.05036958714898
47,0,1,-1271324900170.8889,-2.9532706500086258e-07,0,3042412679977.5869,8.8477561327066931e-07,-11.473375708590867
47,0,2,-788883908720.43506,-3.011587451126228e-07,0,3042412679977.5869,8.8477561327066931e-07,-7.3005849831556269
47,1,0,-1271324900170.8889,-2.9532706500086258e-07,0,3042412679977.5869,8.8477561327066931e-07,-12.399247262430354
47,1,1,1296644834481.1851,2.822591414537566e-07,1,3042412679977.5869,8.8477561327066931e-07,-1.4987279932549367
47,1,2,804595461876.17517,2.8783277562634281e-07,0,3042412679977.5869,8.8477561327066931e-07,5.6960928164700757
47,2,0,-788883908720.43506,-3.011587451126228e-07,0,3042412679977.5869,8.8477561327066931e-07,-6.6779028058986318
47,2,1,804595461876.17517,2.8783277562634281e-07,0,3042412679977.5869,8.8477561327066931e-07,7.7209514959175705
47,2,2,499268450431.73566,2.9351646964581238e-07,1,3042412679977.5869,8.8477561327066931e-07,-8.542698636427037
48,0,0,868294331718.41077,2.0839326630249579e-07,1,1509589777804.4268,1.5640457540328731e-06,-0.078050744810285844
48,0,1,295921113936.45483,-4.0394121862894449e-07,0,1509589777804.4268,1.5640457540328731e-06,2.3948301928185196
48,0,2,-685028390010.16956,3.4545671477306772e-07,0,1509589777804.4268,1.5640457540328731e-06,-3.7748422635926806
48,1,0,295921113936.45483,-4.0394121862894449e-07,0,1509589777804.4268,1.5640457540328731e-06,2.926657144240886
48,1,1,100852098734.86903,7.8298359156474613e-07,1,1509589777804.4268,1.5640457540328731e-06,-5.728044870832246
48,1,2,-233462728990.43433,-6.6961955549191101e-07,0,1509589777804.4268,1.5640457540328731e-06,-2.0836653265759981
48,2,0,-685028390010.16956,3.4545671477306772e-07,0,1509589777804.4268,1.5640457540328731e-06,-5.710337645354544
48,2,1,-233462728990.43433,-6.6961955549191101e-07,0,1509589777804.4268,1.5640457540328731e-06,-0.50202609656934971
48,2,2,540443347351.14679,5.7266889616563112e-07,1,1509589777804.4268,1.5640457540328731e-06,-1.4565745706825513
49,0,0,189144869674.12506,4.8077258091857322e-07,1,371652101572.4281,1.9398141288028594e-06,-0.41320995249490122
49,0,1,166081341677.87375,-7.2204694090607141e-07,0,371652101572.4281,1.9398141288028594e-06,1.1352492399529992
49,0,2,83290422849.612198,4.2440003036279662e-07,0,371652101572.4281,1.9398141288028594e-06,0.71240226472000456
49,1,0,166081341677.87375,-7.2204694090607141e-07,0,371652101572.4281,1.9398141288028594e-06,2.043514073144169
49,1,1,145830083052.45081,1.0844041560683661e-06,1,371652101572.4281,1.9398141288028594e-06,-1.1185750499078781
49,1,2,73134339829.643143,-6.3738398528971275e-07,0,371652101572.4281,1.9398141288028594e-06,-1.3963181768798436
49,2,0,83290422849.612198,4.2440003036279662e-07,0,371652101572.4281,1.9398141288028594e-06,2.4293057645579346
49,2,1,73134339829.643143,-6.3738398528971275e-07,0,371652101572.4281,1.9398141288028594e-06,2.2020616392105894
49,2,2,36677148845.852211,3.7463739181592014e-07,1,371652101572.4281,1.9398141288028594e-06,-1.5048499216861393
50,0,0,179869945400.29068,3.6122529179810867e-07,1,1546412592180.4133,1.1923902011147879e-06,-5.3701265335504402
50,0,1,291196617000.36072,-4.6442513079712566e-07,0,1546412592180.4133,1.1923902011147879e-06,2.832135528598088
50,0,2,401253637380.46619,2.9076981408725833e-07,0,1546412592180.4133,1.1923902011147879e-06,3.1834268967339625
50,1,0,291196617000.36072,-4.6442513079712566e-07,0,1546412592180.4133,1.1923902011147879e-06,2.3711120087262509
50,1,1,471426560806.18195,5.9710852759578729e-07,1,1546412592180.4133,1.1923902011147879e-06,-2.6475563331918135
50,1,2,649601029812.1344,-3.7384095744548834e-07,0,1546412592180.4133,1.1923902011147879e-06,6.0540480341779492
50,2,0,401253637380.46619,2.9076981408725833e-07,0,1546412592180.4133,1.1923902011147879e-06,2.337796248694695
50,2,1,649601029812.1344,-3.7384095744548834e-07,0,1546412592180.4133,1.1923902011147879e-06,4.9685574475328051
50,2,2,895116085973.9408,2.3405638172089213e-07,1,1546412592180.4133,1.1923902011147879e-06,1.3134203770482511
51,0,0,349190954859.98505,8.9930205260799955e-07,1,1736409747855.9575,1.6511956646137346e-06,-4.9577169498361071
51,0,1,-507912638753.00458,-5.9910143245098164e-07,0,1736409747855.9575,1.6511956646137346e-06,-5.9160720752515363
51,0,2,475845569823.80261,-5.6325566331354552e-07,0,1736409747855.9575,1.6511956646137346e-06,5.660568539811619
51,1,0,-507912638753.00458,-5.9910143245098164e-07,0,1736409747855.9575,1.6511956646137346e-06,-4.9376510293872133
51,1,1,738779871055.02307,3.9911231751771646e-07,1,1736409747855.9575,1.6511956646137346e-06,-1.8375664210833518
51,1,2,-692136997377.39258,3.752324080087074e-07,0,1736409747855.9575,1.6511956646137346e-06,-7.4501290003366325
51,2,0,475845569823.80261,-5.6325566331354552e-07,0,1736409747855.9575,1.6511956646137346e-06,4.4419645958230625
51,2,1,-692136997377.39258,3.752324080087074e-07,0,1736409747855.9575,1.6511956646137346e-06,-5.1601147663175375
51,2,2,648438921940.94946,3.5278129448801845e-07,1,1736409747855.9575,1.6511956646137346e-06,-2.5066982622112159
52,0,0,980483209216.16833,2.3504337926731875e-07,1,1950631490277.5876,1.5059780867562236e-06,-1.0533082108257081
52,0,1,893419376014.03967,-2.2031720795627162e-07,0,1950631490277.5876,1.5059780867562236e-06,7.711725667395303
52,0,2,-391172492122.508,-5.0018508209928294e-07,0,1950631490277.5876,1.5059780867562236e-06,-4.6374014437399715
52,1,0,893419376014.03967,-2.2031720795627162e-07,0,1950631490277.5876,1.5059780867562236e-06,6.8413791117529765
52,1,1,814086538080.97632,2.0651367536050464e-07,1,1950631490277.5876,1.5059780867562236e-06,-1.9251959607118727
52,1,2,-356437601930.31256,4.688469894068402e-07,0,1950631490277.5876,1.5059780867562236e-06,-3.7895727372064218
52,2,0,-391172492122.508,-5.0018508209928294e-07,0,1950631490277.5876,1.5059780867562236e-06,-3.6325115523953464
52,2,1,-356437601930.31256,4.688469894068402e-07,0,1950631490277.5876,1.5059780867562236e-06,-2.2006118314934748
52,2,2,156061742980.44299,1.0644210321284002e-06,1,1950631490277.5876,1.5059780867562236e-06,-7.5247427064146244
53,0,0,206385160356.87189,9.3004798648626361e-07,1,418633077360.73138,2.9531334855207668e-06,-1.3135294960103332
53,0,1,-124524811111.56879,-9.8274311219605767e-07,0,418633077360.73138,2.9531334855207668e-06,-0.40361595444619058
53,0,2,168221258477.87994,-9.5696529210719265e-07,0,418633077360.73138,2.9531334855207668e-06,-0.14495103634401607
53,1,0,-124524811111.56879,-9.8274311219605767e-07,0,418633077360.73138,2.9531334855207668e-06,-2.5105806705988609
53,1,1,75133447363.942581,1.0384238647916876e-06,1,418633077360.73138,2.9531334855207668e-06,-1.4071067597613485
53,1,2,-101498191055.43509,1.0111855120315578e-06,0,418633077360.73138,2.9531334855207668e-06,0.47994381348689596
53,2,0,168221258477.87994,-9.5696529210719265e-07,0,418633077360.73138,2.9531334855207668e-06,0.48996315376306127
53,2,1,-101498191055.43509,1.0111855120315578e-06,0,418633077360.73138,2.9531334855207668e-06,0.34724970915589287
53,2,2,137114469639.91693,9.8466163424281558e-07,1,418633077360.73138,2.9531334855207668e-06,-1.2785344195826296
54,0,0,566694716782.97498,8.723012249821533e-08,1,1366984966263.5459,9.2147030685038556e-07,-1.9365718796625502
54,0,1,-673354316115.84229,1.8699526193520517e-07,0,1366984966263.5459,9.2147030685038556e-07,-4.4601245516676151
54,0,2,-10687433823.647442,-1.9443159590909483e-07,0,1366984966263.5459,9.2147030685038556e-07,2.0606711641177324
54,1,0,-673354316115.84229,1.8699526193520517e-07,0,1366984966263.5459,9.2147030685038556e-07,-4.2043425594911152
54,1,1,800088692560.50073,4.0086184662793981e-07,1,1366984966263.5459,9.2147030685038556e-07,1.0709814607717787
54,1,2,12698953211.013321,-4.1680311988837357e-07,0,1366984966263.5459,9.2147030685038556e-07,1.5363819525481714
54,2,0,-10687433823.647442,-1.9443159590909483e-07,0,1366984966263.5459,9.2147030685038556e-07,0.080849443971890006
54,2,1,12698953211.013321,-4.1680311988837357e-07,0,1366984966263.5459,9.2147030685038556e-07,-0.67627572864930008
54,2,2,201556920.07022235,4.3337833772423036e-07,1,1366984966263.5459,9.2147030685038556e-07,-5.7834025790723018
55,0,0,944500376538.01807,6.3303940227128264e-07,1,2028763816236.0312,1.2400813620583952e-06,-0.66721098271920865
55,0,1,-843425378201.12354,9.8697227802231896e-08,0,2028763816236.0312,1.2400813620583952e-06,-8.3216950484904952
55,0,2,-559214501302.91858,-6.119970070199495e-07,0,2028763816236.0312,1.2400813620583952e-06,-6.2722096220249028
55,1,0,-843425378201.12354,9.8697227802231896e-08,0,2028763816236.0312,1.2400813620583952e-06,-6.6283525891861563
55,1,1,753166844889.10242,1.538789329841934e-08,1,2028763816236.0312,1.2400813620583952e-06,-3.9175144734241596
55,1,2,499370581498.10236,-9.5416506143873835e-08,0,2028763816236.0312,1.2400813620583952e-06,4.9239950667056185
55,2,0,-559214501302.91858,-6.119970070199495e-07,0,2028763816236.0312,1.2400813620583952e-06,-6.9510401177782475
55,2,1,499370581498.10236,-9.5416506143873835e-08,0,2028763816236.0312,1.2400813620583952e-06,2.3143405461686526
55,2,2,331096594808.91083,5.9165406648869324e-07,1,2028763816236.0312,1.2400813620583952e-06,-7.2088148359476882
56,0,0,644701703394.80298,2.7841458737717871e-08,1,1219789430888.9287,1.4646018691856978e-06,0.9732470401877158
56,0,1,-608132111687.69653,-1.2789707866852919e-07,0,1219789430888.9287,1.4646018691856978e-06,-5.6723188524680364
56,0,2,30583856054.66016,1.5376554539795344e-07,0,1219789430888.9287,1.4646018691856978e-06,0.47352739908367814
56,1,0,-608132111687.69653,-1.2789707866852919e-07,0,1219789430888.9287,1.4646018691856978e-06,-4.1399290781603781
56,1,1,573636866970.18616,5.8752893970255966e-07,1,1219789430888.9287,1.4646018691856978e-06,0.13218220090425542
56,1,2,-28849039591.699883,-7.0636255957482774e-07,0,1219789430888.9287,1.4646018691856978e-06,-2.1499864989525372
56,2,0,30583856054.66016,1.5376554539795344e-07,0,1219789430888.9287,1.4646018691856978e-06,1.1998511670034027
56,2,1,-28849039591.699883,-7.0636255957482774e-07,0,1219789430888.9287,1.4646018691856978e-06,-0.64117000446849814
56,2,2,1450860523.9396565,8.4923147074542031e-07,1,1219789430888.9287,1.4646018691856978e-06,-5.5052704721793537
57,0,0,96010166532.175201,9.0770374987652478e-07,1,153214829767.45486,2.4059546734350435e-06,-0.048041567984932587
57,0,1,73415473939.988708,9.044879346340545e-07,0,153214829767.45486,2.4059546734350435e-06,2.5837689280873226
57,0,2,-10119161516.797667,7.3611789658413843e-07,0,153214829767.45486,2.4059546734350435e-06,-0.32625412347039451
57,1,0,73415473939.988708,9.044879346340545e-07,0,153214829767.45486,2.4059546734350435e-06,1.7500537315918281
57,1,1,56138136288.170128,9.0128351239031878e-07,1,153214829767.45486,2.4059546734350435e-06,-0.42719139415721019
57,1,2,-7737753880.2834177,7.3350997615590131e-07,0,153214829767.45486,2.4059546734350435e-06,-1.2056967210333467
57,2,0,-10119161516.797667,7.3611789658413843e-07,0,153214829767.45486,2.4059546734350435e-06,-0.24854302048706589
57,2,1,-7737753880.2834177,7.3350997615590131e-07,0,153214829767.45486,2.4059546734350435e-06,0.70021244686429118
57,2,2,1066526947.1095349,5.969674111682e-07,1,153214829767.45486,2.4059546734350435e-06,-0.34932184646611431
58,0,0,1005832671523.2113,3.0500362903772268e-08,1,1748928214889.9609,1.0210311003734636e-06,1.4051673810229599
58,0,1,89117609103.407379,1.5307907892547218e-07,0,1748928214889.9609,1.0210311003734636e-06,1.4773562258894612
58,0,2,-859934780857.98022,-8.2330690240613299e-08,0,1748928214889.9609,1.0210311003734636e-06,-8.4361999881070648
58,1,0,89117609103.407379,1.5307907892547218e-07,0,1748928214889.9609,1.0210311003734636e-06,2.6194250073060061
58,1,1,7895894095.6656361,7.6829264224173326e-07,1,1748928214889.9609,1.0210311003734636e-06,-7.3364963151695335
58,1,2,-76190934958.267838,-4.1321168109028306e-07,0,1748928214889.9609,1.0210311003734636e-06,-1.9670746542489641
58,2,0,-859934780857.98022,-8.2330690240613299e-08,0,1748928214889.9609,1.0210311003734636e-06,-7.8491700059360614
58,2,1,-76190934958.267838,-4.1321168109028306e-07,0,1748928214889.9609,1.0210311003734636e-06,-0.14520511117586377
58,2,2,735199649271.08411,2.2223809522795801e-07,1,1748928214889.9609,1.0210311003734636e-06,-1.4577437664789314
59,0,0,94248412690.65921,5.8405758874597412e-07,1,201375603094.00204,2.1808880967187203e-06,0.092696520113292491
59,0,1,12109406668.515642,-7.5692439858305915e-07,0,201375603094.00204,2.1808880967187203e-06,0.55179636623370298
59,0,2,-99749335444.711578,5.997553092322279e-07,0,201375603094.00204,2.1808880967187203e-06,-0.034097693829200026
59,1,0,12109406668.515642,-7.5692439858305915e-07,0,201375603094.00204,2.1808880967187203e-06,-1.3087078174154807
59,1,1,1555864185.6896133,9.8095557049514496e-07,1,201375603094.00204,2.1808880967187203e-06,-0.88242300054533496
59,1,2,-12816186854.825485,-7.7726826170055471e-07,0,201375603094.00204,2.1808880967187203e-06,-0.68875587108469949
59,2,0,-99749335444.711578,5.997553092322279e-07,0,201375603094.00204,2.1808880967187203e-06,1.3201215185372066
59,2,1,-12816186854.825485,-7.7726826170055471e-07,0,201375603094.00204,2.1808880967187203e-06,-2.2893079472566473
59,2,2,105571326217.65324,6.1587493747760115e-07,1,201375603094.00204,2.1808880967187203e-06,-0.41773238855839673
60,0,0,681254575889.02332,5.2555324648470406e-08,1,1393473294936.3105,1.1582927562925063e-06,-0.92012420748312973
60,0,1,-490345341799.53076,-1.4875984487215934e-07,0,1393473294936.3105,1.1582927562925063e-06,-4.1420288775060996
60,0,2,-494735997437.30444,-1.8969158718727947e-07,0,1393473294936.3105,1.1582927562925063e-06,-6.7941363627926865
60,1,0,-490345341799.53076,-1.4875984487215934e-07,0,1393473294936.3105,1.1582927562925063e-06,-3.4023230916066787
60,1,1,352934956672.74054,4.2107039761256577e-07,1,1393473294936.3105,1.1582927562925063e-06,-3.1614475741625268
60,1,2,356095210732.85986,5.3692925069495624e-07,0,1393473294936.3105,1.1582927562925063e-06,1.8137272163970424
60,2,0,-494735997437.30444,-1.8969158718727947e-07,0,1393473294936.3105,1.1582927562925063e-06,-4.866565772811124
60,2,1,356095210732.85986,5.3692925069495624e-07,0,1393473294936.3105,1.1582927562925063e-06,4.1632605077887863
60,2,2,359283762374.54681,6.8466703403147007e-07,1,1393473294936.3105,1.1582927562925063e-06,-3.8873607207794034
61,0,0,634503669741.62927,3.8706655200944448e-08,1,2825018151576.4883,6.754691471869041e-07,-7.1244106861632659
61,0,1,1002377953279.2128,-7.5122309450170111e-08,0,2825018151576.4883,6.754691471869041e-07,7.812195766777009
61,0,2,-620586751491.02063,-1.3785349050737736e-07,0,2825018151576.4883,6.754691471869041e-07,-6.1204965708641339
61,1,0,1002377953279.2128,-7.5122309450170111e-08,0,2825018151576.4883,6.754691471869041e-07,8.8406369493042884
61,1,1,1583539401165.897,1.4579821862234736e-07,1,2825018151576.4883,6.754691471869041e-07,1.4731873440700463
61,1,2,-980392245871.59497,2.6754759663213174e-07,0,2825018151576.4883,6.754691471869041e-07,-8.9182501453773675
61,2,0,-620586751491.02063,-1.3785349050737736e-07,0,2825018151576.4883,6.754691471869041e-07,-5.3511384108392601
61,2,1,-980392245871.59497,2.6754759663213174e-07,0,2825018151576.4883,6.754691471869041e-07,-7.6842216062184665
61,2,2,606975080668.96179,4.9096427336361233e-07,1,2825018151576.4883,6.754691471869041e-07,-7.182632229158834
62,0,0,9216393331.0754757,1.0511968337593456e-06,1,2183825921453.5361,1.3222433976122888e-06,-8.3836525061353235
62,0,1,-86659264756.506042,5.2840063458935384e-07,0,2183825921453.5361,1.3222433976122888e-06,1.0402059824503174
62,0,2,-111947436703.76212,7.5604623463993442e-08,0,2183825921453.5361,1.3222433976122888e-06,-1.3289826739285295
62,1,0,-86659264756.506042,5.2840063458935384e-07,0,2183825921453.5361,1.3222433976122888e-06,-0.95182390318060794
62,1,1,814833731413.87781,2.6560889613405342e-07,1,2183825921453.5361,1.3222433976122888e-06,-3.7805885374350972
62,1,2,1052611602785.3451,3.8003854019797285e-08,0,2183825921453.5361,1.3222433976122888e-06,9.2288677395405312
62,2,0,-111947436703.76212,7.5604623463993442e-08,0,2183825921453.5361,1.3222433976122888e-06,-1.2683978088636394
62,2,1,1052611602785.3451,3.8003854019797285e-08,0,2183825921453.5361,1.3222433976122888e-06,10.09605496027263
62,2,2,1359775796708.5828,5.4376677188896722e-09,1,2183825921453.5361,1.3222433976122888e-06,0.91690159506006208
63,0,0,839053868061.02454,2.7902127401633162e-07,1,2325744431765.7715,8.4229167721815985e-07,-3.1530528284739723
63,0,1,-565513380808.26746,-3.8369673913237437e-07,0,2325744431765.7715,8.4229167721815985e-07,-4.3934785451657152
63,0,2,963124127105.68933,-9.9705756585312361e-08,0,2325744431765.7715,8.4229167721815985e-07,7.7701668865086928
63,1,0,-565513380808.26746,-3.8369673913237437e-07,0,2325744431765.7715,8.4229167721815985e-07,-6.0355380127972085
63,1,1,381150002457.21655,5.2764144289657328e-07,1,2325744431765.7715,8.4229167721815985e-07,-7.7170335956019596
63,1,2,-649135415484.35681,1.3711059778284642e-07,0,2325744431765.7715,8.4229167721815985e-07,-3.1289756423747188
63,2,0,963124127105.68933,-9.9705756585312361e-08,0,2325744431765.7715,8.4229167721815985e-07,7.7542780195474243
63,2,1,-649135415484.35681,1.3711059778284642e-07,0,2325744431765.7715,8.4229167721815985e-07,-6.883497664889056
63,2,2,1105540561247.53,3.5628960305255006e-08,1,2325744431765.7715,8.4229167721815985e-07,-1.3111830282164068
64,0,0,917494715303.20898,1.9979449724179389e-07,1,2789475896698.1069,4.6341377025374699e-07,-4.7334354223362247
64,0,1,925184417785.1571,-1.9780833709149666e-07,0,2789475896698.1069,4.6341377025374699e-07,7.7786393404959089
64,0,2,-928206137754.11792,-1.1636813091120441e-07,0,2789475896698.1069,4.6341377025374699e-07,-7.5447465518695731
64,1,0,925184417785.1571,-1.9780833709149666e-07,0,2789475896698.1069,4.6341377025374699e-07,7.7511942563704936
64,1,1,932938569166.12842,1.9584192138960561e-07,1,2789475896698.1069,4.6341377025374699e-07,-4.6788172338724978
64,1,2,-935985614760.5752,1.1521131354350337e-07,0,2789475896698.1069,4.6341377025374699e-07,-9.5852800065697217
64,2,0,-928206137754.11792,-1.1636813091120441e-07,0,2789475896698.1069,4.6341377025374699e-07,-8.2906497646373971
64,2,1,-935985614760.5752,1.1521131354350337e-07,0,2789475896698.1069,4.6341377025374699e-07,-8.1548006104994482
64,2,2,939042612228.76965,6.777735162234752e-08,1,2789475896698.1069,4.6341377025374699e-07,-3.2190528649799024
65,0,0,5702746045.1865635,9.1364654361554031e-07,1,1389626827524.7192,1.7794535466837893e-06,-6.0247390990668181
65,0,1,8349587879.2065039,-8.8798820121835227e-07,0,1389626827524.7192,1.7794535466837893e-06,-0.72662672386906091
65,0,2,88444626545.332077,5.0184960779404225e-08,0,1389626827524.7192,1.7794535466837893e-06,-0.15229777484154372
65,1,0,8349587879.2065039,-8.8798820121835227e-07,0,1389626827524.7192,1.7794535466837893e-06,-0.92292596923065295
65,1,1,12224920625.991411,8.6305043346698517e-07,1,1389626827524.7192,1.7794535466837893e-06,-6.3316629562100557
65,1,2,129494839141.07761,-4.8775594196817716e-08,0,1389626827524.7192,1.7794535466837893e-06,0.75327803118490788
65,2,0,88444626545.332077,5.0184960779404225e-08,0,1389626827524.7192,1.7794535466837893e-06,-0.067452558904441684
65,2,1,129494839141.07761,-4.8775594196817716e-08,0,1389626827524.7192,1.7794535466837893e-06,1.6232165324703247
65,2,2,1371699160853.5413,2.7565696012638013e-09,1,1389626827524.7192,1.7794535466837893e-06,5.1992858912281248
66,0,0,152841809172.25723,1.094063756394526e-06,1,2403635199886.6187,1.4046850131326378e-06,-9.1007669875079991
66,0,1,-444044692401.77533,3.8412038836273175e-07,0,2403635199886.6187,1.4046850131326378e-06,-5.2517756084047367
66,0,2,383196614102.41479,-4.3850996135430159e-07,0,2403635199886.6187,1.4046850131326378e-06,3.502117706304595
66,1,0,-444044692401.77533,3.8412038836273175e-07,0,2403635199886.6187,1.4046850131326378e-06,-3.1639346984844412
66,1,1,1290063824277.063,1.3486277366703027e-07,1,2403635199886.6187,1.4046850131326378e-06,-0.18083428916676536
66,1,2,-1113284536214.4153,-1.5395868446591712e-07,0,2403635199886.6187,1.4046850131326378e-06,-9.031435761989945
66,2,0,383196614102.41479,-4.3850996135430159e-07,0,2403635199886.6187,1.4046850131326378e-06,1.7769620129866059
66,2,1,-1113284536214.4153,-1.5395868446591712e-07,0,2403635199886.6187,1.4046850131326378e-06,-10.000479490929806
66,2,2,960729566437.29846,1.7575848307108148e-07,1,2403635199886.6187,1.4046850131326378e-06,-2.7212433288526472
67,0,0,775600605438.4751,1.5091533770011522e-07,1,3146892465009.5762,8.4452561267426435e-07,-8.1008996730027114
67,0,1,770699870387.59045,-2.8055539620537991e-07,0,3146892465009.5762,8.4452561267426435e-07,6.7804622498152449
67,0,2,-1115884004607.6587,-1.6113689378921199e-07,0,3146892465009.5762,8.4452561267426435e-07,-8.4277690173093216
67,1,0,770699870387.59045,-2.8055539620537991e-07,0,3146892465009.5762,8.4452561267426435e-07,6.6646729506579723
67,1,1,765830101279.57715,5.2155951502004038e-07,1,3146892465009.5762,8.4452561267426435e-07,-7.3533476518131424
67,1,2,-1108833143873.7236,2.9955752522761696e-07,0,3146892465009.5762,8.4452561267426435e-07,-9.1511753049002991
67,2,0,-1115884004607.6587,-1.6113689378921199e-07,0,3146892465009.5762,8.4452561267426435e-07,-9.9101257240542466
67,2,1,-1108833143873.7236,2.9955752522761696e-07,0,3146892465009.5762,8.4452561267426435e-07,-9.552644407751739
67,2,2,1605461758291.5242,1.7205075995410877e-07,1,3146892465009.5762,8.4452561267426435e-07,-0.17863438429892761
68,0,0,177299682.72342807,1.3187523415041928e-06,1,1865356848773.2188,1.787389968759475e-06,-7.0319617987638807
68,0,1,-13360838052.489376,5.2775047516039583e-07,0,1865356848773.2188,1.787389968759475e-06,0.73456208502287246
68,0,2,12336277753.484774,-5.8266319965126432e-07,0,1865356848773.2188,1.787389968759475e-06,-0.84520844517759208
68,1,0,-13360838052.489376,5.2775047516039583e-07,0,1865356848773.2188,1.787389968759475e-06,0.19922540317302451
68,1,1,1006837636270.9636,2.112000527061343e-07,1,1865356848773.2188,1.787389968759475e-06,-0.33729753427117842
68,1,2,-929629465225.53528,-2.3317553326479054e-07,0,1865356848773.2188,1.787389968759475e-06,-8.9989705619133105
68,2,0,12336277753.484774,-5.8266319965126432e-07,0,1865356848773.2188,1.787389968759475e-06,-0.9492292118101765
68,2,1,-929629465225.53528,-2.3317553326479054e-07,0,1865356848773.2188,1.787389968759475e-06,-9.5026673979406393
68,2,2,858341912819.53162,2.5743757454914803e-07,1,1865356848773.2188,1.787389968759475e-06,-0.68413159108217747
69,0,0,74620146971.859634,1.1722210593371685e-06,1,1627676612133.7063,1.8121914702808541e-06,-6.514634332686259
69,0,1,-303207187471.17194,1.8347237533723656e-07,0,1627676612133.7063,1.8121914702808541e-06,-2.0129699841466673
69,0,2,-154773069853.23831,-8.4647780865712153e-07,0,1627676612133.7063,1.8121914702808541e-06,-2.6660445650325806
69,1,0,-303207187471.17194,1.8347237533723656e-07,0,1627676612133.7063,1.8121914702808541e-06,-2.5958512649981307
69,1,1,1232034541138.7131,2.8716522573755864e-08,1,1627676612133.7063,1.8121914702808541e-06,2.5718704092632776
69,1,2,628895936430.90759,-1.3248806015513675e-07,0,1627676612133.7063,1.8121914702808541e-06,6.1519403838834599
69,2,0,-154773069853.23831,-8.4647780865712153e-07,0,1627676612133.7063,1.8121914702808541e-06,-2.2745741500858094
69,2,1,628895936430.90759,-1.3248806015513675e-07,0,1627676612133.7063,1.8121914702808541e-06,4.7629576891958232
69,2,2,321021924023.13361,6.1125388836992977e-07,1,1627676612133.7063,1.8121914702808541e-06,-5.6126055643748902
70,0,0,1268411269.7238262,9.3371633223132746e-07,1,270893803130.44327,2.1918904870852005e-06,-1.1453228721163859
70,0,1,671252320.29022837,9.1856156567543477e-07,0,270893803130.44327,2.1918904870852005e-06,0.06496494564364852
70,0,2,-18480944401.256783,-5.7534546773421504e-07,0,270893803130.44327,2.1918904870852005e-06,-0.6361235118376406
70,1,0,671252320.29022837,9.1856156567543477e-07,0,270893803130.44327,2.1918904870852005e-06,0.27047536323576399
70,1,1,355231531.16821569,9.0365276991542038e-07,1,270893803130.44327,2.1918904870852005e-06,-0.76853278073396625
70,1,2,-9780248020.9745922,-5.6600727159099625e-07,0,270893803130.44327,2.1918904870852005e-06,-0.015956618274014067
70,2,0,-18480944401.256783,-5.7534546773421504e-07,0,270893803130.44327,2.1918904870852005e-06,-0.20632847904082258
70,2,1,-9780248020.9745922,-5.6600727159099625e-07,0,270893803130.44327,2.1918904870852005e-06,-1.1269823542440753
70,2,2,269270160329.55124,3.5452138493845265e-07,1,270893803130.44327,2.1918904870852005e-06,0.88303458627340881
71,0,0,987263143791.14868,2.9052925824826875e-08,1,3187996656807.1162,4.7966680511229395e-08,-4.2993424362923438
71,0,1,1178902620495.426,2.3216197805648119e-08,0,3187996656807.1162,4.7966680511229395e-08,9.6670994984610328
71,0,2,-884811673801.66284,3.2416155574101619e-09,0,3187996656807.1162,4.7966680511229395e-08,-7.6715604649782181
71,1,0,1178902620495.426,2.3216197805648119e-08,0,3187996656807.1162,4.7966680511229395e-08,8.8920958619485244
71,1,1,1407741590832.6377,1.8552067485416243e-08,1,3187996656807.1162,4.7966680511229395e-08,-0.80246403338527106
71,1,2,-1056564105983.0643,2.5903755251524334e-09,0,3187996656807.1162,4.7966680511229395e-08,-9.7337824776855975
71,2,0,-884811673801.66284,3.2416155574101619e-09,0,3187996656807.1162,4.7966680511229395e-08,-7.1050746429589928
71,2,1,-1056564105983.0643,2.5903755251524334e-09,0,3187996656807.1162,4.7966680511229395e-08,-11.002853976012105
71,2,2,792991922183.32983,3.6168720098627837e-10,1,3187996656807.1162,4.7966680511229395e-08,-6.0000190003384342
72,0,0,383387188268.34467,8.1847767006651718e-08,1,1234456785328.0371,1.0345281201829578e-06,-2.6393201388456893
72,0,1,-456489755001.83105,-1.2508044190882841e-07,0,1234456785328.0371,1.0345281201829578e-06,-3.6237069203182459
72,0,2,-343374843888.94415,2.4965905277093633e-07,0,1234456785328.0371,1.0345281201829578e-06,-2.701563898473756
72,1,0,-456489755001.83105,-1.2508044190882841e-07,0,1234456785328.0371,1.0345281201829578e-06,-4.3836257528831837
72,1,1,543531194568.18689,1.9114897718390206e-07,1,1234456785328.0371,1.0345281201829578e-06,0.11371540806122282
72,1,2,408848034459.99323,-3.8153105196615072e-07,0,1234456785328.0371,1.0345281201829578e-06,1.7382224142452323
72,2,0,-343374843888.94415,2.4965905277093633e-07,0,1234456785328.0371,1.0345281201829578e-06,-2.5642724834345816
72,2,1,408848034459.99323,-3.8153105196615072e-07,0,1234456785328.0371,1.0345281201829578e-06,4.1883268145562313
72,2,2,307538402491.50549,7.6153137599240405e-07,1,1234456785328.0371,1.0345281201829578e-06,-2.5660646666742597
73,0,0,384563834131.57599,7.2385516502216636e-08,1,1280949639974.3406,1.130227540154568e-06,-2.7315787668601397
73,0,1,362025632905.41187,-1.6555406062220622e-07,0,1280949639974.3406,1.130227540154568e-06,2.9382832280031468
73,0,2,462228302330.62531,2.2173022859169287e-07,0,1280949639974.3406,1.130227540154568e-06,3.1294012664093742
73,1,0,362025632905.41187,-1.6555406062220622e-07,0,1280949639974.3406,1.130227540154568e-06,3.1097973655473905
73,1,1,340808332058.91595,3.7864131269494808e-07,1,1280949639974.3406,1.130227540154568e-06,-2.4896668102055921
73,1,2,435138405762.78668,-5.0712271570129172e-07,0,1280949639974.3406,1.130227540154568e-06,3.5148479773899792
73,2,0,462228302330.62531,2.2173022859169287e-07,0,1280949639974.3406,1.130227540154568e-06,4.0162626732939009
73,2,1,435138405762.78668,-5.0712271570129172e-07,0,1280949639974.3406,1.130227540154568e-06,2.9802182656962852
73,2,2,555577473783.84863,6.7920071095740317e-07,1,1280949639974.3406,1.130227540154568e-06,-0.83350047917979986
74,0,0,881165806368.72498,3.193983154514563e-08,1,1767408864282.406,6.8635449575038141e-07,0.51365496083495432
74,0,1,195372831901.40384,1.2917899514552347e-07,0,1767408864282.406,6.8635449575038141e-07,-0.14667200525437929
74,0,2,861833241015.92822,-6.4920577235427464e-08,0,1767408864282.406,6.8635449575038141e-07,7.6162077129130434
74,1,0,195372831901.40384,1.2917899514552347e-07,0,1767408864282.406,6.8635449575038141e-07,1.5217329193987372
74,1,1,43318230427.568008,5.2245775821392447e-07,1,1767408864282.406,6.8635449575038141e-07,-6.4123052767730826
74,1,2,191086399071.62796,-2.6256791366247723e-07,0,1767408864282.406,6.8635449575038141e-07,1.5360712798402663
74,2,0,861833241015.92822,-6.4920577235427464e-08,0,1767408864282.406,6.8635449575038141e-07,8.9574664520633185
74,2,1,191086399071.62796,-2.6256791366247723e-07,0,1767408864282.406,6.8635449575038141e-07,-0.55082088150220287
74,2,2,842924827486.11292,1.3195690599131132e-07,1,1767408864282.406,6.8635449575038141e-07,-0.24512042641888199
75,0,0,134779235532.17754,8.8876779420529043e-07,1,1864391304615.0378,2.034852996706486e-06,-6.9881805539407571
75,0,1,164603713594.02051,-1.003267256833109e-06,0,1864391304615.0378,2.034852996706486e-06,1.9780327709007635
75,0,2,-453895813936.71545,1.0981087726122466e-07,0,1864391304615.0378,2.034852996706486e-06,-5.4550734564497727
75,1,0,164603713594.02051,-1.003267256833109e-06,0,1864391304615.0378,2.034852996706486e-06,0.51196565248015191
75,1,1,201027869181.479,1.1325176218085783e-06,1,1864391304615.0378,2.034852996706486e-06,-6.3419776307601259
75,1,2,-554335660561.94751,-1.2395775175316351e-07,0,1864391304615.0378,2.034852996706486e-06,-5.4814849767946745
75,2,0,-453895813936.71545,1.0981087726122466e-07,0,1864391304615.0378,2.034852996706486e-06,-2.8020591872866225
75,2,1,-554335660561.94751,-1.2395775175316351e-07,0,1864391304615.0378,2.034852996706486e-06,-5.3310393474506386
75,2,2,1528584199901.3813,1.3567580692617282e-08,1,1864391304615.0378,2.034852996706486e-06,5.739073107001289
76,0,0,108861320821.76543,1.0083373312033643e-06,1,1001203890258.6375,1.7862951437991942e-06,-2.7198589572406311
76,0,1,76224194590.603058,-8.4461896244060292e-07,0,1001203890258.6375,1.7862951437991942e-06,0.90468630958249441
76,0,2,-302210957599.81915,-2.6657590443895186e-07,0,1001203890258.6375,1.7862951437991942e-06,-2.3687126913155079
76,1,0,76224194590.603058,-8.4461896244060292e-07,0,1001203890258.6375,1.7862951437991942e-06,-1.006217485044127
76,1,1,53371829380.049728,7.0748267433764591e-07,1,1001203890258.6375,1.7862951437991942e-06,-4.369829633684688
76,1,2,-211606718213.6871,2.2329339284720281e-07,0,1001203890258.6375,1.7862951437991942e-06,-1.1474300858561857
76,2,0,-302210957599.81915,-2.6657590443895186e-07,0,1001203890258.6375,1.7862951437991942e-06,-2.2589336891612648
76,2,1,-211606718213.6871,2.2329339284720281e-07,0,1001203890258.6375,1.7862951437991942e-06,-0.44416594464379644
76,2,2,838970740056.82239,7.0475138258183833e-08,1,1001203890258.6375,1.7862951437991942e-06,2.0523742718316482
77,0,0,1051068279495.4293,1.1503749203767821e-07,1,1922128655076.9243,1.4144936798546287e-06,-0.21040457285547703
77,0,1,-899101382821.16907,1.0298417787204847e-08,0,1922128655076.9243,1.4144936798546287e-06,-7.1375357425541663
77,0,2,327353988379.7749,3.8649724895577757e-07,0,1922128655076.9243,1.4144936798546287e-06,2.4543802428307391
77,1,0,-899101382821.16907,1.0298417787204847e-08,0,1922128655076.9243,1.4144936798546287e-06,-7.1240589270880879
77,1,1,769106358132.13489,9.2193777038428693e-10,1,1922128655076.9243,1.4144936798546287e-06,-1.5316746524305149
77,1,2,-280024075853.16199,3.4600112301198724e-08,0,1922128655076.9243,1.4144936798546287e-06,-2.0150047650590595
77,2,0,327353988379.7749,3.8649724895577757e-07,0,1922128655076.9243,1.4144936798546287e-06,2.8740161779114981
77,2,1,-280024075853.16199,3.4600112301198724e-08,0,1922128655076.9243,1.4144936798546287e-06,-2.4124605219450221
77,2,2,101954017449.36003,1.2985342500465664e-06,1,1922128655076.9243,1.4144936798546287e-06,-6.7692659103431954
78,0,0,966519939585.1134,1.1647157376007e-08,1,3053172182669.6431,6.4680912629083592e-07,-5.2005669101146905
78,0,1,-1036140294458.2626,5.6923802067580097e-08,0,3053172182669.6431,6.4680912629083592e-07,-7.0434696038605971
78,0,2,971187052076.55347,-6.447877301388761e-08,0,3053172182669.6431,6.4680912629083592e-07,7.6279393188095863
78,1,0,-1036140294458.2626,5.6923802067580097e-08,0,3053172182669.6431,6.4680912629083592e-07,-10.079779902243308
78,1,1,1110775542055.4497,2.7820687376510028e-07,1,3053172182669.6431,6.4680912629083592e-07,-4.3119598096128735
78,1,2,-1041143588351.2228,-3.1513070478157139e-07,0,3053172182669.6431,6.4680912629083592e-07,-10.033617313422278
78,2,0,971187052076.55347,-6.447877301388761e-08,0,3053172182669.6431,6.4680912629083592e-07,6.5248764880025769
78,2,1,-1041143588351.2228,-3.1513070478157139e-07,0,3053172182669.6431,6.4680912629083592e-07,-10.071987278935536
78,2,2,975876701029.07996,3.5695509514972857e-07,1,3053172182669.6431,6.4680912629083592e-07,-5.2530158180594189
79,0,0,102767901706.94124,9.8637854015383989e-07,1,499847454083.49628,2.5907740683348925e-06,-1.499890092991871
79,0,1,-2541488537.3028927,-1.0066392305561356e-06,0,499847454083.49628,2.5907740683348925e-06,-0.42725107293731052
79,0,2,-201991517753.8027,7.5446588950192226e-07,0,499847454083.49628,2.5907740683348925e-06,-2.3393413932260474
79,1,0,-2541488537.3028927,-1.0066392305561356e-06,0,499847454083.49628,2.5907740683348925e-06,0.030195911575587098
79,1,1,62851959.395466827,1.0273160852998756e-06,1,499847454083.49628,2.5907740683348925e-06,-1.3289921031517302
79,1,2,4995325568.3630409,-7.6996298233598484e-07,0,499847454083.49628,2.5907740683348925e-06,-0.76793422110065657
79,2,0,-201991517753.8027,7.5446588950192226e-07,0,499847454083.49628,2.5907740683348925e-06,0.27344149636834825
79,2,1,4995325568.3630409,-7.6996298233598484e-07,0,499847454083.49628,2.5907740683348925e-06,-0.37794381552764161
79,2,2,397016700417.15961,5.7707944288117718e-07,1,499847454083.49628,2.5907740683348925e-06,1.959797438508442
80,0,0,457158245201.5592,3.0309243187106536e-07,1,1115396651800.0718,1.8624007925597952e-06,-0.69374046793751099
80,0,1,-546008101439.052,2.8955727643876299e-07,0,1115396651800.0718,1.8624007925597952e-06,-6.0873922209922977
80,0,2,52860836616.235916,-6.2351515357639656e-07,0,1115396651800.0718,1.8624007925597952e-06,-0.010855950098837983
80,1,0,-546008101439.052,2.8955727643876299e-07,0,1115396651800.0718,1.8624007925597952e-06,-3.6038418818669209
80,1,1,652126150990.96814,2.7662655850905882e-07,1,1115396651800.0718,1.8624007925597952e-06,0.33375715978923015
80,1,2,-63134473334.469894,-5.9567092643435252e-07,0,1115396651800.0718,1.8624007925597952e-06,-1.0683307317738489
80,2,0,52860836616.235916,-6.2351515357639656e-07,0,1115396651800.0718,1.8624007925597952e-06,1.150575432751672
80,2,1,-63134473334.469894,-5.9567092643435252e-07,0,1115396651800.0718,1.8624007925597952e-06,-1.7127414042060001
80,2,2,6112255607.5443983,1.2826818021796712e-06,1,1115396651800.0718,1.8624007925597952e-06,-4.59321830519184
81,0,0,455026055370.86871,3.224509885362481e-07,1,1559260199780.4636,1.6882375879841768e-06,-3.0874956688201167
81,0,1,-101177983437.05452,-5.8717418956805877e-07,0,1559260199780.4636,1.6882375879841768e-06,-1.6797093060166315
81,0,2,701582726842.76892,-3.0923407028760402e-07,0,1559260199780.4636,1.6882375879841768e-06,5.947046953140716
81,1,0,-101177983437.05452,-5.8717418956805877e-07,0,1559260199780.4636,1.6882375879841768e-06,-0.62793144408077839
81,1,1,22497578350.859997,1.0692277001847338e-06,1,1559260199780.4636,1.6882375879841768e-06,-6.2611491028733051
81,1,2,-156001452396.75375,5.6310655281971466e-07,0,1559260199780.4636,1.6882375879841768e-06,-1.7075275388205522
81,2,0,701582726842.76892,-3.0923407028760402e-07,0,1559260199780.4636,1.6882375879841768e-06,4.9407740248532956
81,2,1,-156001452396.75375,5.6310655281971466e-07,0,1559260199780.4636,1.6882375879841768e-06,-1.6887446365211738
81,2,2,1081736566058.7349,2.9655889926319493e-07,1,1559260199780.4636,1.6882375879841768e-06,2.239887884579578
82,0,0,227267924372.69037,1.3224113087088558e-06,1,1018910064819.0089,2.3612002626358802e-06,-2.4853069169578021
82,0,1,-163786402705.42358,-1.0023974461881851e-06,0,1018910064819.0089,2.3612002626358802e-06,-3.0370097336777162
82,0,2,-391265741400.91217,-6.0737601196486488e-07,0,1018910064819.0089,2.3612002626358802e-06,-4.5028646770665359
82,1,0,-163786402705.42358,-1.0023974461881851e-06,0,1018910064819.0089,2.3612002626358802e-06,-3.6896972449050245
82,1,1,118036831573.25798,7.5982459731506585e-07,1,1018910064819.0089,2.3612002626358802e-06,-3.5462101942569833
82,1,2,281975595380.70288,4.6039546036851583e-07,0,1018910064819.0089,2.3612002626358802e-06,2.8246626040707161
82,2,0,-391265741400.91217,-6.0737601196486488e-07,0,1018910064819.0089,2.3612002626358802e-06,-5.1170624954891863
82,2,1,281975595380.70288,4.6039546036851583e-07,0,1018910064819.0089,2.3612002626358802e-06,2.8903888760518304
82,2,2,673605308873.06055,2.7896435661195825e-07,1,1018910064819.0089,2.3612002626358802e-06,1.5656353877863634
83,0,0,52398599795.504898,1.3293870265560342e-06,1,672956425937.77002,2.4374702860071116e-06,-2.8883035481859123
83,0,1,-152636946984.44458,-6.7994826380126129e-07,0,672956425937.77002,2.4374702860071116e-06,-0.64504494464418061
83,0,2,-96012101306.371353,-1.0053565874911433e-06,0,672956425937.77002,2.4374702860071116e-06,-1.9503942120689364
83,1,0,-152636946984.44458,-6.7994826380126129e-07,0,672956425937.77002,2.4374702860071116e-06,-1.7048810919472697
83,1,1,444630919063.81061,3.4777655581917346e-07,1,672956425937.77002,2.4374702860071116e-06,0.32397511746727442
83,1,2,279682931875.26984,5.1421478659732514e-07,0,672956425937.77002,2.4374702860071116e-06,4.2275564316550955
83,2,0,-96012101306.371353,-1.0053565874911433e-06,0,672956425937.77002,2.4374702860071116e-06,-1.5030542872739074
83,2,1,279682931875.26984,5.1421478659732514e-07,0,672956425937.77002,2.4374702860071116e-06,1.7920711617268033
83,2,2,175926907078.4545,7.6030670363190385e-07,1,672956425937.77002,2.4374702860071116e-06,-2.5965139275285556
84,0,0,862340462515.55432,1.2446355294970317e-09,1,1053549449607.1068,1.5113610021146127e-06,1.4154452707870413
84,0,1,-21302038093.687592,-3.2356941852509109e-08,0,1053549449607.1068,1.5113610021146127e-06,-1.8382651091711661
84,0,2,405503969818.68774,2.8854337585190615e-08,0,1053549449607.1068,1.5113610021146127e-06,3.6561208966881971
84,1,0,-21302038093.687592,-3.2356941852509109e-08,0,1053549449607.1068,1.5113610021146127e-06,-1.1234336790827808
84,1,1,526215394.8119213,8.411873686988078e-07,1,1053549449607.1068,1.5113610021146127e-06,-4.6405310855213475
84,1,2,-10016996056.315079,-7.5012973783093933e-07,0,1053549449607.1068,1.5113610021146127e-06,-1.3596129569435453
84,2,0,405503969818.68774,2.8854337585190615e-08,0,1053549449607.1068,1.5113610021146127e-06,2.8977742938290723
84,2,1,-10016996056.315079,-7.5012973783093933e-07,0,1053549449607.1068,1.5113610021146127e-06,-1.1460636662656358
84,2,2,190682771696.74066,6.6892899788630786e-07,1,1053549449607.1068,1.5113610021146127e-06,-2.60997306038275
85,0,0,276512349964.65735,9.7043375932275642e-07,1,1118310034824.6934,1.5628591679390706e-06,-1.773084491812096
85,0,1,-379944381896.51111,-2.192903230196611e-07,0,1118310034824.6934,1.5628591679390706e-06,-3.1864534663619053
85,0,2,-297337724987.48749,-7.2582461423665056e-07,0,1118310034824.6934,1.5628591679390706e-06,-4.1290738034029921
85,1,0,-379944381896.51111,-2.192903230196611e-07,0,1118310034824.6934,1.5628591679390706e-06,-2.928009764212923
85,1,1,522066133223.97021,4.9553352104760863e-08,1,1118310034824.6934,1.5628591679390706e-06,-0.49162451027825954
85,1,2,408559683317.31049,1.6401563999860697e-07,0,1118310034824.6934,1.5628591679390706e-06,4.0108984771269505
85,2,0,-297337724987.48749,-7.2582461423665056e-07,0,1118310034824.6934,1.5628591679390706e-06,-3.7705622106160588
85,2,1,408559683317.31049,1.6401563999860697e-07,0,1118310034824.6934,1.5628591679390706e-06,4.426683453663224
85,2,2,319731551636.06586,5.4287205651155336e-07,1,1118310034824.6934,1.5628591679390706e-06,-2.0483892082500637
86,0,0,10565175557.773989,9.8672419063900556e-07,1,1533318212099.6626,1.8100835748571522e-06,-8.5718318797608806
86,0,1,30441642744.567142,8.1471110656319396e-07,0,1533318212099.6626,1.8100835748571522e-06,1.5291588303098469
86,0,2,-123131878687.89555,-3.8558323983318643e-07,0,1533318212099.6626,1.8100835748571522e-06,-3.1735752145851093
86,1,0,30441642744.567142,8.1471110656319396e-07,0,1533318212099.6626,1.8100835748571522e-06,1.5472853965473687
86,1,1,87712088447.596558,6.7268461993171045e-07,1,1533318212099.6626,1.8100835748571522e-06,-6.2900484162551944
86,1,2,-354782241050.99933,-3.1836550778518913e-07,0,1533318212099.6626,1.8100835748571522e-06,-2.2516327941889651
86,2,0,-123131878687.89555,-3.8558323983318643e-07,0,1533318212099.6626,1.8100835748571522e-06,-1.4881701426413341
86,2,1,-354782241050.99933,-3.1836550778518913e-07,0,1533318212099.6626,1.8100835748571522e-06,-4.2435767143785936
86,2,2,1435040948094.292,1.5067476428643608e-07,1,1533318212099.6626,1.8100835748571522e-06,5.226481250548737
87,0,0,453018667238.86224,6.1066305784961625e-07,1,1511568038893.083,1.2210963740774438e-06,-2.020138061272835
87,0,1,680235801224.84045,2.2613090305336304e-07,0,1511568038893.083,1.2210963740774438e-06,6.2276535555829229
87,0,2,-129699191536.91563,5.6712775473012909e-07,0,1511568038893.083,1.2210963740774438e-06,-0.80318809369285238
87,1,0,680235801224.84045,2.2613090305336304e-07,0,1511568038893.083,1.2210963740774438e-06,6.9080628605108618
87,1,1,1021416508260.6249,8.3737152032409624e-08,1,1511568038893.083,1.2210963740774438e-06,2.0606833322100235
87,1,2,-194751430467.6745,2.1000961115177251e-07,0,1511568038893.083,1.2210963740774438e-06,-1.5628846814204442
87,2,0,-129699191536.91563,5.6712775473012909e-07,0,1511568038893.083,1.2210963740774438e-06,0.57106345142403026
87,2,1,-194751430467.6745,2.1000961115177251e-07,0,1511568038893.083,1.2210963740774438e-06,-0.068091764757810536
87,2,2,37132863393.595856,5.2669616419541784e-07,1,1511568038893.083,1.2210963740774438e-06,-6.0506256718044646
88,0,0,796386595955.2428,1.9375977033339206e-07,1,2378259074244.9873,1.027740787598117e-06,-3.9102872791878527
88,0,1,-244429391414.79172,3.8930641196996214e-07,0,2378259074244.9873,1.027740787598117e-06,-0.43446633362382969
88,0,2,-1095461688436.911,1.0016230811386048e-07,0,2378259074244.9873,1.027740787598117e-06,-8.5212207488726897
88,1,0,-244429391414.79172,3.8930641196996214e-07,0,2378259074244.9873,1.027740787598117e-06,-1.1724598614504957
88,1,1,75021010763.927002,7.8220304524590217e-07,1,2378259074244.9873,1.027740787598117e-06,-10.390723813444362
88,1,2,336222426623.94421,2.0124832270053921e-07,0,2378259074244.9873,1.027740787598117e-06,3.2717636669963044
88,2,0,-1095461688436.911,1.0016230811386048e-07,0,2378259074244.9873,1.027740787598117e-06,-10.309862365847062
88,2,1,336222426623.94421,2.0124832270053921e-07,0,2378259074244.9873,1.027740787598117e-06,2.9847977088542437
88,2,2,1506851467525.8174,5.1777972018822872e-08,1,2378259074244.9873,1.027740787598117e-06,2.5937450098679347
89,0,0,109950138950.37479,4.6626085303852398e-07,1,804956108682.11829,1.5634066638073042e-06,-2.778645511641026
89,0,1,-276162760429.33234,-2.4607563574441171e-07,0,804956108682.11829,1.5634066638073042e-06,-3.0916983947931498
89,0,2,12252864783.240463,6.715675119670978e-07,0,804956108682.11829,1.5634066638073042e-06,1.8245868386276327
89,1,0,-276162760429.33234,-2.4607563574441171e-07,0,804956108682.11829,1.5634066638073042e-06,-4.249849718278921
89,1,1,693640508106.77783,1.2986983168842892e-07,1,804956108682.11829,1.5634066638073042e-06,2.5035304036359731
89,1,2,-30775631518.158302,-3.5442907414520258e-07,0,804956108682.11829,1.5634066638073042e-06,-2.3331872905300854
89,2,0,12252864783.240463,6.715675119670978e-07,0,804956108682.11829,1.5634066638073042e-06,0.9980693300636434
89,2,1,-30775631518.158302,-3.5442907414520258e-07,0,804956108682.11829,1.5634066638073042e-06,-1.4037984240364827
89,2,2,1365461624.9656193,9.6727597908035128e-07,1,804956108682.11829,1.5634066638073042e-06,-2.8609803191013334
90,0,0,14932946498.82745,9.531070404822121e-07,1,1114530368588.2075,1.807028531275055e-06,-4.7084690760533325
90,0,1,-80070662709.940353,-7.3522315921706438e-07,0,1114530368588.2075,1.807028531275055e-06,-1.0590530528160182
90,0,2,-100044582299.59415,-5.2280540456713346e-07,0,1114530368588.2075,1.807028531275055e-06,-2.247099202001015
90,1,0,-80070662709.940353,-7.3522315921706438e-07,0,1114530368588.2075,1.807028531275055e-06,-1.9149173103509516
90,1,1,429339985066.74194,5.6714835888279141e-07,1,1114530368588.2075,1.807028531275055e-06,-1.27423679869282
90,1,2,536440414214.07855,4.0329010790554225e-07,0,1114530368588.2075,1.807028531275055e-06,5.6293754941289844
90,2,0,-100044582299.59415,-5.2280540456713346e-07,0,1114530368588.2075,1.807028531275055e-06,1.4172512828889372
90,2,1,536440414214.07855,4.0329010790554225e-07,0,1114530368588.2075,1.807028531275055e-06,5.2839720107628025
90,2,2,670257437022.63818,2.867731319100514e-07,1,1114530368588.2075,1.807028531275055e-06,1.1128429680653402
91,0,0,81755268764.544098,9.3839202660969672e-07,1,96657438151.01709,2.6431888379552867e-06,-0.97924134480106562
91,0,1,20362248544.583942,9.2425321567736854e-07,0,96657438151.01709,2.6431888379552867e-06,-0.34569878543394728
91,0,2,28349774206.763092,8.6343715930366383e-07,0,96657438151.01709,2.6431888379552867e-06,0.60810440410120115
91,1,0,20362248544.583942,9.2425321567736854e-07,0,96657438151.01709,2.6431888379552867e-06,-0.22004845193733824
91,1,1,5071491685.5759296,9.1032743508727625e-07,1,96657438151.01709,2.6431888379552867e-06,0.19414561452152357
91,1,2,7060892310.726469,8.5042769801119411e-07,0,96657438151.01709,2.6431888379552867e-06,0.34645644255549007
91,2,0,28349774206.763092,8.6343715930366383e-07,0,96657438151.01709,2.6431888379552867e-06,2.2211904188574869
91,2,1,7060892310.726469,8.5042769801119411e-07,0,96657438151.01709,2.6431888379552867e-06,2.162951404380856
91,2,2,9830677700.8970661,7.9446937625831356e-07,1,96657438151.01709,2.6431888379552867e-06,-0.73389633687250655
92,0,0,208045276345.57846,1.1600749223604475e-06,1,825951417499.27832,2.184134398668057e-06,-1.4476213460960661
92,0,1,-163966238491.40128,-8.1317928385036742e-07,0,825951417499.27832,2.184134398668057e-06,-2.1520783579787071
92,0,2,318853456194.11499,-7.2575834117606551e-07,0,825951417499.27832,2.184134398668057e-06,2.7454196692552153
92,1,0,-163966238491.40128,-8.1317928385036742e-07,0,825951417499.27832,2.184134398668057e-06,-1.640385387676246
92,1,1,129226329178.27582,5.7001537998761758e-07,1,825951417499.27832,2.184134398668057e-06,-3.0029890354068129
92,1,2,-251297230874.34543,5.0873580382647997e-07,0,825951417499.27832,2.184134398668057e-06,-1.3366068651765457
92,2,0,318853456194.11499,-7.2575834117606551e-07,0,825951417499.27832,2.184134398668057e-06,3.8456963787119354
92,2,1,-251297230874.34543,5.0873580382647997e-07,0,825951417499.27832,2.184134398668057e-06,-1.1373898228414097
92,2,2,488679811975.42395,4.5404409631999204e-07,1,825951417499.27832,2.184134398668057e-06,0.36390743107526147
93,0,0,445347624182.0144,8.1748161434562175e-07,1,898727089980.78625,1.9259073980436277e-06,-0.073565526282362501
93,0,1,142000302270.57559,8.6038109854675203e-07,0,898727089980.78625,1.9259073980436277e-06,0.98135803023507184
93,0,2,426318404600.90277,4.0726166564414194e-07,0,898727089980.78625,1.9259073980436277e-06,3.1450715451181122
93,1,0,142000302270.57559,8.6038109854675203e-07,0,898727089980.78625,1.9259073980436277e-06,2.2486635755647915
93,1,1,45277182924.172806,9.0553184529914626e-07,1,898727089980.78625,1.9259073980436277e-06,-4.4567012051820925
93,1,2,135932783806.87175,4.2863378592725354e-07,0,898727089980.78625,1.9259073980436277e-06,0.81083912138565573
93,2,0,426318404600.90277,4.0726166564414194e-07,0,898727089980.78625,1.9259073980436277e-06,5.2883392344435762
93,2,1,135932783806.87175,4.2863378592725354e-07,0,898727089980.78625,1.9259073980436277e-06,3.3776371329865791
93,2,2,408102282874.599,2.0289393839885956e-07,1,898727089980.78625,1.9259073980436277e-06,-1.9997335790954371
94,0,0,491114156271.71472,6.7712161099386334e-07,1,1745126453717.9421,9.3400542404426177e-07,-2.1964398164751899
94,0,1,-529066127343.32556,-1.8754300432017588e-07,0,1745126453717.9421,9.3400542404426177e-07,-5.0341555762627594
94,0,2,-579613857936.98425,3.725173859855332e-07,0,1745126453717.9421,9.3400542404426177e-07,-4.8493904102649665
94,1,0,-529066127343.32556,-1.8754300432017588e-07,0,1745126453717.9421,9.3400542404426177e-07,-4.941171315339262
94,1,1,569950923889.06812,5.1943960875524719e-08,1,1745126453717.9421,9.3400542404426177e-07,-2.352149997604585
94,1,2,624404846118.06775,-1.0317648793793798e-07,0,1745126453717.9421,9.3400542404426177e-07,3.9069263427145158
94,2,0,-579613857936.98425,3.725173859855332e-07,0,1745126453717.9421,9.3400542404426177e-07,-4.4120042991772284
94,2,1,624404846118.06775,-1.0317648793793798e-07,0,1745126453717.9421,9.3400542404426177e-07,4.541604103578214
94,2,2,684061373557.1593,2.0493985217487376e-07,1,1745126453717.9421,9.3400542404426177e-07,-1.5247879541876139
95,0,0,643673297293.45752,3.039520304160589e-07,1,1861175176696.8813,1.2027888851283263e-06,-1.8155893738110009
95,0,1,876795452645.99744,-3.2235186841438378e-08,0,1861175176696.8813,1.2027888851283263e-06,7.7370991315569899
95,0,2,122078595158.54376,-5.2169356880440398e-07,0,1861175176696.8813,1.2027888851283263e-06,1.0130616620391142
95,1,0,876795452645.99744,-3.2235186841438378e-08,0,1861175176696.8813,1.2027888851283263e-06,8.1259798107365455
95,1,1,1194348544538.4402,3.4186554677067958e-09,1,1861175176696.8813,1.2027888851283263e-06,1.3729613459226266
95,1,2,166292368427.43085,5.5327446378190906e-08,0,1861175176696.8813,1.2027888851283263e-06,2.963868200481838
95,2,0,122078595158.54376,-5.2169356880440398e-07,0,1861175176696.8813,1.2027888851283263e-06,2.2498485588836674
95,2,1,166292368427.43085,5.5327446378190906e-08,0,1861175176696.8813,1.2027888851283263e-06,2.1883814326751301
95,2,2,23153334864.983696,8.9541819924456063e-07,1,1861175176696.8813,1.2027888851283263e-06,-7.7551554087014427
96,0,0,2480621820.4013848,1.1734900902321333e-06,1,985516087147.08667,1.95930576395511e-06,-4.4745106528641259
96,0,1,29208280053.334152,6.8460001159619856e-07,0,985516087147.08667,1.95930576395511e-06,0.20913333620315733
96,0,2,-39817277679.96962,6.7340161121390642e-07,0,985516087147.08667,1.95930576395511e-06,1.7715041551751245
96,1,0,29208280053.334152,6.8460001159619856e-07,0,985516087147.08667,1.95930576395511e-06,2.1450563531650837
96,1,1,343915229906.32855,3.9938741688462334e-07,1,985516087147.08667,1.95930576395511e-06,-1.8183506047227342
96,1,2,-468831721092.31134,3.9285440472253548e-07,0,985516087147.08667,1.95930576395511e-06,-5.351292836939737
96,2,0,-39817277679.96962,6.7340161121390642e-07,0,985516087147.08667,1.95930576395511e-06,-2.445624072325693
96,2,1,-468831721092.31134,3.9285440472253548e-07,0,985516087147.08667,1.95930576395511e-06,-4.8758599310157216
96,2,2,639120235420.35669,3.8642825683835332e-07,1,985516087147.08667,1.95930576395511e-06,0.74309356570209373
97,0,0,490966122390.98151,5.8386781537406019e-07,1,1614932602734.8137,1.3934092495302778e-06,-2.0191974369503649
97,0,1,399750669454.75836,-5.7685890451599419e-07,0,1614932602734.8137,1.3934092495302778e-06,2.4622070706868362
97,0,2,626122086195.9137,3.7403073790289159e-07,0,1614932602734.8137,1.3934092495302778e-06,6.3099495665831942
97,1,0,399750669454.75836,-5.7685890451599419e-07,0,1614932602734.8137,1.3934092495302778e-06,4.3164892544091771
97,1,1,325481923174.87451,5.6993413056378722e-07,1,1614932602734.8137,1.3934092495302778e-06,-4.2901606704839548
97,1,2,509796321380.20605,-3.695407694012736e-07,0,1614932602734.8137,1.3934092495302778e-06,4.0832628580759041
97,2,0,626122086195.9137,3.7403073790289159e-07,0,1614932602734.8137,1.3934092495302778e-06,4.6264034061347088
97,2,1,509796321380.20605,-3.695407694012736e-07,0,1614932602734.8137,1.3934092495302778e-06,3.0682215725313906
97,2,2,798484557168.95764,2.3960730359243048e-07,1,1614932602734.8137,1.3934092495302778e-06,-0.18611898962087547
98,0,0,35173141197.986237,1.1927714227136476e-06,1,384100587726.34283,3.0373965828302782e-06,-1.7735571504577556
98,0,1,6743381196.7846251,-1.0701311685413166e-06,0,384100587726.34283,3.0373965828302782e-06,-0.67564900721073862
98,0,2,-110577579800.92317,-1.0271491900995198e-06,0,384100587726.34283,3.0373965828302782e-06,-1.8403211704327669
98,1,0,6743381196.7846251,-1.0701311685413166e-06,0,384100587726.34283,3.0373965828302782e-06,-0.16189632543847732
98,1,1,1292838467.5450003,9.6010073353218756e-07,1,384100587726.34283,3.0373965828302782e-06,-2.6109386476425667
98,1,2,-21199891366.489277,9.2153814396955983e-07,0,384100587726.34283,3.0373965828302782e-06,0.22429386849180022
98,2,0,-110577579800.92317,-1.0271491900995198e-06,0,384100587726.34283,3.0373965828302782e-06,-0.036206444611705857
98,2,1,-21199891366.489277,9.2153814396955983e-07,0,384100587726.34283,3.0373965828302782e-06,-0.22021136286431864
98,2,2,347634608060.81165,8.8452442658444283e-07,1,384100587726.34283,3.0373965828302782e-06,0.69886882509399562
99,0,0,913672478789.31799,4.6276338454598774e-07,1,1623009029125.2769,1.6172689940903841e-06,0.26206295640212135
99,0,1,-799100224077.47815,3.8858100128229944e-08,0,1623009029125.2769,1.6172689940903841e-06,-6.622408863296517
99,0,2,97673518010.992386,7.2989928853542388e-07,0,1623009029125.2769,1.6172689940903841e-06,2.3947239721962474
99,1,0,-799100224077.47815,3.8858100128229944e-08,0,1623009029125.2769,1.6172689940903841e-06,-7.5168951715344097
99,1,1,698895044936.46936,3.2629028051926408e-09,1,1623009029125.2769,1.6172689940903841e-06,-1.9004388469818492
99,1,2,-85425501961.537384,6.1289420435152723e-08,0,1623009029125.2769,1.6172689940903841e-06,-0.97472682049562964
99,2,0,97673518010.992386,7.2989928853542388e-07,0,1623009029125.2769,1.6172689940903841e-06,1.9374816626378151
99,2,1,-85425501961.537384,6.1289420435152723e-08,0,1623009029125.2769,1.6172689940903841e-06,-1.4156011731002318
99,2,2,10441505399.489536,1.1512427067392037e-06,1,1623009029125.2769,1.6172689940903841e-06,-7.0523182607327062
100,0,0,145180741071.60107,2.8318643815700722e-07,1,702243321658.90015,1.5982278233901792e-06,-3.712277617278926
100,0,1,-74152450561.585587,-5.194538541751417e-07,0,702243321658.90015,1.5982278233901792e-06,-2.3805833849877134
100,0,2,-274547213332.48709,-3.2026485804069943e-07,0,702243321658.90015,1.5982278233901792e-06,-2.7900812915660893
100,1,0,-74152450561.585587,-5.194538541751417e-07,0,702243321658.90015,1.5982278233901792e-06,-0.2182351563626832
100,1,1,37874072578.101593,9.5284332248921514e-07,1,702243321658.90015,1.5982278233901792e-06,-2.4716170701202942
100,1,2,140227612238.30569,5.8746745059118725e-07,0,702243321658.90015,1.5982278233901792e-06,0.65692883651423983
100,2,0,-274547213332.48709,-3.2026485804069943e-07,0,702243321658.90015,1.5982278233901792e-06,-3.9855581603968737
100,2,1,140227612238.30569,5.8746745059118725e-07,0,702243321658.90015,1.5982278233901792e-06,1.8763339243092871
100,2,2,519188508009.19745,3.6219806274395688e-07,1,702243321658.90015,1.5982278233901792e-06,0.11893553190773343
101,0,0,248074817591.03888,7.7810610647797395e-07,1,1405856026919.5952,1.0307115075286033e-06,-3.1539109370369371
101,0,1,-372590863738.84515,4.4305449928731194e-07,0,1405856026919.5952,1.0307115075286033e-06,-2.8857385078415723
101,0,2,385217354973.59839,1.6016109018158243e-08,0,1405856026919.5952,1.0307115075286033e-06,1.9313836608745414
101,1,0,-372590863738.84515,4.4305449928731194e-07,0,1405856026919.5952,1.0307115075286033e-06,-3.8626140395479167
101,1,1,559605175123.07703,2.5227573425333005e-07,1,1405856026919.5952,1.0307115075286033e-06,-1.9190504627934843
101,1,2,-578569273618.97205,9.119590634869243e-09,0,1405856026919.5952,1.0307115075286033e-06,-5.8557744580144107
101,2,0,385217354973.59839,1.6016109018158243e-08,0,1405856026919.5952,1.0307115075286033e-06,2.0403542050742711
101,2,1,-578569273618.97205,9.119590634869243e-09,0,1405856026919.5952,1.0307115075286033e-06,-5.9529382175142196
101,2,2,598176034205.47925,3.2966679729918176e-10,1,1405856026919.5952,1.0307115075286033e-06,-1.7602826906445923
102,0,0,488375055622.14081,6.8463917796882644e-07,1,3193706363620.0977,9.3638967910063025e-07,-10.085486722452607
102,0,1,894306414792.8717,2.7611173250612695e-07,0,3193706363620.0977,9.3638967910063025e-07,9.2078473281011952
102,0,2,-722102738175.21375,-3.1003317132297842e-07,0,3193706363620.0977,9.3638967910063025e-07,-6.5429025067710196
102,1,0,894306414792.8717,2.7611173250612695e-07,0,3193706363620.0977,9.3638967910063025e-07,7.1957467323504707
102,1,1,1637642943333.4497,1.1135455182935253e-07,1,3193706363620.0977,9.3638967910063025e-07,-0.12641725175810409
102,1,2,-1322305681781.6602,-1.2503490717887932e-07,0,3193706363620.0977,9.3638967910063025e-07,-12.649423988771431
102,2,0,-722102738175.21375,-3.1003317132297842e-07,0,3193706363620.0977,9.3638967910063025e-07,-6.9187105167352039
102,2,1,-1322305681781.6602,-1.2503490717887932e-07,0,3193706363620.0977,9.3638967910063025e-07,-10.96884041439008
102,2,2,1067688364664.5071,1.4039594930245131e-07,1,3193706363620.0977,9.3638967910063025e-07,-4.7901746287507603
103,0,0,4437823.7576967394,1.2289646679659704e-06,1,547674630319.17657,2.4811243148664768e-06,-1.0093938398947606
103,0,1,-202936589.37570706,-1.0125597912581892e-06,0,547674630319.17657,2.4811243148664768e-06,-0.45097620806906741
103,0,2,-1545729773.385721,7.1664679851419122e-07,0,547674630319.17657,2.4811243148664768e-06,-0.29148667689221819
103,1,0,-202936589.37570706,-1.0125597912581892e-06,0,547674630319.17657,2.4811243148664768e-06,-0.039477851753440873
103,1,1,9280057423.6455784,8.3426103092917999e-07,1,547674630319.17657,2.4811243148664768e-06,-2.0086144646657549
103,1,2,70684449278.397552,-5.9045451152829397e-07,0,547674630319.17657,2.4811243148664768e-06,1.2037033434245745
103,2,0,-1545729773.385721,7.1664679851419122e-07,0,547674630319.17657,2.4811243148664768e-06,-0.45918084987429253
103,2,1,70684449278.397552,-5.9045451152829397e-07,0,547674630319.17657,2.4811243148664768e-06,0.014599463892772585
103,2,2,538390135071.77332,4.1789861597132646e-07,1,547674630319.17657,2.4811243148664768e-06,2.3871618404839108
104,0,0,238801527506.44095,7.0586192814558268e-07,1,2001260419405.6902,1.3392429536553245e-06,-7.7662890499807773
104,0,1,506402964144.49475,3.8746724780619911e-07,0,2001260419405.6902,1.3392429536553245e-06,4.3183012512413743
104,0,2,-405504517186.33124,-5.4492998063478055e-07,0,2001260419405.6902,1.3392429536553245e-06,-5.3486053799014419
104,1,0,506402964144.49475,3.8746724780619911e-07,0,2001260419405.6902,1.3392429536553245e-06,3.9074287897451407
104,1,1,1073879069250.9855,2.126915507639425e-07,1,2001260419405.6902,1.3392429536553245e-06,-0.33111197459975278
104,1,2,-859913634646.2511,-2.9912722506276906e-07,0,2001260419405.6902,1.3392429536553245e-06,-6.6542158904914031
104,2,0,-405504517186.33124,-5.4492998063478055e-07,0,2001260419405.6902,1.3392429536553245e-06,-4.2417002569835898
104,2,1,-859913634646.2511,-2.9912722506276906e-07,0,2001260419405.6902,1.3392429536553245e-06,-8.6784291229698329
104,2,2,688579822648.26379,4.2068947474579937e-07,1,2001260419405.6902,1.3392429536553245e-06,-3.6009979618879431
105,0,0,1285624515040.5691,1.6561145093440261e-09,1,1867851121445.9688,1.477368341775223e-06,2.6157190443361991
105,0,1,-842538102321.33618,-1.9833110100694236e-08,0,1867851121445.9688,1.477368341775223e-06,-7.4861778666352441
105,0,2,-196607081867.4129,4.528350886277643e-08,0,1867851121445.9688,1.477368341775223e-06,-0.45701879504414933
105,1,0,-842538102321.33618,-1.9833110100694236e-08,0,1867851121445.9688,1.477368341775223e-06,-7.0013187385822073
105,1,1,552160016831.07117,2.37515131983273e-07,1,1867851121445.9688,1.477368341775223e-06,-4.6501676959902731
105,1,2,128847074493.03613,-5.4230115849715227e-07,0,1867851121445.9688,1.477368341775223e-06,0.10697484407220559
105,2,0,-196607081867.4129,4.528350886277643e-08,0,1867851121445.9688,1.477368341775223e-06,-0.71137484527602179
105,2,1,128847074493.03613,-5.4230115849715227e-07,0,1867851121445.9688,1.477368341775223e-06,0.11453767293284145
105,2,2,30066589574.328259,1.238197095282606e-06,1,1867851121445.9688,1.477368341775223e-06,-6.5332924243987893
106,0,0,693147171994.18176,2.9343452559223041e-07,1,1832106667302.1067,1.139257259033718e-06,-2.8778364933963516
106,0,1,131451905307.24367,-4.2411543342519843e-07,0,1832106667302.1067,1.139257259033718e-06,1.3695334915137685
106,0,2,-878741685468.32019,-2.6138035820061642e-07,0,1832106667302.1067,1.139257259033718e-06,-8.7878455424050177
106,1,0,131451905307.24367,-4.2411543342519843e-07,0,1832106667302.1067,1.139257259033718e-06,0.3429927930298432
106,1,1,24929198454.62429,6.129950131342235e-07,1,1832106667302.1067,1.139257259033718e-06,-7.1870554401358531
106,1,2,-166648979458.98123,3.7778595986055742e-07,0,1832106667302.1067,1.139257259033718e-06,-1.2965521509626179
106,2,0,-878741685468.32019,-2.6138035820061642e-07,0,1832106667302.1067,1.139257259033718e-06,-7.2332506844195548
106,2,1,-166648979458.98123,3.7778595986055742e-07,0,1832106667302.1067,1.139257259033718e-06,-0.72167277750742498
106,2,2,1114030296853.3008,2.328277203072641e-07,1,1832106667302.1067,1.139257259033718e-06,1.9507635260810667
107,0,0,684790372745.56226,1.8524144016213967e-07,1,2206472421400.9253,4.5602404145772731e-07,-4.2924604057721476
107,0,1,780739304285.89856,1.5674797186604028e-07,0,2206472421400.9253,4.5602404145772731e-07,6.8272250534708094
107,0,2,657631626400.45508,-1.5996947318388023e-07,0,2206472421400.9253,4.5602404145772731e-07,6.0892046511543576
107,1,0,780739304285.89856,1.5674797186604028e-07,0,2206472421400.9253,4.5602404145772731e-07,6.2320045108111
107,1,1,890132054299.93982,1.3263731194602668e-07,1,2206472421400.9253,4.5602404145772731e-07,-0.97122827890237029
107,1,2,749775228897.77307,-1.353632883662769e-07,0,2206472421400.9253,4.5602404145772731e-07,5.7865476760160481
107,2,0,657631626400.45508,-1.5996947318388023e-07,0,2206472421400.9253,4.5602404145772731e-07,5.4168773049958263
107,2,1,749775228897.77307,-1.353632883662769e-07,0,2206472421400.9253,4.5602404145772731e-07,5.5669491567898213
107,2,2,631549994355.42297,1.3814528934956098e-07,1,2206472421400.9253,4.5602404145772731e-07,-5.5723996128069384
108,0,0,1642758417059.854,6.8190502269084552e-08,1,3375357308296.7148,4.1554443711676818e-07,0.61101256063796028
108,0,1,-1303181244861.0676,-7.726856406734957e-08,0,3375357308296.7148,4.1554443711676818e-07,-11.793683045602808
108,0,2,-1071428978052.3401,1.3310074488663205e-07,0,3375357308296.7148,4.1554443711676818e-07,-9.7963135068784339
108,1,0,-1303181244861.0676,-7.726856406734957e-08,0,3375357308296.7148,4.1554443711676818e-07,-11.788348457227416
108,1,1,1033798603203.7267,8.7555169625681331e-08,1,3375357308296.7148,4.1554443711676818e-07,-5.0211830335013605
108,1,2,849952211413.68665,-1.5082017423924085e-07,0,3375357308296.7148,4.1554443711676818e-07,6.4813092306583595
108,2,0,-1071428978052.3401,1.3310074488663205e-07,0,3375357308296.7148,4.1554443711676818e-07,-8.7496708139554773
108,2,1,849952211413.68665,-1.5082017423924085e-07,0,3375357308296.7148,4.1554443711676818e-07,6.9996547593682754
108,2,2,698800288033.1344,2.5979876522200226e-07,1,3375357308296.7148,4.1554443711676818e-07,-9.0828735159071563
109,0,0,455076314573.95398,2.3950433874970585e-07,1,1123645804589.8223,1.9044430164615884e-06,-1.1589146483452979
109,0,1,-48750716139.434616,-5.4720628995604183e-07,0,1123645804589.8223,1.9044430164615884e-06,0.070314636952110154
109,0,2,-549430165925.48096,3.1515918723200554e-07,0,1123645804589.8223,1.9044430164615884e-06,-5.0909153125799467
109,1,0,-48750716139.434616,-5.4720628995604183e-07,0,1123645804589.8223,1.9044430164615884e-06,-1.596392051820577
109,1,1,5222491806.3089094,1.2502267196102038e-06,1,1123645804589.8223,1.9044430164615884e-06,-5.4023481197754579
109,1,2,58858510539.165314,-7.2005831080585843e-07,0,1123645804589.8223,1.9044430164615884e-06,1.0048015903013463
109,2,0,-549430165925.48096,3.1515918723200554e-07,0,1123645804589.8223,1.9044430164615884e-06,-5.1478693709471601
109,2,1,58858510539.165314,-7.2005831080585843e-07,0,1123645804589.8223,1.9044430164615884e-06,-1.8225270250683017
109,2,2,663346998209.55945,4.1471195810167884e-07,1,1123645804589.8223,1.9044430164615884e-06,1.3425160175665227
110,0,0,768624132812.47607,8.4371095134538288e-08,1,1035342004021.6885,1.8058271162431262e-06,0.71688828664479842
110,0,1,160435788422.97244,-3.0048573978936288e-07,0,1035342004021.6885,1.8058271162431262e-06,1.9207453306532025
110,0,2,423398335207.95728,2.3441299006265779e-07,0,1035342004021.6885,1.8058271162431262e-06,4.1055856842216167
110,1,0,160435788422.97244,-3.0048573978936288e-07,0,1035342004021.6885,1.8058271162431262e-06,1.4544848495699412
110,1,1,33487944377.5942,1.0701731401350362e-06,1,1035342004021.6885,1.8058271162431262e-06,-4.50942737485562
110,1,2,88376415501.69136,-8.348565420763371e-07,0,1035342004021.6885,1.8058271162431262e-06,0.46820330080427125
110,2,0,423398335207.95728,2.3441299006265779e-07,0,1035342004021.6885,1.8058271162431262e-06,2.387107978254047
110,2,1,88376415501.69136,-8.348565420763371e-07,0,1035342004021.6885,1.8058271162431262e-06,0.68120926486076139
110,2,2,233229926831.6181,6.5128288097355157e-07,1,1035342004021.6885,1.8058271162431262e-06,-1.7564418349782156
111,0,0,1186954489737.3308,9.5097814098858773e-08,1,2272245160697.4712,1.1905499993100112e-06,0.60294949854144553
111,0,1,28781865857.1912,2.9106533403338013e-07,0,2272245160697.4712,1.1905499993100112e-06,-1.429199767606776
111,0,2,1134619865313.4702,-1.3948505148379026e-07,0,2272245160697.4712,1.1905499993100112e-06,9.0212839582512903
111,1,0,28781865857.1912,2.9106533403338013e-07,0,2272245160697.4712,1.1905499993100112e-06,0.30832214599957314
111,1,1,697917072.12352347,8.9086199802546067e-07,1,2272245160697.4712,1.1905499993100112e-06,-9.5215453127162366
111,1,2,27512829720.694195,-4.269210968465347e-07,0,2272245160697.4712,1.1905499993100112e-06,-0.19826089614043957
111,2,0,1134619865313.4702,-1.3948505148379026e-07,0,2272245160697.4712,1.1905499993100112e-06,9.4770744766501132
111,2,1,27512829720.694195,-4.269210968465347e-07,0,2272245160697.4712,1.1905499993100112e-06,0.47390213482476007
111,2,2,1084592753888.0167,2.0459018718569164e-07,1,2272245160697.4712,1.1905499993100112e-06,-0.047689980153673761
112,0,0,1171215629655.8994,1.0195572341764806e-08,1,2315620544639.145,1.4458892824072313e-06,-0.59325870022594263
112,0,1,-935463805925.83972,7.1272534661842239e-08,0,2315620544639.145,1.4458892824072313e-06,-7.5344452566509021
112,0,2,-682094121720.85986,-9.7764742542829144e-08,0,2315620544639.145,1.4458892824072313e-06,-8.5111940112466016
112,1,0,-935463805925.83972,7.1272534661842239e-08,0,2315620544639.145,1.4458892824072313e-06,-9.1151644409976473
112,1,1,747166029925.98157,4.9823335334642125e-07,1,2315620544639.145,1.4458892824072313e-06,-4.0101382973688207
112,1,2,544796659938.78809,-6.8342813605928033e-07,0,2315620544639.145,1.4458892824072313e-06,3.8119426760710793
112,2,0,-682094121720.85986,-9.7764742542829144e-08,0,2315620544639.145,1.4458892824072313e-06,-5.8081233314980709
112,2,1,544796659938.78809,-6.8342813605928033e-07,0,2315620544639.145,1.4458892824072313e-06,5.25050311992449
112,2,2,397238885057.26428,9.3746035671904521e-07,1,2315620544639.145,1.4458892824072313e-06,-6.2502686336448789
113,0,0,750934519865.11377,4.7145557943779216e-08,1,2919157089433.2773,7.3226800712397646e-07,-6.9159384637269641
113,0,1,-514331171238.0332,-1.6133016837659278e-07,0,2919157089433.2773,7.3226800712397646e-07,-6.1267089899412417
113,0,2,1167757089694.7212,-7.9202631888019597e-08,0,2919157089433.2773,7.3226800712397646e-07,10.793323859754906
113,1,0,-514331171238.0332,-1.6133016837659278e-07,0,2919157089433.2773,7.3226800712397646e-07,-6.4258933146023249
113,1,1,352276459144.00671,5.5206522869996192e-07,1,2919157089433.2773,7.3226800712397646e-07,-9.2587433841003204
113,1,2,-799821896284.76245,2.7102816247505045e-07,0,2919157089433.2773,7.3226800712397646e-07,-7.0463972646979407
113,2,0,1167757089694.7212,-7.9202631888019597e-08,0,2919157089433.2773,7.3226800712397646e-07,9.18476568098367
113,2,1,-799821896284.76245,2.7102816247505045e-07,0,2919157089433.2773,7.3226800712397646e-07,-6.5908792164297267
113,2,2,1815946110424.1567,1.3305722048023526e-07,1,2919157089433.2773,7.3226800712397646e-07,2.9680243687644641
114,0,0,2602787265.9713068,9.9741424639410937e-07,1,2323573118306.4248,1.0802647504197934e-06,-9.922326634499731
114,0,1,-60908719166.258049,-2.6549970989753024e-07,0,2323573118306.4248,1.0802647504197934e-06,-0.83045468490001684
114,0,2,48281673043.249138,-1.1020969594585118e-07,0,2323573118306.4248,1.0802647504197934e-06,0.72922825908033029
114,1,0,-60908719166.258049,-2.6549970989753024e-07,0,2323573118306.4248,1.0802647504197934e-06,0.12631824901850297
114,1,1,1425345866324.439,7.0672838502669501e-08,1,2323573118306.4248,1.0802647504197934e-06,2.2621427261815246
114,1,2,-1129856021164.6482,2.9336499260264941e-08,0,2323573118306.4248,1.0802647504197934e-06,-9.0112203628728675
114,2,0,48281673043.249138,-1.1020969594585118e-07,0,2323573118306.4248,1.0802647504197934e-06,0.29880892316542157
114,2,1,-1129856021164.6482,2.9336499260264941e-08,0,2323573118306.4248,1.0802647504197934e-06,-8.4306259027240564
114,2,2,895624464716.01465,1.2177665523014432e-08,1,2323573118306.4248,1.0802647504197934e-06,-2.423783179662689
115,0,0,16089129069.107382,7.4804321075968036e-07,1,1742900732093.2773,7.8462421767944657e-07,-7.629108319070169
115,0,1,-132018338630.84526,7.4911154973011738e-08,0,1742900732093.2773,7.8462421767944657e-07,-2.1469040902186274
115,0,2,101754867324.56367,-1.474872629405448e-07,0,1742900732093.2773,7.8462421767944657e-07,0.9746122245117822
115,1,0,-132018338630.84526,7.4911154973011738e-08,0,1742900732093.2773,7.8462421767944657e-07,-2.3485932508038929
115,1,1,1083268190589.2297,7.5018141447893092e-09,1,1742900732093.2773,7.8462421767944657e-07,0.97694812898996097
115,1,2,-834943176482.09814,-1.4769790102719017e-08,0,1742900732093.2773,7.8462421767944657e-07,-7.1753997672352972
115,2,0,101754867324.56367,-1.474872629405448e-07,0,1742900732093.2773,7.8462421767944657e-07,0.21926877536797551
115,2,1,-834943176482.09814,-1.4769790102719017e-08,0,1742900732093.2773,7.8462421767944657e-07,-8.2980478511142337
115,2,2,643543412434.94019,2.9079192774976877e-08,1,1742900732093.2773,7.8462421767944657e-07,-2.3282455059319322
116,0,0,64937281505.962868,1.2009331907511227e-06,1,2078555119628.5679,1.7239538190986224e-06,-8.3117842388516916
116,0,1,-312091521166.12457,9.8960927154110652e-08,0,2078555119628.5679,1.7239538190986224e-06,-2.8797538411532124
116,0,2,182641043623.306,7.8633298730678899e-07,0,2078555119628.5679,1.7239538190986224e-06,1.8923707375373917
116,1,0,-312091521166.12457,9.8960927154110652e-08,0,2078555119628.5679,1.7239538190986224e-06,-1.8738270148508964
116,1,1,1499926010528.2009,8.1547126673016715e-09,1,2078555119628.5679,1.7239538190986224e-06,3.6074861065559785
116,1,2,-877781142201.52576,6.4796478334545198e-08,0,2078555119628.5679,1.7239538190986224e-06,-7.9342550392658344
116,2,0,182641043623.306,7.8633298730678899e-07,0,2078555119628.5679,1.7239538190986224e-06,4.5304788502061477
116,2,1,-877781142201.52576,6.4796478334545198e-08,0,2078555119628.5679,1.7239538190986224e-06,-7.5347050579833121
116,2,2,513691827594.40424,5.1486591568019812e-07,1,2078555119628.5679,1.7239538190986224e-06,-4.2301728224908848
117,0,0,4287446840.3323565,1.0260067435470537e-06,1,739238073325.88611,2.1845315850956611e-06,-3.6369678909706864
117,0,1,-56039104255.607445,4.5272206642161141e-07,0,739238073325.88611,2.1845315850956611e-06,-1.4287380012109128
117,0,2,3268108865.220561,-9.9181501832277146e-07,0,739238073325.88611,2.1845315850956611e-06,-1.4953134017297305
117,1,0,-56039104255.607445,4.5272206642161141e-07,0,739238073325.88611,2.1845315850956611e-06,-0.39012906749517934
117,1,1,732459508588.89307,1.9976210752425172e-07,1,739238073325.88611,2.1845315850956611e-06,2.2001892751137166
117,1,2,-42715840041.196419,-4.3763508127710576e-07,0,739238073325.88611,2.1845315850956611e-06,0.55320675117083562
117,2,0,3268108865.220561,-9.9181501832277146e-07,0,739238073325.88611,2.1845315850956611e-06,-0.87175970483188403
117,2,1,-42715840041.196419,-4.3763508127710576e-07,0,739238073325.88611,2.1845315850956611e-06,-0.28458022760947255
117,2,2,2491117896.6606812,9.5876273402435596e-07,1,739238073325.88611,2.1845315850956611e-06,-3.3855145614183075
118,0,0,64246434520.256935,1.3109166016256785e-06,1,1810451316768.5269,2.1167822638348691e-06,-7.5152610452162509
118,0,1,145561420667.88892,1.0096998582473162e-06,0,1810451316768.5269,2.1167822638348691e-06,2.12833597021831
118,0,2,-301660919642.34003,1.9216886200799642e-07,0,1810451316768.5269,2.1167822638348691e-06,-0.92682792359691546
118,1,0,145561420667.88892,1.0096998582473162e-06,0,1810451316768.5269,2.1167822638348691e-06,1.3638483981246843
118,1,1,329794600199.54089,7.7769539456618965e-07,1,1810451316768.5269,2.1167822638348691e-06,-4.8515508047987002
118,1,2,-683465041305.53723,1.4801313255808973e-07,0,1810451316768.5269,2.1167822638348691e-06,-6.9160792365248431
118,2,0,-301660919642.34003,1.9216886200799642e-07,0,1810451316768.5269,2.1167822638348691e-06,-2.9446540906583731
118,2,1,-683465041305.53723,1.4801313255808973e-07,0,1810451316768.5269,2.1167822638348691e-06,-5.9301832278112352
118,2,2,1416410282048.7292,2.8170267643000759e-08,1,1810451316768.5269,2.1167822638348691e-06,3.9079065445571963
119,0,0,802719687292.19873,8.1660701493365347e-07,1,1429115841615.114,1.9602746441681636e-06,1.5747139090510918
119,0,1,-597677441597.55164,5.3842046256858294e-07,0,1429115841615.114,1.9602746441681636e-06,-4.9108811149598965
119,0,2,-381578564550.646,8.0251505548050307e-07,0,1429115841615.114,1.9602746441681636e-06,-3.523004161242917
119,1,0,-597677441597.55164,5.3842046256858294e-07,0,1429115841615.114,1.9602746441681636e-06,-4.2467702526663391
119,1,1,445010045037.75604,3.55001352194017e-07,1,1429115841615.114,1.9602746441681636e-06,-3.1056286409421472
119,1,2,284110261451.80328,5.291290908456993e-07,0,1429115841615.114,1.9602746441681636e-06,3.1651320492962229
119,2,0,-381578564550.646,8.0251505548050307e-07,0,1429115841615.114,1.9602746441681636e-06,-2.8477647626270395
119,2,1,284110261451.80328,5.291290908456993e-07,0,1429115841615.114,1.9602746441681636e-06,1.0756006777818761
119,2,2,181386109285.15915,7.8866627704049318e-07,1,1429115841615.114,1.9602746441681636e-06,-4.5589393413242458
120,0,0,791468008147.79626,1.2348674057786762e-07,1,1220694324920.8425,1.6429957300983458e-06,1.4117303183790375
120,0,1,458344218924.43506,-2.672505743288673e-07,0,1220694324920.8425,1.6429957300983458e-06,4.7244495544266716
120,0,2,-360054822158.41455,-3.4090518170826273e-07,0,1220694324920.8425,1.6429957300983458e-06,-1.7878387407121055
120,1,0,458344218924.43506,-2.672505743288673e-07,0,1220694324920.8425,1.6429957300983458e-06,2.7118797061470956
120,1,1,265430087961.58551,5.7838492736045593e-07,1,1220694324920.8425,1.6429957300983458e-06,-2.9330825340548516
120,1,2,-208510065515.31757,7.3778856885262303e-07,0,1220694324920.8425,1.6429957300983458e-06,-0.86710956996172306
120,2,0,-360054822158.41455,-3.4090518170826273e-07,0,1220694324920.8425,1.6429957300983458e-06,-3.8482431186267307
120,2,1,-208510065515.31757,7.3778856885262303e-07,0,1220694324920.8425,1.6429957300983458e-06,-0.87878105539088003
120,2,2,163796228811.46078,9.4112406216002233e-07,1,1220694324920.8425,1.6429957300983458e-06,-3.5497818953353399
121,0,0,74213652485.289032,1.010736939799296e-06,1,433590445712.13281,2.3862362521598181e-06,-2.1670165487783386
121,0,1,151133681400.62427,9.077690902099096e-07,0,433590445712.13281,2.3862362521598181e-06,2.2940745984124344
121,0,2,61881134363.464577,7.5247806913609337e-07,0,433590445712.13281,2.3862362521598181e-06,0.29453334776541551
121,1,0,151133681400.62427,9.077690902099096e-07,0,433590445712.13281,2.3862362521598181e-06,1.4421916904231753
121,1,1,307778810081.24652,8.1529099085283161e-07,1,433590445712.13281,2.3862362521598181e-06,-0.57496557079918753
121,1,2,126018910704.48174,6.7582009257346491e-07,0,433590445712.13281,2.3862362521598181e-06,1.2002998594860206
121,2,0,61881134363.464577,7.5247806913609337e-07,0,433590445712.13281,2.3862362521598181e-06,0.95772384065191241
121,2,1,126018910704.48174,6.7582009257346491e-07,0,433590445712.13281,2.3862362521598181e-06,2.1800936508308784
121,2,2,51597983145.597267,5.6020832150769054e-07,1,433590445712.13281,2.3862362521598181e-06,-1.9657538204056868
122,0,0,786339494920.2002,9.5845484171400155e-09,1,1822242194222.356,6.4512482857439224e-07,-2.3150063934224745
122,0,1,801377280652.22925,-3.8735301923461057e-08,0,1822242194222.356,6.4512482857439224e-07,7.8823698400786251
122,0,2,415169434580.83142,-6.775649763017735e-08,0,1822242194222.356,6.4512482857439224e-07,3.5119072510697107
122,1,0,801377280652.22925,-3.8735301923461057e-08,0,1822242194222.356,6.4512482857439224e-07,7.5278191352374284
122,1,1,816702645732.85181,1.5654609375424337e-07,1,1822242194222.356,6.4512482857439224e-07,-0.38035485502563393
122,1,2,423109044685.68542,2.7383328653102594e-07,0,1822242194222.356,6.4512482857439224e-07,5.3263483839088455
122,2,0,415169434580.83142,-6.775649763017735e-08,0,1822242194222.356,6.4512482857439224e-07,5.4425991477416478
122,2,1,423109044685.68542,2.7383328653102594e-07,0,1822242194222.356,6.4512482857439224e-07,3.8949440454324629
122,2,2,219200053569.30392,4.7899418640300882e-07,1,1822242194222.356,6.4512482857439224e-07,-5.809507850517222
123,0,0,789606320579.53979,2.1416099144974133e-07,1,1848365189758.4937,1.6145497244601349e-06,-2.3355413732356496
123,0,1,447188155695.22986,4.9303038299349264e-07,0,1848365189758.4937,1.6145497244601349e-06,5.3587374982028262
123,0,2,-797512036573.27136,2.3838976681443971e-07,0,1848365189758.4937,1.6145497244601349e-06,-7.9713985617799823
123,1,0,447188155695.22986,4.9303038299349264e-07,0,1848365189758.4937,1.6145497244601349e-06,2.6393538049949727
123,1,1,253261962806.13077,1.1350291054837367e-06,1,1848365189758.4937,1.6145497244601349e-06,-5.1742524460482606
123,1,2,-451665504042.81189,5.4880861934109516e-07,0,1848365189758.4937,1.6145497244601349e-06,-4.0618747685867653
123,2,0,-797512036573.27136,2.3838976681443971e-07,0,1848365189758.4937,1.6145497244601349e-06,-6.1496138397957392
123,2,1,-451665504042.81189,5.4880861934109516e-07,0,1848365189758.4937,1.6145497244601349e-06,-3.1715618456138435
123,2,2,805496906372.82312,2.6535962752665704e-07,1,1848365189758.4937,1.6145497244601349e-06,-2.4894361373059493
124,0,0,783308242309.14844,3.4380972312876983e-08,1,1857993689956.9155,6.8598807759902374e-07,-3.2303756443377187
124,0,1,521434597396.42883,1.4957968800130634e-07,0,1857993689956.9155,6.8598807759902374e-07,3.6956200752413029
124,0,2,-754927764537.91724,-5.3668224443128411e-09,0,1857993689956.9155,6.8598807759902374e-07,-6.6730921541645252
124,1,0,521434597396.42883,1.4957968800130634e-07,0,1857993689956.9155,6.8598807759902374e-07,3.5768843507914632
124,1,1,347109891963.40839,6.5076935169131915e-07,1,1857993689956.9155,6.8598807759902374e-07,-5.3042893485400278
124,1,2,-502542209698.6626,-2.3349183364370881e-08,0,1857993689956.9155,6.8598807759902374e-07,-5.8651146419321698
124,2,0,-754927764537.91724,-5.3668224443128411e-09,0,1857993689956.9155,6.8598807759902374e-07,-6.5307034236138204
124,2,1,-502542209698.6626,-2.3349183364370881e-08,0,1857993689956.9155,6.8598807759902374e-07,-4.3811180188582002
124,2,2,727575555684.35864,8.3775359482757618e-10,1,1857993689956.9155,6.8598807759902374e-07,-2.3531667070702769
125,0,0,854881318355.18774,2.6086794386781854e-07,1,1005619927066.3293,2.5067553006260204e-06,3.1980552192906355
125,0,1,317425199004.5293,-5.0281941515619033e-07,0,1005619927066.3293,2.5067553006260204e-06,3.8310257087692015
125,0,2,-167645052354.49847,5.7710714140290151e-07,0,1005619927066.3293,2.5067553006260204e-06,-0.50034422820176272
125,1,0,317425199004.5293,-5.0281941515619033e-07,0,1005619927066.3293,2.5067553006260204e-06,0.70315909171810587
125,1,1,117862859790.79213,9.6917758659577055e-07,1,1005619927066.3293,2.5067553006260204e-06,-4.3066454666119593
125,1,2,-62248130779.296822,-1.1123661689521421e-06,0,1005619927066.3293,2.5067553006260204e-06,-1.0464855598737057
125,2,0,-167645052354.49847,5.7710714140290151e-07,0,1005619927066.3293,2.5067553006260204e-06,-1.6085723020294393
125,2,1,-62248130779.296822,-1.1123661689521421e-06,0,1005619927066.3293,2.5067553006260204e-06,-1.9027577410634708
125,2,2,32875748920.34951,1.2767097701624311e-06,1,1005619927066.3293,2.5067553006260204e-06,-3.586663627539151
126,0,0,54700744503.450272,1.1519788181154902e-06,1,976215269192.52759,1.562582451164987e-06,-3.2240314728182118
126,0,1,-183658704692.38141,5.6135145229041277e-07,0,976215269192.52759,1.562582451164987e-06,0.067150685600799953
126,0,2,-129139501168.12544,-3.973553006136074e-07,0,976215269192.52759,1.562582451164987e-06,-1.8580416245205154
126,1,0,-183658704692.38141,5.6135145229041277e-07,0,976215269192.52759,1.562582451164987e-06,0.12508023807340352
126,1,1,616637307507.86755,2.7354274925301972e-07,1,976215269192.52759,1.562582451164987e-06,0.39677920915652454
126,1,2,433588129822.66083,-1.9362853862160152e-07,0,976215269192.52759,1.562582451164987e-06,5.1207596730060416
126,2,0,-129139501168.12544,-3.973553006136074e-07,0,976215269192.52759,1.562582451164987e-06,-1.3613600981495957
126,2,1,433588129822.66083,-1.9362853862160152e-07,0,976215269192.52759,1.562582451164987e-06,2.8609137476365047
126,2,2,304877217181.20972,1.3706088379647719e-07,1,976215269192.52759,1.562582451164987e-06,-3.143086966383418
127,0,0,153294464771.50018,9.0921192938204509e-07,1,1743133546259.4272,1.8888073985818724e-06,-6.5754606411027119
127,0,1,426568910476.15247,3.3941518134683733e-07,0,1743133546259.4272,1.8888073985818724e-06,3.8038868239070349
127,0,2,-248500494334.90771,8.806004890053027e-07,0,1743133546259.4272,1.8888073985818724e-06,-0.70329584279977564
127,1,0,426568910476.15247,3.3941518134683733e-07,0,1743133546259.4272,1.8888073985818724e-06,3.9420373214425055
127,1,1,1187003298886.5044,1.26706064456287e-07,1,1743133546259.4272,1.8888073985818724e-06,1.8790524485560667
127,1,2,-691496495188.09241,3.2873433026004339e-07,0,1743133546259.4272,1.8888073985818724e-06,-4.8295820643810359
127,2,0,-248500494334.90771,8.806004890053027e-07,0,1743133546259.4272,1.8888073985818724e-06,-1.7081703695268002
127,2,1,-691496495188.09241,3.2873433026004339e-07,0,1743133546259.4272,1.8888073985818724e-06,-6.4126983806651969
127,2,2,402835782601.42279,8.5288940474354036e-07,1,1743133546259.4272,1.8888073985818724e-06,-3.8678574784116226
128,0,0,1036658011359.1321,2.6785902811560786e-07,1,2320965125924.4097,7.464769790256075e-07,-1.4854542906145496
128,0,1,-769227231522.49036,-3.5143902208942807e-07,0,2320965125924.4097,7.464769790256075e-07,-6.4654902170660744
128,0,2,860044606775.64319,6.8503670867061607e-08,0,2320965125924.4097,7.464769790256075e-07,7.1152300187272646
128,1,0,-769227231522.49036,-3.5143902208942807e-07,0,2320965125924.4097,7.464769790256075e-07,-7.3018945678311447
128,1,1,570786630915.99561,4.6109846330759811e-07,1,2320965125924.4097,7.464769790256075e-07,-5.0586567703813934
128,1,2,-638175487582.94177,-8.9878856308944244e-08,0,2320965125924.4097,7.464769790256075e-07,-6.0801779854745774
128,2,0,860044606775.64319,6.8503670867061607e-08,0,2320965125924.4097,7.464769790256075e-07,7.6568614326302988
128,2,1,-638175487582.94177,-8.9878856308944244e-08,0,2320965125924.4097,7.464769790256075e-07,-4.9410646642894456
128,2,2,713520483649.28198,1.7519487602401497e-08,1,2320965125924.4097,7.464769790256075e-07,-3.9867202708520209
129,0,0,918134409560.99536,2.9267498865039221e-07,1,1852919910287.2349,1.3261854102544658e-06,-0.06875043268090969
129,0,1,-590435754602.73633,-3.6933282180859719e-07,0,1852919910287.2349,1.3261854102544658e-06,-6.1243683864458394
129,0,2,713893797046.98547,-4.07524131368847e-07,0,1852919910287.2349,1.3261854102544658e-06,6.7882005304263169
129,1,0,-590435754602.73633,-3.6933282180859719e-07,0,1852919910287.2349,1.3261854102544658e-06,-4.8865032094961878
129,1,1,379698633100.99896,4.6606897943043016e-07,1,1852919910287.2349,1.3261854102544658e-06,-4.3866579619735173
129,1,2,-459092283631.10065,5.1426340900398638e-07,0,1852919910287.2349,1.3261854102544658e-06,-4.351105094195808
129,2,0,713893797046.98547,-4.07524131368847e-07,0,1852919910287.2349,1.3261854102544658e-06,5.8364248878014457
129,2,1,-459092283631.10065,5.1426340900398638e-07,0,1852919910287.2349,1.3261854102544658e-06,-3.048917694567514
129,2,2,555086867625.24036,5.6744144217364339e-07,1,1852919910287.2349,1.3261854102544658e-06,-3.740505266819417
130,0,0,859472012.05193877,1.4108821267319058e-06,1,1162034632251.106,1.6531772998781674e-06,-4.8126676161109376
130,0,1,-16522654105.505627,5.7486283161820536e-07,0,1162034632251.106,1.6531772998781674e-06,2.1379138269283517
130,0,2,26925813871.175934,-1.0668952155376859e-07,0,1162034632251.106,1.6531772998781674e-06,1.9653209432179009
130,1,0,-16522654105.505627,5.7486283161820536e-07,0,1162034632251.106,1.6531772998781674e-06,1.4873288999994989
130,1,1,317634658094.81689,2.3422741624885304e-07,1,1162034632251.106,1.6531772998781674e-06,-2.2322805406122255
130,1,2,-517626988272.16779,-4.3470563062880989e-08,0,1162034632251.106,1.6531772998781674e-06,-5.5936576162277962
130,2,0,26925813871.175934,-1.0668952155376859e-07,0,1162034632251.106,1.6531772998781674e-06,0.62931207847324933
130,2,1,-517626988272.16779,-4.3470563062880989e-08,0,1162034632251.106,1.6531772998781674e-06,-4.9615382937885757
130,2,2,843540502144.23718,8.0677568974087443e-09,1,1162034632251.106,1.6531772998781674e-06,1.0188187993442239
131,0,0,397085792693.36072,1.8965506987218556e-07,1,1396811435891.1221,1.2469892942495543e-06,-3.3303297813173312
131,0,1,-625907513620.85156,3.2694209420537788e-08,0,1396811435891.1221,1.2469892942495543e-06,-5.4060525290654367
131,0,2,72226268753.31778,4.4660932018141876e-07,0,1396811435891.1221,1.2469892942495543e-06,0.48678136653995208
131,1,0,-625907513620.85156,3.2694209420537788e-08,0,1396811435891.1221,1.2469892942495543e-06,-6.0382347212678189
131,1,1,986588346437.172,5.6360809671703192e-09,1,1396811435891.1221,1.2469892942495543e-06,2.5418217927235047
131,1,2,-113846843995.27344,7.6989972654122829e-08,0,1396811435891.1221,1.2469892942495543e-06,-0.80874248548421401
131,2,0,72226268753.31778,4.4660932018141876e-07,0,1396811435891.1221,1.2469892942495543e-06,1.2116110268287517
131,2,1,-113846843995.27344,7.6989972654122829e-08,0,1396811435891.1221,1.2469892942495543e-06,-0.83960860190310627
131,2,2,13137296760.589212,1.0516981434101983e-06,1,1396811435891.1221,1.2469892942495543e-06,-6.1442013473073542
132,0,0,913851468645.60645,3.3183744964381312e-07,1,1143763632398.7749,1.7651327849588275e-06,1.7354238303999523
132,0,1,-436385325468.35303,-3.6189562621701984e-07,0,1143763632398.7749,1.7651327849588275e-06,-3.8571535071030176
132,0,2,-140261955715.73111,-5.870712259873578e-07,0,1143763632398.7749,1.7651327849588275e-06,-2.1797381235619042
132,1,0,-436385325468.35303,-3.6189562621701984e-07,0,1143763632398.7749,1.7651327849588275e-06,-6.0590925790177019
132,1,1,208384139893.49335,3.9467650325660212e-07,1,1143763632398.7749,1.7651327849588275e-06,-3.8455220498060907
132,1,2,66978345273.71508,6.4024873982950583e-07,0,1143763632398.7749,1.7651327849588275e-06,0.056654362408433911
132,2,0,-140261955715.73111,-5.870712259873578e-07,0,1143763632398.7749,1.7651327849588275e-06,-1.0604984722338924
132,2,1,66978345273.71508,6.4024873982950583e-07,0,1143763632398.7749,1.7651327849588275e-06,1.6020081745765127
132,2,2,21528023859.675064,1.0386188320584123e-06,1,1143763632398.7749,1.7651327849588275e-06,-4.4415671933534
133,0,0,878377091843.07629,2.1816315103707512e-07,1,1631273252731.6597,9.425852163595868e-07,-0.060373631365195302
133,0,1,-658802672986.37207,1.8166748003882934e-07,0,1631273252731.6597,9.425852163595868e-07,-4.9945512234113147
133,0,2,-476765957600.94086,3.5360872040701507e-07,0,1631273252731.6597,9.425852163595868e-07,-3.6431618746835612
133,1,0,-658802672986.37207,1.8166748003882934e-07,0,1631273252731.6597,9.425852163595868e-07,-6.0772444855324643
133,1,1,494116895766.59338,1.5127702889682706e-07,1,1631273252731.6597,9.425852163595868e-07,-3.3772356725296717
133,1,2,357585244621.24835,2.9445488319510221e-07,0,1631273252731.6597,9.425852163595868e-07,4.2552023136259516
133,2,0,-476765957600.94086,3.5360872040701507e-07,0,1631273252731.6597,9.425852163595868e-07,-4.3795397652648065
133,2,1,357585244621.24835,2.9445488319510221e-07,0,1631273252731.6597,9.425852163595868e-07,3.6911492036549505
133,2,2,258779265121.99014,5.7314503642568463e-07,1,1631273252731.6597,9.425852163595868e-07,-4.2103723807852056
134,0,0,341472569143.64148,6.5255826127652058e-07,1,1265701597744.3975,1.6488020731043941e-06,-1.5267380722320198
134,0,1,489349010659.5614,-2.0591525732509048e-07,0,1265701597744.3975,1.6488020731043941e-06,5.7471190396307321
134,0,2,-275928263575.77197,7.7955502464844134e-07,0,1265701597744.3975,1.6488020731043941e-06,-0.98648449736887278
134,1,0,489349010659.5614,-2.0591525732509048e-07,0,1265701597744.3975,1.6488020731043941e-06,2.7403852982317147
134,1,1,701264101049.24402,6.4976716586675509e-08,1,1265701597744.3975,1.6488020731043941e-06,-0.41786070740871351
134,1,2,-395420408533.65277,-2.4598918292068018e-07,0,1265701597744.3975,1.6488020731043941e-06,-4.22163136581855
134,2,0,-275928263575.77197,7.7955502464844134e-07,0,1265701597744.3975,1.6488020731043941e-06,-0.2880989470951747
134,2,1,-395420408533.65277,-2.4598918292068018e-07,0,1265701597744.3975,1.6488020731043941e-06,-4.3664440873936474
134,2,2,222964927551.51199,9.3126709524119776e-07,1,1265701597744.3975,1.6488020731043941e-06,-3.3054352507915414
135,0,0,58046931133.496429,1.084133636701998e-06,1,1901834030129.7185,2.2517146370507733e-06,-7.8758155742704741
135,0,1,-138584039714.30988,-1.0515943821396689e-06,0,1901834030129.7185,2.2517146370507733e-06,-2.9508804524354511
135,0,2,296345485365.85712,-3.9995386171977658e-07,0,1901834030129.7185,2.2517146370507733e-06,2.6600171539146347
135,1,0,-138584039714.30988,-1.0515943821396689e-06,0,1901834030129.7185,2.2517146370507733e-06,-1.6860471980303622
135,1,1,330862212497.82349,1.0200317627924349e-06,1,1901834030129.7185,2.2517146370507733e-06,-6.3382727852233192
135,1,2,-707509487773.75317,3.8794962157897961e-07,0,1901834030129.7185,2.2517146370507733e-06,-4.7845883494493293
135,2,0,296345485365.85712,-3.9995386171977658e-07,0,1901834030129.7185,2.2517146370507733e-06,0.3686615743717041
135,2,1,-707509487773.75317,3.8794962157897961e-07,0,1901834030129.7185,2.2517146370507733e-06,-6.5212547105293339
135,2,2,1512924886498.3987,1.4754923755634025e-07,1,1901834030129.7185,2.2517146370507733e-06,4.7981878500643687
136,0,0,521903636454.0144,9.4827493819840744e-07,1,1069550164387.582,2.2966613042564301e-06,-1.0167829581922692
136,0,1,-529715818330.6413,-1.1372324173833344e-07,0,1069550164387.582,2.2966613042564301e-06,-4.4483533660093828
136,0,2,-72248641719.01738,-1.1250368981636875e-06,0,1069550164387.582,2.2966613042564301e-06,-2.7383773130525499
136,1,0,-529715818330.6413,-1.1372324173833344e-07,0,1069550164387.582,2.2966613042564301e-06,-4.8688410057093066
136,1,1,537644937858.99292,1.3638424037701879e-08,1,1069550164387.582,2.2966613042564301e-06,-2.2853981631888809
136,1,2,73330104828.343597,1.3492167511828133e-07,0,1069550164387.582,2.2966613042564301e-06,-0.050182074188708459
136,2,0,-72248641719.01738,-1.1250368981636875e-06,0,1069550164387.582,2.2966613042564301e-06,-2.9672600530520494
136,2,1,73330104828.343597,1.3492167511828133e-07,0,1069550164387.582,2.2966613042564301e-06,0.37191858220903684
136,2,2,10001590074.574747,1.3347479420203207e-06,1,1069550164387.582,2.2966613042564301e-06,-4.7546136213787955
137,0,0,99839525946.72821,5.3564659570322215e-07,1,1971542201439.3413,6.3471726790743878e-07,-8.0901472556451903
137,0,1,256873827414.84763,-2.1550009271479197e-07,0,1971542201439.3413,6.3471726790743878e-07,2.8597406345514997
137,0,2,347686273274.70441,-8.1403798069466748e-08,0,1971542201439.3413,6.3471726790743878e-07,2.1903444508295733
137,1,0,256873827414.84763,-2.1550009271479197e-07,0,1971542201439.3413,6.3471726790743878e-07,2.7046257618607124
137,1,1,660902208669.9447,8.6699496146549631e-08,1,1971542201439.3413,6.3471726790743878e-07,-2.0685856386475256
137,1,2,894550559097.52905,3.2750186731375805e-08,0,1971542201439.3413,6.3471726790743878e-07,8.0795748736057345
137,2,0,347686273274.70441,-8.1403798069466748e-08,0,1971542201439.3413,6.3471726790743878e-07,2.2174595491140163
137,2,1,894550559097.52905,3.2750186731375805e-08,0,1971542201439.3413,6.3471726790743878e-07,6.750094169897995
137,2,2,1210800466822.6685,1.2371176057666964e-08,1,1971542201439.3413,6.3471726790743878e-07,1.3110576015480415
138,0,0,956446905423.5481,8.3324316040117692e-13,1,1635194591205.7546,1.2016601824853404e-06,1.1903722015464777
138,0,1,201966408053.51364,-8.3488058137368107e-10,0,1635194591205.7546,1.2016601824853404e-06,1.935133493828729
138,0,2,779997239512.90222,-5.5158757122810501e-10,0,1635194591205.7546,1.2016601824853404e-06,7.7752840327533281
138,1,0,201966408053.51364,-8.3488058137368107e-10,0,1635194591205.7546,1.2016601824853404e-06,2.5182519828692853
138,1,1,42647877002.618301,8.3652122007129684e-07,1,1635194591205.7546,1.2016601824853404e-06,-6.5881668478983704
138,1,2,164706728478.89639,5.5267150578673573e-07,0,1635194591205.7546,1.2016601824853404e-06,2.3515094341596954
138,2,0,779997239512.90222,-5.5158757122810501e-10,0,1635194591205.7546,1.2016601824853404e-06,8.6278824958970599
138,2,1,164706728478.89639,5.5267150578673573e-07,0,1635194591205.7546,1.2016601824853404e-06,3.2536930440674943
138,2,2,636099808779.58813,3.6513812917088312e-07,1,1635194591205.7546,1.2016601824853404e-06,-1.9816351570930129
139,0,0,1430810410.9198983,8.8470866206663084e-07,1,879410447486.40869,2.0289620383080834e-06,-3.3669982347238814
139,0,1,24342811990.113216,5.9928368457402653e-07,0,879410447486.40869,2.0289620383080834e-06,1.2481412518575223
139,0,2,-25761403488.887856,-8.0820166973545623e-07,0,879410447486.40869,2.0289620383080834e-06,0.18367163469242853
139,1,0,24342811990.113216,5.9928368457402653e-07,0,879410447486.40869,2.0289620383080834e-06,1.3294953076604572
139,1,1,414151652143.08331,4.0594260008451573e-07,1,879410447486.40869,2.0289620383080834e-06,-1.3032569767308666
139,1,2,-438286580070.56628,-5.4745940136558424e-07,0,879410447486.40869,2.0289620383080834e-06,-5.8671910371456644
139,2,0,-25761403488.887856,-8.0820166973545623e-07,0,879410447486.40869,2.0289620383080834e-06,-0.33966800694098864
139,2,1,-438286580070.56628,-5.4745940136558424e-07,0,879410447486.40869,2.0289620383080834e-06,-2.4943701153048901
139,2,2,463827984932.40546,7.383107761569369e-07,1,879410447486.40869,2.0289620383080834e-06,-0.48555105679129901
140,0,0,69319654303.85788,1.1033396129892555e-06,1,1717739605453.7432,2.0050904034783687e-06,-7.0276819972931399
140,0,1,-304786396520.11877,-7.6158148526662449e-08,0,1717739605453.7432,2.0050904034783687e-06,-3.7416533202765936
140,0,2,-146195600677.90436,-9.945538218739117e-07,0,1717739605453.7432,2.0050904034783687e-06,-0.99247698289666397
140,1,0,-304786396520.11877,-7.6158148526662449e-08,0,1717739605453.7432,2.0050904034783687e-06,-4.9457747220859245
140,1,1,1340092480792.2644,5.256825295427564e-09,1,1717739605453.7432,2.0050904034783687e-06,2.0897720975366236
140,1,2,642796487737.71912,6.8649196305771315e-08,0,1717739605453.7432,2.0050904034783687e-06,6.1050539705765265
140,2,0,-146195600677.90436,-9.945538218739117e-07,0,1717739605453.7432,2.0050904034783687e-06,-2.1622962767461109
140,2,1,642796487737.71912,6.8649196305771315e-08,0,1717739605453.7432,2.0050904034783687e-06,5.2866809445022538
140,2,2,308327470357.62097,8.9649396519368587e-07,1,1717739605453.7432,2.0050904034783687e-06,-5.144972938625882
141,0,0,724866420716.22632,1.9482484847782738e-07,1,1562794131935.4932,1.4161239138071211e-06,-0.57430085139248188
141,0,1,-775465142243.10901,-2.6501254721219683e-07,0,1562794131935.4932,1.4161239138071211e-06,-7.4693769545007402
141,0,2,77714052888.292511,-4.0952137327494275e-07,0,1562794131935.4932,1.4161239138071211e-06,-0.65608246639719869
141,1,0,-775465142243.10901,-2.6501254721219683e-07,0,1562794131935.4932,1.4161239138071211e-06,-7.956518904322694
141,1,1,829595867111.55261,3.6048610189418305e-07,1,1562794131935.4932,1.4161239138071211e-06,0.6906826467990449
141,1,2,-83138820277.75827,5.5705575093405407e-07,0,1562794131935.4932,1.4161239138071211e-06,-0.79529283775161175
141,2,0,77714052888.292511,-4.0952137327494275e-07,0,1562794131935.4932,1.4161239138071211e-06,-0.92376032367311334
141,2,1,-83138820277.75827,5.5705575093405407e-07,0,1562794131935.4932,1.4161239138071211e-06,-0.19497821831985662
141,2,2,8331844107.7141361,8.6081296343511055e-07,1,1562794131935.4932,1.4161239138071211e-06,-6.4110745681307764
142,0,0,19089313.660198342,9.2632965673697492e-07,1,1554006871079.6592,1.1353893348574081e-06,-5.7658388806837859
142,0,1,3992979317.0483155,4.3819050563572259e-07,0,1554006871079.6592,1.1353893348574081e-06,0.59074940547741617
142,0,2,-3704143134.9060168,-4.0586458844707998e-08,0,1554006871079.6592,1.1353893348574081e-06,-0.67750440359882136
142,1,0,3992979317.0483155,4.3819050563572259e-07,0,1554006871079.6592,1.1353893348574081e-06,0.83368011185026281
142,1,1,835225619432.24792,2.0728141200364312e-07,1,1554006871079.6592,1.1353893348574081e-06,0.67115145349358152
142,1,2,-774808732694.50793,-1.9198997671922598e-08,0,1554006871079.6592,1.1353893348574081e-06,-6.9126888134098472
142,2,0,-3704143134.9060168,-4.0586458844707998e-08,0,1554006871079.6592,1.1353893348574081e-06,-0.10649579704645745
142,2,1,-774808732694.50793,-1.9198997671922598e-08,0,1554006871079.6592,1.1353893348574081e-06,-6.626341385555194
142,2,2,718762162333.75122,1.7782661167901101e-09,1,1554006871079.6592,1.1353893348574081e-06,-1.0091818965942414
143,0,0,890504545237.6825,3.3852972210017997e-08,1,1259914520337.3721,1.4739203479086573e-06,1.9032378621714177
143,0,1,100664197883.30011,-1.8784868906440096e-07,0,1259914520337.3721,1.4739203479086573e-06,-0.22755149240231909
143,0,2,-564648546572.93201,1.1603202517781716e-07,0,1259914520337.3721,1.4739203479086573e-06,-5.9750147700432183
143,1,0,100664197883.30011,-1.8784868906440096e-07,0,1259914520337.3721,1.4739203479086573e-06,-0.05130702491397543
143,1,1,11379257736.16748,1.042364308938628e-06,1,1259914520337.3721,1.4739203479086573e-06,-4.8430942732436248
143,1,2,-63828863458.034821,-6.4385672501424744e-07,0,1259914520337.3721,1.4739203479086573e-06,-0.82969111621838998
143,2,0,-564648546572.93201,1.1603202517781716e-07,0,1259914520337.3721,1.4739203479086573e-06,-3.9414085889754911
143,2,1,-63828863458.034821,-6.4385672501424744e-07,0,1259914520337.3721,1.4739203479086573e-06,-1.2562736670259491
143,2,2,358030717363.52222,3.9770306676001135e-07,1,1259914520337.3721,1.4739203479086573e-06,-3.3843865149666068
144,0,0,1016090971428.4381,4.6033751185702193e-10,1,1241469866168.0027,1.4998851561344332e-06,3.6173314772602998
144,0,1,-462149873685.8064,1.8095612860672696e-08,0,1241469866168.0027,1.4998851561344332e-06,-4.0952766462783066
144,0,2,124189187724.15379,1.9047054507667059e-08,0,1241469866168.0027,1.4998851561344332e-06,2.306160110268296
144,1,0,-462149873685.8064,1.8095612860672696e-08,0,1241469866168.0027,1.4998851561344332e-06,-3.5102862646378612
144,1,1,210200180646.76715,7.1132852824092138e-07,1,1241469866168.0027,1.4998851561344332e-06,-2.3339063152906228
144,1,2,-56485117015.82692,7.4872917289852701e-07,0,1241469866168.0027,1.4998851561344332e-06,-0.11474559420661773
144,2,0,124189187724.15379,1.9047054507667059e-08,0,1241469866168.0027,1.4998851561344332e-06,1.9508706319325542
144,2,1,-56485117015.82692,7.4872917289852701e-07,0,1241469866168.0027,1.4998851561344332e-06,0.94923631834554778
144,2,2,15178714092.797476,7.8809629038165485e-07,1,1241469866168.0027,1.4998851561344332e-06,-5.6743041402173935
145,0,0,219601194977.89078,8.6588029891116747e-07,1,2366210681631.4473,1.1855735361791175e-06,-8.4210331032656036
145,0,1,-542133333561.50616,4.4709604195137863e-07,0,2366210681631.4473,1.1855735361791175e-06,-5.8308087053625863
145,0,2,421294976306.96527,2.7734672364544435e-07,0,2366210681631.4473,1.1855735361791175e-06,2.5131030913758492
145,1,0,-542133333561.50616,4.4709604195137863e-07,0,2366210681631.4473,1.1855735361791175e-06,-4.3242025884623638
145,1,1,1338374098502.0674,2.3085739562379926e-07,1,2366210681631.4473,1.1855735361791175e-06,1.5692518782191727
145,1,2,-1040058319996.873,1.4320758024635747e-07,0,2366210681631.4473,1.1855735361791175e-06,-8.4837682512499644
145,2,0,421294976306.96527,2.7734672364544435e-07,0,2366210681631.4473,1.1855735361791175e-06,4.2664962152556178
145,2,1,-1040058319996.873,1.4320758024635747e-07,0,2366210681631.4473,1.1855735361791175e-06,-8.2683235401773558
145,2,2,808235388151.48914,8.8835841644150856e-08,1,2366210681631.4473,1.1855735361791175e-06,-4.0845664493183742
146,0,0,1102291471419.8577,2.5835038585315541e-08,1,2037151791184.2026,2.8935409427369663e-07,0.47680803255427784
146,0,1,699574304523.83875,-4.3369581678061732e-08,0,2037151791184.2026,2.8935409427369663e-07,6.8591025755915034
146,0,2,-735584359468.75977,7.0193335557908716e-08,0,2037151791184.2026,2.8935409427369663e-07,-6.0549415290103514
146,1,0,699574304523.83875,-4.3369581678061732e-08,0,2037151791184.2026,2.8935409427369663e-07,5.9601415769925721
146,1,1,443988019720.05908,7.2805024413595035e-08,1,2037151791184.2026,2.8935409427369663e-07,-4.3409386783789197
146,1,2,-466841965157.47504,-1.1783437402971989e-07,0,2037151791184.2026,2.8935409427369663e-07,-5.4643588122844209
146,2,0,-735584359468.75977,7.0193335557908716e-08,0,2037151791184.2026,2.8935409427369663e-07,-6.9384954919026169
146,2,1,-466841965157.47504,-1.1783437402971989e-07,0,2037151791184.2026,2.8935409427369663e-07,-4.4985591250160528
146,2,2,490872300044.28583,1.9071403127478604e-07,1,2037151791184.2026,2.8935409427369663e-07,-4.1310295172677041
147,0,0,812559317770.18018,4.8372901820887286e-07,1,1526494826393.0247,1.6870755900986263e-06,0.15176729468023237
147,0,1,-734135408021.48572,-4.0819790219654619e-07,0,1526494826393.0247,1.6870755900986263e-06,-8.021470268928697
147,0,2,-202879650304.34094,6.4456817205597595e-07,0,1526494826393.0247,1.6870755900986263e-06,-0.80621506263965204
147,1,0,-734135408021.48572,-4.0819790219654619e-07,0,1526494826393.0247,1.6870755900986263e-06,-5.7932645170623349
147,1,1,663280557522.70435,3.4446047494655913e-07,1,1526494826393.0247,1.6870755900986263e-06,-0.83241919171631873
147,1,2,183298783975.74338,-5.4392307625072234e-07,0,1526494826393.0247,1.6870755900986263e-06,1.7829660127742395
147,2,0,-202879650304.34094,6.4456817205597595e-07,0,1526494826393.0247,1.6870755900986263e-06,-3.0232914180271844
147,2,1,183298783975.74338,-5.4392307625072234e-07,0,1526494826393.0247,1.6870755900986263e-06,0.32839070986930441
147,2,2,50654951100.140091,8.5888609694319428e-07,1,1526494826393.0247,1.6870755900986263e-06,-5.9991513993854699
148,0,0,1409294463194.5056,3.4494957460372454e-08,1,2395560249946.6484,9.7313920730820106e-07,1.4787929065240482
148,0,1,-681710698392.72986,1.7946040120300131e-07,0,2395560249946.6484,9.7313920730820106e-07,-5.3973787438350822
148,0,2,-961878077619.43726,1.3132321538169377e-08,0,2395560249946.6484,9.7313920730820106e-07,-9.6815645968751056
148,1,0,-681710698392.72986,1.7946040120300131e-07,0,2395560249946.6484,9.7313920730820106e-07,-5.9513880052660424
148,1,1,329760378998.21313,9.3364474030560094e-07,1,2395560249946.6484,9.7313920730820106e-07,-8.1753079616996516
148,1,2,465284291670.49286,6.832104937871244e-08,0,2395560249946.6484,9.7313920730820106e-07,2.3032282377518989
148,2,0,-961878077619.43726,1.3132321538169377e-08,0,2395560249946.6484,9.7313920730820106e-07,-8.2314462711371412
148,2,1,465284291670.49286,6.832104937871244e-08,0,2395560249946.6484,9.7313920730820106e-07,4.9808257313109969
148,2,2,656505407753.92969,4.9995095422276026e-09,1,2395560249946.6484,9.7313920730820106e-07,-5.023875346604739
149,0,0,7042885259.3178453,9.5939185259677744e-07,1,1801442311570.7656,1.642824486204567e-06,-7.823389620918352
149,0,1,-93220979452.599808,-2.6205246528940547e-07,0,1801442311570.7656,1.642824486204567e-06,-2.5155790700781977
149,0,2,62829915317.42865,7.6616460758626592e-07,0,1801442311570.7656,1.642824486204567e-06,2.0999601281576492
149,1,0,-93220979452.599808,-2.6205246528940547e-07,0,1801442311570.7656,1.642824486204567e-06,-1.0756925473209935
149,1,1,1233890755014.7625,7.1578150656983936e-08,1,1801442311570.7656,1.642824486204567e-06,3.5455082646276228
149,1,2,-831628803985.64124,-2.0927353478355492e-07,0,1801442311570.7656,1.642824486204567e-06,-6.627452275042697
149,2,0,62829915317.42865,7.6616460758626592e-07,0,1801442311570.7656,1.642824486204567e-06,-0.69536832751539679
149,2,1,-831628803985.64124,-2.0927353478355492e-07,0,1801442311570.7656,1.642824486204567e-06,-6.8067696414575938
149,2,2,560508671296.68518,6.1185448295080568e-07,1,1801442311570.7656,1.642824486204567e-06,-4.0420685677159813
