p,i,j,EE,BB,delta,E2,B2,T
0,0,0,81948002464.283844,8.5253006995308434e-07,1,471419243429.15997,2.3878838057175005e-06,-1.5771239425709451
0,0,1,59213513919.691742,8.7265454398645286e-07,0,471419243429.15997,2.3878838057175005e-06,1.3420270843794411
0,0,2,168553107309.35764,7.3987112027282355e-07,0,471419243429.15997,2.3878838057175005e-06,2.2440143982946292
0,1,0,59213513919.691742,8.7265454398645286e-07,0,471419243429.15997,2.3878838057175005e-06,1.1330422038837984
0,1,1,42786158603.996292,8.9325406807306127e-07,1,471419243429.15997,2.3878838057175005e-06,-1.9837379701754529
0,1,2,121792129957.2847,7.5733621349679531e-07,0,471419243429.15997,2.3878838057175005e-06,1.2865872020612379
0,2,0,168553107309.35764,7.3987112027282355e-07,0,471419243429.15997,2.3878838057175005e-06,1.9076179741738413
0,2,1,121792129957.2847,7.5733621349679531e-07,0,471419243429.15997,2.3878838057175005e-06,1.7424372273363731
0,2,2,346685082360.87988,6.4209966769135488e-07,1,471419243429.15997,2.3878838057175005e-06,0.67829641282425324
1,0,0,80570356664.896698,8.516884957361987e-07,1,1554751156504.6577,1.4140086420681874e-06,-5.9772692515910446
1,0,1,257748923874.74457,-4.3944778535610874e-07,0,1554751156504.6577,1.4140086420681874e-06,1.8546207584196628
1,0,2,228781041769.29379,5.3460943079715853e-07,0,1554751156504.6577,1.4140086420681874e-06,2.1701550605391966
1,1,0,257748923874.74457,-4.3944778535610874e-07,0,1554751156504.6577,1.4140086420681874e-06,1.298281700473805
1,1,1,824552732649.54285,2.267429430139957e-07,1,1554751156504.6577,1.4140086420681874e-06,0.1789350157151241
1,1,2,731882912771.93738,-2.7584372874641849e-07,0,1554751156504.6577,1.4140086420681874e-06,6.1270918118748359
1,2,0,228781041769.29379,5.3460943079715853e-07,0,1554751156504.6577,1.4140086420681874e-06,2.3513275851616737
1,2,1,731882912771.93738,-2.7584372874641849e-07,0,1554751156504.6577,1.4140086420681874e-06,6.2903899733929709
1,2,2,649628067190.21826,3.3557720331799291e-07,1,1554751156504.6577,1.4140086420681874e-06,-1.608038334087833
2,0,0,167529956497.74088,9.4748505073661385e-07,1,931155896979.48657,2.3304625859886375e-06,-2.8572177231741733
2,0,1,339532940135.29584,6.3849125853056085e-07,0,931155896979.48657,2.3304625859886375e-06,3.9763183806762776
2,0,2,-112461563000.58664,-9.5009444421905826e-07,0,931155896979.48657,2.3304625859886375e-06,-1.6394092442267849
2,1,0,339532940135.29584,6.3849125853056085e-07,0,931155896979.48657,2.3304625859886375e-06,3.5963435148375904
2,1,1,688131363768.80139,4.3026651122674622e-07,1,931155896979.48657,2.3304625859886375e-06,1.1885769792181038
2,1,2,-227925834495.84375,-6.4024967670012675e-07,0,931155896979.48657,2.3304625859886375e-06,-2.0192610487156721
2,2,0,-112461563000.58664,-9.5009444421905826e-07,0,931155896979.48657,2.3304625859886375e-06,-2.0681930705127507
2,2,1,-227925834495.84375,-6.4024967670012675e-07,0,931155896979.48657,2.3304625859886375e-06,-2.0920464969959527
2,2,2,75494576712.944305,9.5271102402527744e-07,1,931155896979.48657,2.3304625859886375e-06,-3.8958674759486178
3,0,0,480388647990.88531,5.3280118171276769e-07,1,586600087642.12378,2.5250895588128655e-06,1.256669178256471
3,0,1,195975050875.5274,7.2871721849184778e-07,0,586600087642.12378,2.5250895588128655e-06,2.6844915194085379
3,0,2,-112323413986.39211,7.2833015666320509e-07,0,586600087642.12378,2.5250895588128655e-06,-0.59825463874105367
3,1,0,195975050875.5274,7.2871721849184778e-07,0,586600087642.12378,2.5250895588128655e-06,2.4115412657746735
3,1,1,79948226766.578903,9.9667343608252781e-07,1,586600087642.12378,2.5250895588128655e-06,-2.0324210440579202
3,1,2,-45822454095.363579,9.9614404795646144e-07,0,586600087642.12378,2.5250895588128655e-06,0.20262881285222026
3,2,0,-112323413986.39211,7.2833015666320509e-07,0,586600087642.12378,2.5250895588128655e-06,-0.73717561073890991
3,2,1,-45822454095.363579,9.9614404795646144e-07,0,586600087642.12378,2.5250895588128655e-06,0.088464912627097436
3,2,2,26263212884.659603,9.9561494101757015e-07,1,586600087642.12378,2.5250895588128655e-06,-2.5069422220349109
4,0,0,121941620254.88098,8.600510891318437e-07,1,1151320447359.8113,1.9865459058090697e-06,-4.1341951580478487
4,0,1,-317765972544.67804,4.1708623692757788e-07,0,1151320447359.8113,1.9865459058090697e-06,-2.6104342877778079
4,0,2,-156680913725.88791,-8.9156164394292857e-07,0,1151320447359.8113,1.9865459058090697e-06,-1.8817477870697954
4,1,0,-317765972544.67804,4.1708623692757788e-07,0,1151320447359.8113,1.9865459058090697e-06,-2.365591321571189
4,1,1,828061929111.71619,2.0226813410585639e-07,1,1151320447359.8113,1.9865459058090697e-06,1.5112364951843527
4,1,2,408292614328.31177,-4.3236744393461974e-07,0,1151320447359.8113,1.9865459058090697e-06,2.9988231031818326
4,2,0,-156680913725.88791,-8.9156164394292857e-07,0,1151320447359.8113,1.9865459058090697e-06,-1.9803735037110426
4,2,1,408292614328.31177,-4.3236744393461974e-07,0,1151320447359.8113,1.9865459058090697e-06,3.1491660273552498
4,2,2,201316897993.21417,9.2422668257136967e-07,1,1151320447359.8113,1.9865459058090697e-06,-3.3565785503975061
5,0,0,248490760111.87936,7.357931266470119e-07,1,1937095175950.8647,9.8099231047750324e-07,-5.977281336814249
5,0,1,481886447408.00641,1.2445557632353526e-07,0,1937095175950.8647,9.8099231047750324e-07,4.4803526443780353
5,0,2,-432883409966.92877,4.0611166400869286e-07,0,1937095175950.8647,9.8099231047750324e-07,-3.7013249043296677
5,1,0,481886447408.00641,1.2445557632353526e-07,0,1937095175950.8647,9.8099231047750324e-07,4.402343322484235
5,1,1,934499729852.96558,2.1051012733167415e-08,1,1937095175950.8647,9.8099231047750324e-07,-0.79365105914557099
5,1,2,-839470443395.59131,6.8691673468375744e-08,0,1937095175950.8647,9.8099231047750324e-07,-7.0135969516955834
5,2,0,-432883409966.92877,4.0611166400869286e-07,0,1937095175950.8647,9.8099231047750324e-07,-3.6344586704184136
5,2,1,-839470443395.59131,6.8691673468375744e-08,0,1937095175950.8647,9.8099231047750324e-07,-7.3310509486690272
5,2,2,754104685986.01965,2.2414817109732402e-07,1,1937095175950.8647,9.8099231047750324e-07,-2.0709171105217314
6,0,0,1035249472943.6263,1.9780710756591243e-08,1,1505047481546.863,1.4681865941862829e-06,1.9553204058248927
6,0,1,-684061072077.83582,-9.932091944396151e-08,0,1505047481546.863,1.4681865941862829e-06,-6.5828891384056858
6,0,2,135715107722.71481,1.3706149276537831e-07,0,1505047481546.863,1.4681865941862829e-06,0.98904045842105881
6,1,0,-684061072077.83582,-9.932091944396151e-08,0,1505047481546.863,1.4681865941862829e-06,-6.2389942924066419
6,1,1,452006557416.29083,4.9870023178549524e-07,1,1505047481546.863,1.4681865941862829e-06,-2.8083248818528186
6,1,2,-89676377059.130997,-6.881994104930311e-07,0,1505047481546.863,1.4681865941862829e-06,-1.3728602617486787
6,2,0,135715107722.71481,1.3706149276537831e-07,0,1505047481546.863,1.4681865941862829e-06,1.0978437866351487
6,2,1,-89676377059.130997,-6.881994104930311e-07,0,1505047481546.863,1.4681865941862829e-06,-1.6471323338300192
6,2,2,17791451186.945984,9.4970565164419645e-07,1,1505047481546.863,1.4681865941862829e-06,-6.385562415297108
7,0,0,918511217354.06604,5.9215117666793712e-08,1,2784070798009.7388,1.4555083681775517e-07,-4.2636761324242443
7,0,1,923850974206.59656,6.3936214529626613e-08,0,2784070798009.7388,1.4555083681775517e-07,8.3477460199196756
7,0,2,927381679208.78491,3.2008440136829536e-08,0,2784070798009.7388,1.4555083681775517e-07,8.1639430844228222
7,1,0,923850974206.59656,6.3936214529626613e-08,0,2784070798009.7388,1.4555083681775517e-07,8.3682653859919718
7,1,1,929221773688.44434,6.9033714521702127e-08,1,2784070798009.7388,1.4555083681775517e-07,-4.1747723093012912
7,1,2,932773004412.99023,3.4560405787974428e-08,0,2784070798009.7388,1.4555083681775517e-07,8.2282871786396896
7,2,0,927381679208.78491,3.2008440136829536e-08,0,2784070798009.7388,1.4555083681775517e-07,8.1591112893254589
7,2,1,932773004412.99023,3.4560405787974428e-08,0,2784070798009.7388,1.4555083681775517e-07,8.1090289680683192
7,2,2,936337806967.22852,1.730200462925932e-08,1,2784070798009.7388,1.4555083681775517e-07,-3.9982183509096059
8,0,0,470744209760.3222,5.8695928917416636e-07,1,1425987547087.511,1.5675740446249035e-06,-2.4062339823686143
8,0,1,-409629148544.3399,-5.906806309906216e-07,0,1425987547087.511,1.5675740446249035e-06,-4.2160062306422423
8,0,2,530922998768.87939,4.76106429263022e-07,0,1425987547087.511,1.5675740446249035e-06,5.063405541706838
8,1,0,-409629148544.3399,-5.906806309906216e-07,0,1425987547087.511,1.5675740446249035e-06,-4.3931225393128175
8,1,1,356448440274.16437,5.9442556624050618e-07,1,1425987547087.511,1.5675740446249035e-06,-3.3480007712969546
8,1,2,-461995137527.09503,-4.7912496018497475e-07,0,1425987547087.511,1.5675740446249035e-06,-4.6329271811973758
8,2,0,530922998768.87939,4.76106429263022e-07,0,1425987547087.511,1.5675740446249035e-06,4.9933490174889403
8,2,1,-461995137527.09503,-4.7912496018497475e-07,0,1425987547087.511,1.5675740446249035e-06,-4.4853571864983879
8,2,2,598794897053.02454,3.8618918921023121e-07,1,1425987547087.511,1.5675740446249035e-06,-1.4307451679234928
9,0,0,93292717251.512238,8.8317208436470722e-07,1,1405873166431.4937,1.5985399314064148e-06,-5.3593476872183032
9,0,1,311857051872.77625,-1.0140920597425002e-07,0,1405873166431.4937,1.5985399314064148e-06,2.9792783255169284
9,0,2,-158743112960.6304,-7.8835847525284471e-07,0,1405873166431.4937,1.5985399314064148e-06,-2.0386042765801187
9,1,0,311857051872.77625,-1.0140920597425002e-07,0,1405873166431.4937,1.5985399314064148e-06,2.9419693826813957
9,1,1,1042469591067.7102,1.1644193966711865e-08,1,1405873166431.4937,1.5985399314064148e-06,2.4225963916173483
9,1,2,-530643341425.52631,9.0522343735501573e-08,0,1405873166431.4937,1.5985399314064148e-06,-4.4508943956348377
9,2,0,-158743112960.6304,-7.8835847525284471e-07,0,1405873166431.4937,1.5985399314064148e-06,-2.205089339114839
9,2,1,-530643341425.52631,9.0522343735501573e-08,0,1405873166431.4937,1.5985399314064148e-06,-4.6025139976977014
9,2,2,270110858112.27124,7.0372365307499584e-07,1,1405873166431.4937,1.5985399314064148e-06,-3.8909906529689229
10,0,0,988162794573.21338,4.6241819744522611e-09,1,1068178895839.819,1.952524243644437e-06,3.1683035209272195
10,0,1,133032366827.79565,6.7982650996748994e-08,0,1068178895839.819,1.952524243644437e-06,1.0440995261119927
10,0,2,247732362873.03503,6.6225399331850122e-08,0,1068178895839.819,1.952524243644437e-06,1.9147216821153958
10,1,0,133032366827.79565,6.7982650996748994e-08,0,1068178895839.819,1.952524243644437e-06,1.5735656189506892
10,1,1,17909610360.759197,9.9945046758096372e-07,1,1068178895839.819,1.952524243644437e-06,-4.6728824939632299
10,1,2,33351207669.25457,9.7361614114046377e-07,0,1068178895839.819,1.952524243644437e-06,1.3750575555410065
10,2,0,247732362873.03503,6.6225399331850122e-08,0,1068178895839.819,1.952524243644437e-06,2.1421629808086928
10,2,1,33351207669.25457,9.7361614114046377e-07,0,1068178895839.819,1.952524243644437e-06,0.87467254156441299
10,2,2,62106490905.846474,9.4844959408902095e-07,1,1068178895839.819,1.952524243644437e-06,-4.1207326100137065
11,0,0,130392037859.85071,9.7364834035164816e-07,1,1628283305139.4653,1.4986508080593353e-06,-5.9566553886239371
11,0,1,-361285353327.65784,-6.9490103622606683e-08,0,1628283305139.4653,1.4986508080593353e-06,-3.1243286101800538
11,0,2,254530918169.03638,7.1157494816964213e-07,0,1628283305139.4653,1.4986508080593353e-06,2.7458603277789568
11,1,0,-361285353327.65784,-6.9490103622606683e-08,0,1628283305139.4653,1.4986508080593353e-06,-3.1444286040814871
11,1,1,1001035865927.5272,4.9595673318115975e-09,1,1628283305139.4653,1.4986508080593353e-06,0.94186000045013563
11,1,2,-705244692949.37329,-5.0785704483099829e-08,0,1628283305139.4653,1.4986508080593353e-06,-6.0963076178484688
11,2,0,254530918169.03638,7.1157494816964213e-07,0,1628283305139.4653,1.4986508080593353e-06,2.9283841371758661
11,2,1,-705244692949.37329,-5.0785704483099829e-08,0,1628283305139.4653,1.4986508080593353e-06,-6.4929976765094688
11,2,2,496855401352.08734,5.2004290037587561e-07,1,1628283305139.4653,1.4986508080593353e-06,-2.6506350002354724
12,0,0,344841006127.10358,5.9815148458267558e-07,1,987202480950.6106,1.9731065050175429e-06,-1.556678961539733
12,0,1,443958009969.57104,5.4511257534739453e-07,0,987202480950.6106,1.9731065050175429e-06,4.8875498025416002
12,0,2,156249360508.40829,-7.2476455963688641e-07,0,987202480950.6106,1.9731065050175429e-06,1.1625457246870299
12,1,0,443958009969.57104,5.4511257534739453e-07,0,987202480950.6106,1.9731065050175429e-06,4.3214763225189676
12,1,1,571564028390.21387,4.9677669864714282e-07,1,987202480950.6106,1.9731065050175429e-06,0.24919663863601821
12,1,2,201159821244.58508,-6.6049869607834504e-07,0,987202480950.6106,1.9731065050175429e-06,1.1640570762000906
12,2,0,156249360508.40829,-7.2476455963688641e-07,0,987202480950.6106,1.9731065050175429e-06,0.39972576317589431
12,2,1,201159821244.58508,-6.6049869607834504e-07,0,987202480950.6106,1.9731065050175429e-06,1.09781920561888
12,2,2,70797446433.293167,8.7817832178772427e-07,1,987202480950.6106,1.9731065050175429e-06,-3.7979013088910745
13,0,0,762720177282.11707,1.7054420504525257e-07,1,1365079589280.0959,1.6731674049147514e-06,0.37632047574427829
13,0,1,555823117384.80994,-3.182754509787277e-07,0,1365079589280.0959,1.6731674049147514e-06,4.4915432725244973
13,0,2,-387933421719.86432,3.9365519990035044e-07,0,1365079589280.0959,1.6731674049147514e-06,-2.9253523176151264
13,1,0,555823117384.80994,-3.182754509787277e-07,0,1365079589280.0959,1.6731674049147514e-06,4.3819905761737612
13,1,1,405049383799.23944,5.9397657439508728e-07,1,1365079589280.0959,1.6731674049147514e-06,-2.7229664537333016
13,1,2,-282701795783.66669,-7.3465284994679415e-07,0,1365079589280.0959,1.6731674049147514e-06,-3.1913384992521667
13,2,0,-387933421719.86432,3.9365519990035044e-07,0,1365079589280.0959,1.6731674049147514e-06,-3.0388193258295901
13,2,1,-282701795783.66669,-7.3465284994679415e-07,0,1365079589280.0959,1.6731674049147514e-06,-2.9840562020282944
13,2,2,197310028198.7395,9.0864662547441152e-07,1,1365079589280.0959,1.6731674049147514e-06,-4.1146869024132382
14,0,0,830588743859.15149,8.6143022013597479e-08,1,2651121556445.4209,4.9731322539274525e-07,-4.4125847165932601
14,0,1,-895376646461.34424,-1.1173354461470839e-07,0,2651121556445.4209,4.9731322539274525e-07,-7.9610594609750231
14,0,2,842861034175.88025,1.5144325303181467e-07,0,2651121556445.4209,4.9731322539274525e-07,7.6700146008593713
14,1,0,-895376646461.34424,-1.1173354461470839e-07,0,2651121556445.4209,4.9731322539274525e-07,-7.6538866904312952
14,1,1,965218159956.56274,1.4492624823629242e-07,1,2651121556445.4209,4.9731322539274525e-07,-3.3366376039078296
14,1,2,-908606204686.67944,-1.9643252667123578e-07,0,2651121556445.4209,4.9731322539274525e-07,-8.0256004025678784
14,2,0,842861034175.88025,1.5144325303181467e-07,0,2651121556445.4209,4.9731322539274525e-07,7.1811161876872447
14,2,1,-908606204686.67944,-1.9643252667123578e-07,0,2651121556445.4209,4.9731322539274525e-07,-8.1079274576684845
14,2,2,855314652629.70654,2.6624395514285532e-07,1,2651121556445.4209,4.9731322539274525e-07,-4.2119276877558729
15,0,0,781563004593.65283,2.3923653595254191e-07,1,1368744394920.9216,1.6559982188311697e-06,0.39233599875023489
15,0,1,-199670055350.97482,-4.6999439746225675e-07,0,1368744394920.9216,1.6559982188311697e-06,-1.9044161379481102
15,0,2,-647341579586.69495,-3.4357884631663061e-07,0,1368744394920.9216,1.6559982188311697e-06,-5.9683606624984362
15,1,0,-199670055350.97482,-4.6999439746225675e-07,0,1368744394920.9216,1.6559982188311697e-06,-1.9397825651178966
15,1,1,51010770429.940498,9.2333193492539675e-07,1,1368744394920.9216,1.6559982188311697e-06,-5.3484125457515495
15,1,2,165379794421.39087,6.7498106931039749e-07,0,1368744394920.9216,1.6559982188311697e-06,2.0895549429608171
15,2,0,-647341579586.69495,-3.4357884631663061e-07,0,1368744394920.9216,1.6559982188311697e-06,-5.7445607826122354
15,2,1,165379794421.39087,6.7498106931039749e-07,0,1368744394920.9216,1.6559982188311697e-06,1.9274230644275625
15,2,2,536170619897.32843,4.9342974795323111e-07,1,1368744394920.9216,1.6559982188311697e-06,-1.5794781033746608
16,0,0,863466989146.27185,1.8800208707936872e-07,1,1393124775129.8894,1.4965494340593638e-06,0.96465114895666548
16,0,1,-554549804957.73169,-2.955917409889472e-07,0,1393124775129.8894,1.4965494340593638e-06,-4.907076064534869
16,0,2,-387061400248.71564,3.982902897806236e-07,0,1393124775129.8894,1.4965494340593638e-06,-3.0180077886232652
16,1,0,-554549804957.73169,-2.955917409889472e-07,0,1393124775129.8894,1.4965494340593638e-06,-5.2610200320088216
16,1,1,356151989646.66296,4.6475269875057302e-07,1,1393124775129.8894,1.4965494340593638e-06,-3.2203547004143793
16,1,2,248584863941.13998,-6.2622347445294193e-07,0,1393124775129.8894,1.4965494340593638e-06,1.9386052610490323
16,2,0,-387061400248.71564,3.982902897806236e-07,0,1393124775129.8894,1.4965494340593638e-06,-3.1188246046519428
16,2,1,248584863941.13998,-6.2622347445294193e-07,0,1393124775129.8894,1.4965494340593638e-06,1.4876565178271959
16,2,2,173505796336.95462,8.437946482294222e-07,1,1393124775129.8894,1.4965494340593638e-06,-4.5381073093002016
17,0,0,162661466941.68546,8.4595350265542247e-07,1,1407394766346.0835,1.5287399368152903e-06,-4.9803476452517703
17,0,1,389730518955.42902,9.11404313045022e-08,0,1407394766346.0835,1.5287399368152903e-06,3.6987267563471651
17,0,2,224900571424.38644,-7.5451905033920483e-07,0,1407394766346.0835,1.5287399368152903e-06,1.2971487957415055
17,1,0,389730518955.42902,9.11404313045022e-08,0,1407394766346.0835,1.5287399368152903e-06,3.4160483743258654
17,1,1,933779095080.46497,9.8191900527589123e-09,1,1407394766346.0835,1.5287399368152903e-06,1.5457284429427396
17,1,2,538852981364.18268,-8.128956433127873e-08,0,1407394766346.0835,1.5287399368152903e-06,4.3970379895940921
17,2,0,224900571424.38644,-7.5451905033920483e-07,0,1407394766346.0835,1.5287399368152903e-06,1.8238329685597539
17,2,1,538852981364.18268,-8.128956433127873e-08,0,1407394766346.0835,1.5287399368152903e-06,4.5975171144899454
17,2,2,310954204323.93304,6.7296724410710894e-07,1,1407394766346.0835,1.5287399368152903e-06,-3.6176103754293303
18,0,0,836749928331.0094,7.9360478974782474e-08,1,1723352043208.6174,1.0292048007079447e-06,-0.43559843023359979
18,0,1,455582050811.32654,2.3877018759656811e-07,0,1723352043208.6174,1.0292048007079447e-06,4.3855398553440139
18,0,2,-730964603151.55188,-1.3553190708951463e-07,0,1723352043208.6174,1.0292048007079447e-06,-6.0347156739965397
18,1,0,455582050811.32654,2.3877018759656811e-07,0,1723352043208.6174,1.0292048007079447e-06,4.1755082670063794
18,1,1,248049026350.61542,7.1838279230920654e-07,1,1723352043208.6174,1.0292048007079447e-06,-5.2858825856820806
18,1,2,-397985517176.5661,-4.077719703703785e-07,0,1723352043208.6174,1.0292048007079447e-06,-4.1833979456192116
18,2,0,-730964603151.55188,-1.3553190708951463e-07,0,1723352043208.6174,1.0292048007079447e-06,-6.6536654608029941
18,2,1,-397985517176.5661,-4.077719703703785e-07,0,1723352043208.6174,1.0292048007079447e-06,-4.0116989052014667
18,2,2,638553088526.99243,2.3146152942395563e-07,1,1723352043208.6174,1.0292048007079447e-06,-2.2587608292357011
19,0,0,1080353375580.8629,3.8545560217546136e-10,1,3064826051190.5234,5.654194573953236e-08,-4.2492380097513278
19,0,1,-1045005078552.6444,4.3608670330145004e-09,0,3064826051190.5234,5.654194573953236e-08,-8.8698552609775341
19,0,2,1025619880678.0537,1.6213181187917958e-09,0,3064826051190.5234,5.654194573953236e-08,8.7671082042820032
19,1,0,-1045005078552.6444,4.3608670330145004e-09,0,3064826051190.5234,5.654194573953236e-08,-9.8888028285896148
19,1,1,1010813349487.3142,4.933683976131701e-08,1,3064826051190.5234,5.654194573953236e-08,-4.7494567173860816
19,1,2,-992062419758.60083,1.834284595778107e-08,0,3064826051190.5234,5.654194573953236e-08,-8.9059239534773571
19,2,0,1025619880678.0537,1.6213181187917958e-09,0,3064826051190.5234,5.654194573953236e-08,8.8264939266009765
19,2,1,-992062419758.60083,1.834284595778107e-08,0,3064826051190.5234,5.654194573953236e-08,-8.5203028400922598
19,2,2,973659326122.34644,6.8196503760398908e-09,1,3064826051190.5234,5.654194573953236e-08,-4.982064021056547
20,0,0,816536831757.59583,3.3334154487675934e-07,1,2129040536422.1963,1.0089050900950475e-06,-2.3285435271154418
20,0,1,683283949006.35803,3.7777999243037734e-07,0,2129040536422.1963,1.0089050900950475e-06,6.4897883212100487
20,0,2,-777708596909.67603,-2.8718578158535044e-07,0,2129040536422.1963,1.0089050900950475e-06,-7.0507644140903851
20,1,0,683283949006.35803,3.7777999243037734e-07,0,2129040536422.1963,1.0089050900950475e-06,6.5738500522337233
20,1,1,571776969282.29248,4.2814262090691563e-07,1,2129040536422.1963,1.0089050900950475e-06,-4.5616214635284713
20,1,2,-650792200186.25208,-3.2547110931983283e-07,0,2129040536422.1963,1.0089050900950475e-06,-6.1451562371330164
20,2,0,-777708596909.67603,-2.8718578158535044e-07,0,2129040536422.1963,1.0089050900950475e-06,-6.9662711409972298
20,2,1,-650792200186.25208,-3.2547110931983283e-07,0,2129040536422.1963,1.0089050900950475e-06,-6.5953200200339683
20,2,2,740726735382.30798,2.4742092431137243e-07,1,2129040536422.1963,1.0089050900950475e-06,-3.24887675564523
21,0,0,579264001312.09619,4.3608223213278604e-07,1,1274506953071.1663,1.8246881162933357e-06,-0.82794837603959759
21,0,1,255770046547.87576,6.3572913003312683e-07,0,1274506953071.1663,1.8246881162933357e-06,2.6608348392099002
21,0,2,580784725529.94116,-4.4877034967205353e-07,0,1274506953071.1663,1.8246881162933357e-06,4.9933169093053404
21,1,0,255770046547.87576,6.3572913003312683e-07,0,1274506953071.1663,1.8246881162933357e-06,2.955236970560787
21,1,1,112933509700.10722,9.2677824729537027e-07,1,1274506953071.1663,1.8246881162933357e-06,-4.7800233627275102
21,1,2,256441511895.46109,-6.5422611369959372e-07,0,1274506953071.1663,1.8246881162933357e-06,1.8420448522938468
21,2,0,580784725529.94116,-4.4877034967205353e-07,0,1274506953071.1663,1.8246881162933357e-06,5.0523781579145881
21,2,1,256441511895.46109,-6.5422611369959372e-07,0,1274506953071.1663,1.8246881162933357e-06,1.7833178621253656
21,2,2,582309442058.96289,4.6182763686517941e-07,1,1274506953071.1663,1.8246881162933357e-06,-0.97112731797952512
22,0,0,723861189956.29065,1.5295624503009084e-07,1,2054950037479.5439,7.4916157962502427e-07,-2.7513652627037986
22,0,1,-672693797026.41211,2.2174940656054406e-07,0,2054950037479.5439,7.4916157962502427e-07,-5.634488364215926
22,0,2,714847265188.80786,2.0498909711639902e-07,0,2054950037479.5439,7.4916157962502427e-07,6.6130471342259511
22,1,0,-672693797026.41211,2.2174940656054406e-07,0,2054950037479.5439,7.4916157962502427e-07,-5.6161053473035158
22,1,1,625143260664.5708,3.214827828721853e-07,1,2054950037479.5439,7.4916157962502427e-07,-3.9773741679277355
22,1,2,-664317037280.09314,2.9718440478190798e-07,0,2054950037479.5439,7.4916157962502427e-07,-5.445794500238117
22,2,0,714847265188.80786,2.0498909711639902e-07,0,2054950037479.5439,7.4916157962502427e-07,6.8944702526023285
22,2,1,-664317037280.09314,2.9718440478190798e-07,0,2054950037479.5439,7.4916157962502427e-07,-5.5464506137252014
22,2,2,705945586858.6825,2.7472255172274812e-07,1,2054950037479.5439,7.4916157962502427e-07,-2.901414294414943
23,0,0,331852164049.7851,6.7191996629301356e-07,1,1219542080468.6016,1.5889113939970868e-06,-2.4685592071586999
23,0,1,533696538122.00513,-1.2724006352490649e-07,0,1219542080468.6016,1.5889113939970868e-06,4.7013182653144394
23,0,2,98741201964.246979,-7.7456750217658966e-07,0,1219542080468.6016,1.5889113939970868e-06,0.40281470988911111
23,1,0,533696538122.00513,-1.2724006352490649e-07,0,1219542080468.6016,1.5889113939970868e-06,4.6244305815353686
23,1,1,858309891149.849,2.4095181834144249e-08,1,1219542080468.6016,1.5889113939970868e-06,1.492063180642919
23,1,2,158799138192.20572,1.4667821039016231e-07,0,1219542080468.6016,1.5889113939970868e-06,1.2952007188462662
23,2,0,98741201964.246979,-7.7456750217658966e-07,0,1219542080468.6016,1.5889113939970868e-06,0.035898211366029276
23,2,1,158799138192.20572,1.4667821039016231e-07,0,1219542080468.6016,1.5889113939970868e-06,1.2116671103727878
23,2,2,29380025268.967434,8.9289624586992919e-07,1,1219542080468.6016,1.5889113939970868e-06,-5.1982392015222754
24,0,0,25173118923.401371,9.8678098742794686e-07,1,1764616087014.29,1.3750379891875308e-06,-7.1242178937884537
24,0,1,126275348608.76346,-6.1867565962265753e-07,0,1764616087014.29,1.3750379891875308e-06,0.79789039296141262
24,0,2,166858446085.18158,-1.910643249290553e-08,0,1764616087014.29,1.3750379891875308e-06,1.3231683773629657
24,1,0,126275348608.76346,-6.1867565962265753e-07,0,1764616087014.29,1.3750379891875308e-06,0.53658114283516867
24,1,1,633432182749.57422,3.8788705567503536e-07,1,1764616087014.29,1.3750379891875308e-06,-2.4279712719428268
24,1,2,837008259160.7561,1.1979035749761274e-08,0,1764616087014.29,1.3750379891875308e-06,7.2718897845826662
24,2,0,166858446085.18158,-1.910643249290553e-08,0,1764616087014.29,1.3750379891875308e-06,1.4771744805217346
24,2,1,837008259160.7561,1.1979035749761274e-08,0,1764616087014.29,1.3750379891875308e-06,7.5965702298847804
24,2,2,1106010785341.3145,3.6994608454858581e-10,1,1764616087014.29,1.3750379891875308e-06,1.4292355860513999
25,0,0,33378675400.398788,8.8284450336055293e-07,1,532090195075.19183,2.3321837544834301e-06,-2.242177763192668
25,0,1,-43532177543.291061,8.8460635643952354e-07,0,532090195075.19183,2.3321837544834301e-06,0.52091696296856349
25,0,2,121454845321.22997,7.0499133718459468e-07,0,532090195075.19183,2.3321837544834301e-06,1.5758595626817067
25,1,0,-43532177543.291061,8.8460635643952354e-07,0,532090195075.19183,2.3321837544834301e-06,0.38353677867862151
25,1,1,56774286544.575516,8.8637172556946366e-07,1,532090195075.19183,2.3321837544834301e-06,-2.1140001883324806
25,1,2,-158400350720.73495,7.0639825669685109e-07,0,532090195075.19183,2.3321837544834301e-06,-0.84680605900005401
25,2,0,121454845321.22997,7.0499133718459468e-07,0,532090195075.19183,2.3321837544834301e-06,1.5641628495286246
25,2,1,-158400350720.73495,7.0639825669685109e-07,0,532090195075.19183,2.3321837544834301e-06,-0.96015848392161207
25,2,2,441937233130.21753,5.6296752555341362e-07,1,532090195075.19183,2.3321837544834301e-06,1.099815625702153
26,0,0,1066322169068.5125,7.6968712552141689e-08,1,2435941735331.9048,7.7229665344739934e-07,-1.5158093686672249
26,0,1,753762683880.30859,-1.9670938566644373e-07,0,2435941735331.9048,7.7229665344739934e-07,6.5506826363789843
26,0,2,944615013159.44031,1.2175349688189636e-07,0,2435941735331.9048,7.7229665344739934e-07,8.5714152231717193
26,1,0,753762683880.30859,-1.9670938566644373e-07,0,2435941735331.9048,7.7229665344739934e-07,6.3487940774687548
26,1,1,532820380267.21472,5.0273131934039361e-07,1,2435941735331.9048,7.7229665344739934e-07,-6.1234319102215666
26,1,2,667730230324.92615,-3.1116611906629436e-07,0,2435941735331.9048,7.7229665344739934e-07,5.7589466809488634
26,2,0,944615013159.44031,1.2175349688189636e-07,0,2435941735331.9048,7.7229665344739934e-07,8.6134788706432968
26,2,1,667730230324.92615,-3.1116611906629436e-07,0,2435941735331.9048,7.7229665344739934e-07,5.675760510628546
26,2,2,836799185996.17737,1.9259662155486406e-07,1,2435941735331.9048,7.7229665344739934e-07,-3.3549516504465782
27,0,0,259780305682.87253,6.7453652883675453e-07,1,1746884766322.1343,9.3908787583008297e-07,-5.1533974201539943
27,0,1,451470744216.88348,-3.2844833979547317e-07,0,1746884766322.1343,9.3908787583008297e-07,4.3479782426456763
27,0,2,-427193888630.77625,2.6565247106993937e-07,0,1746884766322.1343,9.3908787583008297e-07,-3.6156304206450973
27,1,0,451470744216.88348,-3.2844833979547317e-07,0,1746884766322.1343,9.3908787583008297e-07,3.5078942175098224
27,1,1,784608488114.4436,1.5992953280149249e-07,1,1746884766322.1343,9.3908787583008297e-07,-1.1250768804905129
27,1,2,-742417876205.29675,-1.2935268789068469e-07,0,1746884766322.1343,9.3908787583008297e-07,-6.8044172002124936
27,2,0,-427193888630.77625,2.6565247106993937e-07,0,1746884766322.1343,9.3908787583008297e-07,-3.4651166081509381
27,2,1,-742417876205.29675,-1.2935268789068469e-07,0,1746884766322.1343,9.3908787583008297e-07,-7.1652146625527253
27,2,2,702495972524.81812,1.04621814191836e-07,1,1746884766322.1343,9.3908787583008297e-07,-1.6337943981121865
28,0,0,149113143470.78271,8.3812583557318506e-07,1,177049914227.11398,3.0292614967998753e-06,-0.032699881642315583
28,0,1,41048084457.960945,-9.6796014776455486e-07,0,177049914227.11398,3.0292614967998753e-06,-0.46318630496238306
28,0,2,49807574406.221558,9.4842003313903297e-07,0,177049914227.11398,3.0292614967998753e-06,0.95570355296558196
28,1,0,41048084457.960945,-9.6796014776455486e-07,0,177049914227.11398,3.0292614967998753e-06,-0.43291841617542981
28,1,1,11299776789.95174,1.1179071302814707e-06,1,177049914227.11398,3.0292614967998753e-06,-0.99780581898233311
28,1,2,13711102008.075882,-1.0953400509271855e-06,0,177049914227.11398,3.0292614967998753e-06,-0.77787248619240523
28,2,0,49807574406.221558,9.4842003313903297e-07,0,177049914227.11398,3.0292614967998753e-06,1.2711240194462143
28,2,1,13711102008.075882,-1.0953400509271855e-06,0,177049914227.11398,3.0292614967998753e-06,-0.88382716558303287
28,2,2,16636993966.379524,1.0732285309452198e-06,1,177049914227.11398,3.0292614967998753e-06,-1.1033590725499804
29,0,0,368285479696.86395,7.4736466149518315e-07,1,1407385063788.5952,1.7890446967549739e-06,-3.0162177885055423
29,0,1,-558134347647.47498,-3.9883855974454615e-07,0,1407385063788.5952,1.7890446967549739e-06,-5.2365794310058664
29,0,2,-266779569600.37744,7.8704679034929039e-07,0,1407385063788.5952,1.7890446967549739e-06,-1.6919057877186225
29,1,0,-558134347647.47498,-3.9883855974454615e-07,0,1407385063788.5952,1.7890446967549739e-06,-5.0173103596541013
29,1,1,845849123023.47571,2.1284415083376157e-07,1,1407385063788.5952,1.7890446967549739e-06,0.58886740475231347
29,1,2,404302773943.57104,-4.2001532115055978e-07,0,1407385063788.5952,1.7890446967549739e-06,3.0517041629972783
29,2,0,-266779569600.37744,7.8704679034929039e-07,0,1407385063788.5952,1.7890446967549739e-06,-1.4561772926573804
29,2,1,404302773943.57104,-4.2001532115055978e-07,0,1407385063788.5952,1.7890446967549739e-06,2.909511444329234
29,2,2,193250461068.25555,8.2883588442602904e-07,1,1407385063788.5952,1.7890446967549739e-06,-4.7407072584338463
30,0,0,889424503955.58838,1.5288249034791633e-07,1,1647356682545.8953,1.2685087029712478e-06,0.30432787663481814
30,0,1,-478456698211.77295,3.2753586502166839e-07,0,1647356682545.8953,1.2685087029712478e-06,-3.921225047368293
30,0,2,667235070953.97095,-2.5155510491297201e-07,0,1647356682545.8953,1.2685087029712478e-06,5.7309193621500523
30,1,0,-478456698211.77295,3.2753586502166839e-07,0,1647356682545.8953,1.2685087029712478e-06,-3.9965384956698036
30,1,1,257380824393.32285,7.0171373210467012e-07,1,1647356682545.8953,1.2685087029712478e-06,-4.9564224610889562
30,1,2,-358932194424.53735,-5.3893234405577432e-07,0,1647356682545.8953,1.2685087029712478e-06,-3.6277224139894146
30,2,0,667235070953.97095,-2.5155510491297201e-07,0,1647356682545.8953,1.2685087029712478e-06,6.0089377817979335
30,2,1,-358932194424.53735,-5.3893234405577432e-07,0,1647356682545.8953,1.2685087029712478e-06,-3.6970549800502255
30,2,2,500551354196.98407,4.1391248051866138e-07,1,1647356682545.8953,1.2685087029712478e-06,-3.0571343220973066
31,0,0,956268478525.16089,3.6723682013591924e-08,1,1860187455206.2043,1.1484373130842927e-06,0.035007198988816574
31,0,1,267952649346.46503,-1.8399507011211534e-07,0,1860187455206.2043,1.1484373130842927e-06,2.232315139943899
31,0,2,-890275576576.72046,-8.3498694912278903e-08,0,1860187455206.2043,1.1484373130842927e-06,-7.4525963811163871
31,1,0,267952649346.46503,-1.8399507011211534e-07,0,1860187455206.2043,1.1484373130842927e-06,2.202065197837288
31,1,1,75082075697.531754,9.2186251403201751e-07,1,1860187455206.2043,1.1484373130842927e-06,-7.1233630646516923
31,1,2,-249461008858.20142,4.183498871101407e-07,0,1860187455206.2043,1.1484373130842927e-06,-2.2508342811041118
31,2,0,-890275576576.72046,-8.3498694912278903e-08,0,1860187455206.2043,1.1484373130842927e-06,-7.9147790685687225
31,2,1,-249461008858.20142,4.183498871101407e-07,0,1860187455206.2043,1.1484373130842927e-06,-2.2347785501607222
31,2,2,828836900983.51172,1.8985111703868336e-07,1,1860187455206.2043,1.1484373130842927e-06,-1.0934198595131037
32,0,0,253179967110.35556,6.943137783438568e-07,1,2090366043251.9209,9.027795336994339e-07,-6.9752022081412592
32,0,1,-520246671077.67004,-9.1399385231974177e-08,0,2090366043251.9209,9.027795336994339e-07,-4.6142071630818586
32,0,2,441001260276.80157,-3.6930583347065337e-07,0,2090366043251.9209,9.027795336994339e-07,3.5479869636635666
32,1,0,-520246671077.67004,-9.1399385231974177e-08,0,2090366043251.9209,9.027795336994339e-07,-4.9434379610737622
32,1,1,1069028493274.9998,1.2031804468448273e-08,1,2090366043251.9209,9.027795336994339e-07,-0.34013703572344089
32,1,2,-906191118589.01514,4.8615377073912571e-08,0,2090366043251.9209,9.027795336994339e-07,-8.1005056719562081
32,2,0,441001260276.80157,-3.6930583347065337e-07,0,2090366043251.9209,9.027795336994339e-07,3.9978173481702641
32,2,1,-906191118589.01514,4.8615377073912571e-08,0,2090366043251.9209,9.027795336994339e-07,-8.0512184179989923
32,2,2,768157582866.56567,1.9643395088712876e-07,1,2090366043251.9209,9.027795336994339e-07,-2.5373018566631869
33,0,0,510799196.00624716,1.0114114031363775e-06,1,1213634144496.6575,1.7717960122307858e-06,-5.2756978931188758
33,0,1,-10618118148.151705,-8.5461464037277666e-07,0,1213634144496.6575,1.7717960122307858e-06,-0.57391953747393087
33,0,2,22514839471.510185,-1.9671166937421644e-07,0,1213634144496.6575,1.7717960122307858e-06,-0.36345535934372347
33,1,0,-10618118148.151705,-8.5461464037277666e-07,0,1213634144496.6575,1.7717960122307858e-06,-0.86614937772352985
33,1,1,220721633647.06961,7.2212571588043362e-07,1,1213634144496.6575,1.7717960122307858e-06,-3.4305994704660701
33,1,2,-468021930074.14368,1.6621591575698937e-07,0,1213634144496.6575,1.7717960122307858e-06,-4.0485812115879449
33,2,0,22514839471.510185,-1.9671166937421644e-07,0,1213634144496.6575,1.7717960122307858e-06,0.023582525715499906
33,2,1,-468021930074.14368,1.6621591575698937e-07,0,1213634144496.6575,1.7717960122307858e-06,-4.1091170425579424
33,2,2,992401711653.58167,3.8258893213974758e-08,1,1213634144496.6575,1.7717960122307858e-06,2.8877656994783658
34,0,0,1023970360830.4001,3.9653463418204822e-09,1,3093832506437.5859,4.4069352386966329e-08,-4.6062460964557621
34,0,1,-1018773171834.0656,1.1466566533568576e-08,0,3093832506437.5859,4.4069352386966329e-08,-9.0010417063602528
34,0,2,-1039989765554.3221,5.2482497648940762e-09,0,3093832506437.5859,4.4069352386966329e-08,-9.0608922418187134
34,1,0,-1018773171834.0656,1.1466566533568576e-08,0,3093832506437.5859,4.4069352386966329e-08,-8.8767895143587907
34,1,1,1013602361309.7032,3.3157796755879761e-08,1,3093832506437.5859,4.4069352386966329e-08,-4.6866393885510664
34,1,2,1034711269640.1863,1.5176330117564288e-08,0,3093832506437.5859,4.4069352386966329e-08,9.5238910480942085
34,2,0,-1039989765554.3221,5.2482497648940762e-09,0,3093832506437.5859,4.4069352386966329e-08,-9.2172995372455713
34,2,1,1034711269640.1863,1.5176330117564288e-08,0,3093832506437.5859,4.4069352386966329e-08,9.2364098798874235
34,2,2,1056259784297.4827,6.9462092892660853e-09,1,3093832506437.5859,4.4069352386966329e-08,-4.4392533556016316
35,0,0,208427669150.61517,7.6311897027739126e-07,1,1065945637271.1904,1.7743415268799332e-06,-2.9529172509034374
35,0,1,364894713515.98102,4.333927930326328e-07,0,1065945637271.1904,1.7743415268799332e-06,3.9381780709717935
35,0,2,213500162525.07431,7.6410326727686237e-07,0,1065945637271.1904,1.7743415268799332e-06,2.355338626019928
35,1,0,364894713515.98102,4.333927930326328e-07,0,1065945637271.1904,1.7743415268799332e-06,3.3168392346112801
35,1,1,638821863212.86169,2.4613372274620712e-07,1,1065945637271.1904,1.7743415268799332e-06,0.55117806880102116
35,1,2,373775137234.32837,4.3395179790918484e-07,0,1065945637271.1904,1.7743415268799332e-06,3.6210299097381808
35,2,0,213500162525.07431,7.6410326727686237e-07,0,1065945637271.1904,1.7743415268799332e-06,2.5197336526553511
35,2,1,373775137234.32837,4.3395179790918484e-07,0,1065945637271.1904,1.7743415268799332e-06,3.6445124988410762
35,2,2,218696104907.71353,7.6508883385633467e-07,1,1065945637271.1904,1.7743415268799332e-06,-2.8695449629213208
36,0,0,939522975146.87427,2.4176418127733252e-08,1,1933417295830.7754,9.5158239200093226e-07,-0.49060553596733719
36,0,1,917106916684.66711,-4.65093125213787e-08,0,1933417295830.7754,9.5158239200093226e-07,7.8914651133817371
36,0,2,304469132293.67499,-1.4233143871718871e-07,0,1933417295830.7754,9.5158239200093226e-07,2.3575103727082882
36,1,0,917106916684.66711,-4.65093125213787e-08,0,1933417295830.7754,9.5158239200093226e-07,8.1024536058114887
36,1,1,895225682479.31482,8.9472151738222963e-08,1,1933417295830.7754,9.5158239200093226e-07,-1.1403592151603521
36,1,2,297204809813.03998,2.7380968222590252e-07,0,1933417295830.7754,9.5158239200093226e-07,2.5382764490534679
36,2,0,304469132293.67499,-1.4233143871718871e-07,0,1933417295830.7754,9.5158239200093226e-07,2.9976138503521779
36,2,1,297204809813.03998,2.7380968222590252e-07,0,1933417295830.7754,9.5158239200093226e-07,3.0209469232466102
36,2,2,98668638204.586182,8.3793382213497611e-07,1,1933417295830.7754,9.5158239200093226e-07,-7.3987401029884472
37,0,0,798914776969.03345,2.5573734471459107e-07,1,1955282459657.3936,1.1879203277340682e-06,-1.6922373324151692
37,0,1,263837336708.56696,-4.7132806879444703e-07,0,1955282459657.3936,1.1879203277340682e-06,1.7233555047534814
37,0,2,-924245145547.27283,-1.2745137281341786e-07,0,1955282459657.3936,1.1879203277340682e-06,-8.3548720614003145
37,1,0,263837336708.56696,-4.7132806879444703e-07,0,1955282459657.3936,1.1879203277340682e-06,2.1032915668019112
37,1,1,87130870836.5121,8.6866526545596158e-07,1,1955282459657.3936,1.1879203277340682e-06,-7.5550732082830345
37,1,2,-305227021325.28723,2.3489494457835417e-07,0,1955282459657.3936,1.1879203277340682e-06,-2.3993550980210983
37,2,0,-924245145547.27283,-1.2745137281341786e-07,0,1955282459657.3936,1.1879203277340682e-06,-8.8498028616346058
37,2,1,-305227021325.28723,2.3489494457835417e-07,0,1955282459657.3936,1.1879203277340682e-06,-2.7348759315990661
37,2,2,1069236811851.8479,6.3517717563515607e-08,1,1955282459657.3936,1.1879203277340682e-06,0.45044092554301907
38,0,0,860819221081.40271,1.2719386489022819e-07,1,1928464308508.2534,1.0215173729826139e-06,-1.2666672571313424
38,0,1,736758563133.02344,1.9953827039220261e-07,0,1928464308508.2534,1.0215173729826139e-06,7.2620327757775343
38,0,2,613380984544.13318,2.7191348275756031e-07,0,1928464308508.2534,1.0215173729826139e-06,5.8533026222953541
38,1,0,736758563133.02344,1.9953827039220261e-07,0,1928464308508.2534,1.0215173729826139e-06,6.8094689215664674
38,1,1,630577439555.69348,3.130302030327772e-07,1,1928464308508.2534,1.0215173729826139e-06,-3.2506033356124506
38,1,2,524980950423.17834,4.2657046464142753e-07,0,1928464308508.2534,1.0215173729826139e-06,4.9796388364635984
38,2,0,613380984544.13318,2.7191348275756031e-07,0,1928464308508.2534,1.0215173729826139e-06,5.7008953919821304
38,2,1,524980950423.17834,4.2657046464142753e-07,0,1928464308508.2534,1.0215173729826139e-06,5.2431351011648939
38,2,2,437067647871.15704,5.8129330505960858e-07,1,1928464308508.2534,1.0215173729826139e-06,-4.4976736277405278
39,0,0,206114330043.5726,6.7810227855930975e-07,1,1659285358790.1377,1.2644185938240789e-06,-5.3512334986566579
39,0,1,-341526551413.71442,5.8643821784151023e-07,0,1659285358790.1377,1.2644185938240789e-06,-2.7681507039653095
39,0,2,427643528781.01984,2.3167357637937913e-07,0,1659285358790.1377,1.2644185938240789e-06,4.2847462257297773
39,1,0,-341526551413.71442,5.8643821784151023e-07,0,1659285358790.1377,1.2644185938240789e-06,-2.8723829295761378
39,1,1,565901387331.42285,5.07165060816186e-07,1,1659285358790.1377,1.2644185938240789e-06,-2.5014019342948597
39,1,2,-708595174280.69116,2.0035655910424581e-07,0,1659285358790.1377,1.2644185938240789e-06,-6.0168716379293885
39,2,0,427643528781.01984,2.3167357637937913e-07,0,1659285358790.1377,1.2644185938240789e-06,3.9373832943260423
39,2,1,-708595174280.69116,2.0035655910424581e-07,0,1659285358790.1377,1.2644185938240789e-06,-6.3423809914238669
39,2,2,887269641415.14233,7.9151254448583276e-08,1,1659285358790.1377,1.2644185938240789e-06,-0.035902680919605412
40,0,0,941068822480.45691,1.2544935676320031e-08,1,2179813690627.6167,9.4380753619255683e-07,-1.8826487896239521
40,0,1,1054645844568.2266,4.6752983508260694e-09,0,2179813690627.6167,9.4380753619255683e-07,9.4630150874254948
40,0,2,231227846411.12943,-1.0798504992159549e-07,0,2179813690627.6167,9.4380753619255683e-07,2.2416814453747644
40,1,0,1054645844568.2266,4.6752983508260694e-09,0,2179813690627.6167,9.4380753619255683e-07,9.3186329764208917
40,1,1,1181930408164.3044,1.7424094657174822e-09,1,2179813690627.6167,9.4380753619255683e-07,0.39078460317422137
40,1,2,259134594134.34351,-4.0244313628908461e-08,0,2179813690627.6167,9.4380753619255683e-07,1.9287970146578359
40,2,0,231227846411.12943,-1.0798504992159549e-07,0,2179813690627.6167,9.4380753619255683e-07,2.164434935852074
40,2,1,259134594134.34351,-4.0244313628908461e-08,0,2179813690627.6167,9.4380753619255683e-07,2.7633240596255968
40,2,2,56814459982.855492,9.295201910505193e-07,1,2179813690627.6167,9.4380753619255683e-07,-9.0148046788845217
41,0,0,574707593402.04492,3.7050031537371921e-07,1,1618016831874.1182,1.1788332999340531e-06,-2.3855923074328818
41,0,1,610260763188.12402,-2.7281386855790595e-07,0,1618016831874.1182,1.1788332999340531e-06,5.0309859321255344
41,0,2,476633551619.53693,4.7440512099792202e-07,0,1618016831874.1182,1.1788332999340531e-06,4.4721415868152956
41,1,0,610260763188.12402,-2.7281386855790595e-07,0,1618016831874.1182,1.1788332999340531e-06,5.2380579800909519
41,1,1,648013360816.02991,2.0088351828380049e-07,1,1618016831874.1182,1.1788332999340531e-06,-1.5336365029098604
41,1,2,506119561167.72913,-3.4932303955686473e-07,0,1618016831874.1182,1.1788332999340531e-06,4.4316982203986548
41,2,0,476633551619.53693,4.7440512099792202e-07,0,1618016831874.1182,1.1788332999340531e-06,4.7149587348756725
41,2,1,506119561167.72913,-3.4932303955686473e-07,0,1618016831874.1182,1.1788332999340531e-06,4.0391938509794683
41,2,2,395295877656.04315,6.0744946627653347e-07,1,1618016831874.1182,1.1788332999340531e-06,-3.7931504017308693
42,0,0,36819767970.126396,1.0776660779774393e-06,1,823607686026.33069,2.2327560110416692e-06,-3.4534756310240011
42,0,1,-57356872805.322891,9.3831336266390671e-07,0,823607686026.33069,2.2327560110416692e-06,0.59230246080433147
42,0,2,-160248362632.89017,-6.0363007821256184e-07,0,823607686026.33069,2.2327560110416692e-06,-1.9129228636565452
42,1,0,-57356872805.322891,9.3831336266390671e-07,0,823607686026.33069,2.2327560110416692e-06,0.13682677343121041
42,1,1,89349038284.955154,8.1698031008458599e-07,1,823607686026.33069,2.2327560110416692e-06,-3.1161483330221538
42,1,2,249630713595.29776,-5.2557483256382427e-07,0,823607686026.33069,2.2327560110416692e-06,1.9788087215133157
42,2,0,-160248362632.89017,-6.0363007821256184e-07,0,823607686026.33069,2.2327560110416692e-06,-2.1911404905484702
42,2,1,249630713595.29776,-5.2557483256382427e-07,0,823607686026.33069,2.2327560110416692e-06,2.1125314058663078
42,2,2,697438879771.24915,3.381096229796439e-07,1,823607686026.33069,2.2327560110416692e-06,1.9298798026434709
43,0,0,987354483743.33057,6.570786759188009e-08,1,1785823090849.75,1.4917109542578851e-06,0.26710577912122507
43,0,1,-795224943338.15356,1.7352974450072553e-07,0,1785823090849.75,1.4917109542578851e-06,-6.8017205689152238
43,0,2,394954236396.63019,2.5216472746554995e-07,0,1785823090849.75,1.4917109542578851e-06,3.7461576694528
43,1,0,-795224943338.15356,1.7352974450072553e-07,0,1785823090849.75,1.4917109542578851e-06,-6.9814179004493377
43,1,1,640481935231.23938,4.582795535767511e-07,1,1785823090849.75,1.4917109542578851e-06,-2.4953237297826942
43,1,2,-318099998967.86865,6.6594887846580206e-07,0,1785823090849.75,1.4917109542578851e-06,-2.483353225580117
43,2,0,394954236396.63019,2.5216472746554995e-07,0,1785823090849.75,1.4917109542578851e-06,3.8435575102915776
43,2,1,-318099998967.86865,6.6594887846580206e-07,0,1785823090849.75,1.4917109542578851e-06,-2.4070354952460304
43,2,2,157986671875.1799,9.6772353308925397e-07,1,1785823090849.75,1.4917109542578851e-06,-6.4538743773322382
44,0,0,497374994490.53589,4.4720224779392232e-07,1,785392895108.87231,2.2173842569247561e-06,0.42177683152432915
44,0,1,-188187671877.92206,6.4419159793457499e-07,0,785392895108.87231,2.2173842569247561e-06,-0.85011310878869439
44,0,2,-328387426504.71313,-6.1371537265915819e-07,0,785392895108.87231,2.2173842569247561e-06,-3.4066721960558448
44,1,0,-188187671877.92206,6.4419159793457499e-07,0,785392895108.87231,2.2173842569247561e-06,-1.2924237640093605
44,1,1,71203016313.893784,9.2795332961012201e-07,1,785392895108.87231,2.2173842569247561e-06,-2.9400390245756785
44,1,2,124249240417.09158,-8.8405254790333645e-07,0,785392895108.87231,2.2173842569247561e-06,0.83535899586858231
44,2,0,-328387426504.71313,-6.1371537265915819e-07,0,785392895108.87231,2.2173842569247561e-06,-3.7187922465705898
44,2,1,124249240417.09158,-8.8405254790333645e-07,0,785392895108.87231,2.2173842569247561e-06,0.48318428519187484
44,2,2,216814884304.44269,8.4222867952071193e-07,1,785392895108.87231,2.2173842569247561e-06,-1.7428335099080627
45,0,0,311427402900.74225,7.9705185464515229e-07,1,1894119021100.752,1.3685036068024662e-06,-5.388611000222058
45,0,1,513862381425.75299,4.510598491569209e-07,0,1894119021100.752,1.3685036068024662e-06,5.1349236436164993
45,0,2,478371187681.96735,5.0201762058292796e-07,0,1894119021100.752,1.3685036068024662e-06,4.5934715612736339
45,1,0,513862381425.75299,4.510598491569209e-07,0,1894119021100.752,1.3685036068024662e-06,4.5240710567023426
45,1,1,847884754472.63464,2.5525941171298379e-07,1,1894119021100.752,1.3685036068024662e-06,-1.1190451637463434
45,1,2,789323468063.81738,2.8409693910700829e-07,0,1894119021100.752,1.3685036068024662e-06,7.0255339509375538
45,2,0,478371187681.96735,5.0201762058292796e-07,0,1894119021100.752,1.3685036068024662e-06,4.4244578715025495
45,2,1,789323468063.81738,2.8409693910700829e-07,0,1894119021100.752,1.3685036068024662e-06,7.4749063729585403
45,2,2,734806863727.37512,3.1619234044433002e-07,1,1894119021100.752,1.3685036068024662e-06,-2.289723911378204
46,0,0,615366110337.57849,3.4552582936504908e-07,1,1817517563979.2688,1.2133442957243707e-06,-2.6249386348572319
46,0,1,700711081532.63745,-2.7351301831078852e-07,0,1817517563979.2688,1.2133442957243707e-06,6.063121141027481
46,0,2,498765720836.46082,-4.743883684721114e-07,0,1817517563979.2688,1.2133442957243707e-06,4.1095301037931513
46,1,0,700711081532.63745,-2.7351301831078852e-07,0,1817517563979.2688,1.2133442957243707e-06,6.0565957772041674
46,1,1,797892525334.69397,2.165087667192643e-07,1,1817517563979.2688,1.2133442957243707e-06,-1.4961005869769304
46,1,2,567939413314.4541,3.7551865442526714e-07,0,1817517563979.2688,1.2133442957243707e-06,4.924922353304634
46,2,0,498765720836.46082,-4.743883684721114e-07,0,1817517563979.2688,1.2133442957243707e-06,4.0864995242238455
46,2,1,567939413314.4541,3.7551865442526714e-07,0,1817517563979.2688,1.2133442957243707e-06,5.456046081828446
46,2,2,404258928306.99634,6.513096996400571e-07,1,1817517563979.2688,1.2133442957243707e-06,-4.4206591959524548
47,0,0,694962155222.35132,4.1466440607795575e-07,1,2064319255347.979,1.1139901862792272e-06,-3.2045572380765712
47,0,1,-812469598803.93054,-2.7492309026061924e-07,0,2064319255347.979,1.1139901862792272e-06,-7.4080623824609217
47,0,2,-539948620325.78204,-4.6303650368379664e-07,0,2064319255347.979,1.1139901862792272e-06,-5.1674203578238016
47,1,0,-812469598803.93054,-2.7492309026061924e-07,0,2064319255347.979,1.1139901862792272e-06,-7.6309207313343279
47,1,1,949845749182.44336,1.8227439937113688e-07,1,2064319255347.979,1.1139901862792272e-06,-0.90074541807703778
47,1,2,631245652204.56592,3.0699385968587338e-07,0,2064319255347.979,1.1139901862792272e-06,5.4413523088250386
47,2,0,-539948620325.78204,-4.6303650368379664e-07,0,2064319255347.979,1.1139901862792272e-06,-5.018254893800429
47,2,1,631245652204.56592,3.0699385968587338e-07,0,2064319255347.979,1.1139901862792272e-06,5.9204155578763187
47,2,2,419511350943.1842,5.1705138083013445e-07,1,2064319255347.979,1.1139901862792272e-06,-5.3258692594894192
48,0,0,877389270778.50061,1.394764227254105e-07,1,1354864378721.1055,1.6555317162227046e-06,1.0932932530666519
48,0,1,275069218750.1795,-3.510415961156621e-07,0,1354864378721.1055,1.6555317162227046e-06,2.1792660868886258
48,0,2,-585891168792.30554,2.9702485887126221e-07,0,1354864378721.1055,1.6555317162227046e-06,-4.4682977893527047
48,1,0,275069218750.1795,-3.510415961156621e-07,0,1354864378721.1055,1.6555317162227046e-06,2.3072774463356978
48,1,1,86236608565.658508,8.8351995122528307e-07,1,1354864378721.1055,1.6555317162227046e-06,-5.1775540884308899
48,1,2,-183682011439.8396,-7.4756778605851852e-07,0,1354864378721.1055,1.6555317162227046e-06,-2.0990688962332982
48,2,0,-585891168792.30554,2.9702485887126221e-07,0,1354864378721.1055,1.6555317162227046e-06,-4.9319517644952207
48,2,1,-183682011439.8396,-7.4756778605851852e-07,0,1354864378721.1055,1.6555317162227046e-06,-1.7248673600743909
48,2,2,391238499376.94641,6.3253534227201104e-07,1,1354864378721.1055,1.6555317162227046e-06,-2.5623787619308258
49,0,0,222950986857.3345,6.8789835314714971e-07,1,294732962080.87598,2.4863510466829607e-06,0.21632935341494813
49,0,1,123976649233.33908,-8.2233502405595144e-07,0,294732962080.87598,2.4863510466829607e-06,0.50090807181563923
49,0,2,25172458352.948071,7.489444267148516e-07,0,294732962080.87598,2.4863510466829607e-06,0.73196339059320015
49,1,0,123976649233.33908,-8.2233502405595144e-07,0,294732962080.87598,2.4863510466829607e-06,0.71952846276012083
49,1,1,68939858808.347565,9.8304478953222246e-07,1,294732962080.87598,2.4863510466829607e-06,-1.0764761491286108
49,1,2,13997682107.418818,-8.9531139352412934e-07,0,294732962080.87598,2.4863510466829607e-06,-0.95208476745646187
49,2,0,25172458352.948071,7.489444267148516e-07,0,294732962080.87598,2.4863510466829607e-06,1.1432529964156217
49,2,1,13997682107.418818,-8.9531139352412934e-07,0,294732962080.87598,2.4863510466829607e-06,-0.10074064970934005
49,2,2,2842116415.1938787,8.154079040035886e-07,1,294732962080.87598,2.4863510466829607e-06,-1.5595899525566996
50,0,0,505888895772.52905,3.5187986146117579e-07,1,1733728706835.906,1.1712856676926196e-06,-3.3675877738139972
50,0,1,482652187072.63318,-4.4247305840499763e-07,0,1733728706835.906,1.1712856676926196e-06,4.0713607607543629
50,0,2,623054887243.81763,3.0422030531003518e-07,0,1733728706835.906,1.1712856676926196e-06,5.6147287981057881
50,1,0,482652187072.63318,-4.4247305840499763e-07,0,1733728706835.906,1.1712856676926196e-06,3.9603918687904835
50,1,1,460482796979.08722,5.5638991842638838e-07,1,1733728706835.906,1.1712856676926196e-06,-3.6165363070147367
50,1,2,594436459284.80408,-3.8254331566595021e-07,0,1733728706835.906,1.1712856676926196e-06,5.1006704625614505
50,2,0,623054887243.81763,3.0422030531003518e-07,0,1733728706835.906,1.1712856676926196e-06,5.4121553302689174
50,2,1,594436459284.80408,-3.8254331566595021e-07,0,1733728706835.906,1.1712856676926196e-06,4.8438532078408914
50,2,2,767357014084.28967,2.6301588780505531e-07,1,1733728706835.906,1.1712856676926196e-06,-1.028728440803981
51,0,0,416915239621.85101,6.3666813929900043e-07,1,1639965951979.8579,1.4433390814588513e-06,-3.7233659209092851
51,0,1,-483704420773.58893,-5.460306028093442e-07,0,1639965951979.8579,1.4433390814588513e-06,-4.9440402704571671
51,0,2,525298500032.6012,-4.6414681790048727e-07,0,1639965951979.8579,1.4433390814588513e-06,4.7357470588574362
51,1,0,-483704420773.58893,-5.460306028093442e-07,0,1639965951979.8579,1.4433390814588513e-06,-4.7085331983583574
51,1,1,561193126181.06213,4.6829643388879401e-07,1,1639965951979.8579,1.4433390814588513e-06,-2.5650373330500709
51,1,2,-609450513063.4408,3.9806981239753688e-07,0,1639965951979.8579,1.4433390814588513e-06,-5.4627080657067264
51,2,0,525298500032.6012,-4.6414681790048727e-07,0,1639965951979.8579,1.4433390814588513e-06,4.4438266708892051
51,2,1,-609450513063.4408,3.9806981239753688e-07,0,1639965951979.8579,1.4433390814588513e-06,-4.9209114107311747
51,2,2,661857586176.94458,3.3837450827105697e-07,1,1639965951979.8579,1.4433390814588513e-06,-1.74361405646166
52,0,0,901422094581.70459,1.4861879369333462e-07,1,1984136941396.7739,1.1141380123842848e-06,-1.2694960763212353
52,0,1,860167455594.89404,-1.6542452935541161e-07,0,1984136941396.7739,1.1141380123842848e-06,7.478676876768148
52,0,2,-485896113779.63837,-3.4077709233033914e-07,0,1984136941396.7739,1.1141380123842848e-06,-4.7591813802750211
52,1,0,860167455594.89404,-1.6542452935541161e-07,0,1984136941396.7739,1.1141380123842848e-06,7.2691834588812307
52,1,1,820800883528.30005,1.8413064883924391e-07,1,1984136941396.7739,1.1141380123842848e-06,-1.8260296853458162
52,1,2,-463658508467.36224,3.7931198816062157e-07,0,1984136941396.7739,1.1141380123842848e-06,-4.0415784071982666
52,2,0,-485896113779.63837,-3.4077709233033914e-07,0,1984136941396.7739,1.1141380123842848e-06,-4.5184568623594359
52,2,1,-463658508467.36224,3.7931198816062157e-07,0,1984136941396.7739,1.1141380123842848e-06,-3.6656446287905733
52,2,2,261913963286.76932,7.8138856985170622e-07,1,1984136941396.7739,1.1141380123842848e-06,-6.3946359564847617
53,0,0,184343439789.12363,8.4894082296662372e-07,1,376662909917.73254,2.7124786461149755e-06,-0.61512526813608315
53,0,1,-133864245833.78642,-8.8840636871353596e-07,0,376662909917.73254,2.7124786461149755e-06,-1.5357344523372585
53,0,2,132412976513.93904,-8.9037489701935161e-07,0,376662909917.73254,2.7124786461149755e-06,0.2547519302079384
53,1,0,-133864245833.78642,-8.8840636871353596e-07,0,376662909917.73254,2.7124786461149755e-06,-2.0428832850550549
53,1,1,97207887262.74855,9.2970658804306479e-07,1,376662909917.73254,2.7124786461149755e-06,-1.1197081653215761
53,1,2,-96154022404.713364,9.3176662925744305e-07,0,376662909917.73254,2.7124786461149755e-06,0.025915950953052186
53,2,0,132412976513.93904,-8.9037489701935161e-07,0,376662909917.73254,2.7124786461149755e-06,0.40684761118526291
53,2,1,-96154022404.713364,9.3176662925744305e-07,0,376662909917.73254,2.7124786461149755e-06,-0.0054782739358202048
53,2,2,95111582865.860352,9.3383123510528691e-07,1,376662909917.73254,2.7124786461149755e-06,-1.2132582686305562
54,0,0,858711513729.58911,4.1961961268269171e-08,1,1395967676205.4768,1.3757278256485325e-06,0.78408162716953556
54,0,1,-671342903429.76343,1.4678016935800025e-07,0,1395967676205.4768,1.3757278256485325e-06,-5.5016098671750777
54,0,2,103183131153.86128,-1.8553439957404377e-07,0,1395967676205.4768,1.3757278256485325e-06,1.3193127262060984
54,1,0,-671342903429.76343,1.4678016935800025e-07,0,1395967676205.4768,1.3757278256485325e-06,-5.4400428472017133
54,1,1,524857634699.69244,5.134273390851897e-07,1,1395967676205.4768,1.3757278256485325e-06,-1.6540145419258327
54,1,2,-80668841335.253174,-6.4898707706033583e-07,0,1395967676205.4768,1.3757278256485325e-06,-0.81532400506481106
54,2,0,103183131153.86128,-1.8553439957404377e-07,0,1395967676205.4768,1.3757278256485325e-06,0.8450402380002574
54,2,1,-80668841335.253174,-6.4898707706033583e-07,0,1395967676205.4768,1.3757278256485325e-06,-1.3388187993197687
54,2,2,12398527776.195204,8.2033852529507366e-07,1,1395967676205.4768,1.3757278256485325e-06,-5.9045654302452029
55,0,0,694308868995.35254,4.3768163236695773e-07,1,2146403455907.4521,8.9438906293740934e-07,-3.3744376704215258
55,0,1,-804031856643.14014,5.7003615492569384e-08,0,2146403455907.4521,8.9438906293740934e-07,-7.2980012816094861
55,0,2,-601444032156.10889,-4.4344451913060061e-07,0,2146403455907.4521,8.9438906293740934e-07,-5.8778337894754928
55,1,0,-804031856643.14014,5.7003615492569384e-08,0,2146403455907.4521,8.9438906293740934e-07,-6.8904118022774306
55,1,1,931094582490.98389,7.4241456321848773e-09,1,2146403455907.4521,8.9438906293740934e-07,-1.8380960639249135
55,1,2,696491408126.67578,-5.7754173333951429e-08,0,2146403455907.4521,8.9438906293740934e-07,6.2576430066249422
55,2,0,-601444032156.10889,-4.4344451913060061e-07,0,2146403455907.4521,8.9438906293740934e-07,-6.0404497588907722
55,2,1,696491408126.67578,-5.7754173333951429e-08,0,2146403455907.4521,8.9438906293740934e-07,5.6402223509518628
55,2,2,521000004421.11584,4.4928328493826672e-07,1,2146403455907.4521,8.9438906293740934e-07,-5.124837703569745
56,0,0,892673017486.27637,1.843035617476906e-08,1,1200258528473.3359,1.6935919264151335e-06,2.1841512028186787
56,0,1,-513897169255.15912,-1.1573696747317742e-07,0,1200258528473.3359,1.6935919264151335e-06,-4.6869501709485446
56,0,2,102386452518.93033,1.3220733243632142e-07,0,1200258528473.3359,1.6935919264151335e-06,1.0309910346826803
56,1,0,-513897169255.15912,-1.1573696747317742e-07,0,1200258528473.3359,1.6935919264151335e-06,-4.3181021881840804
56,1,1,295842145326.7749,7.2679255424401332e-07,1,1200258528473.3359,1.6935919264151335e-06,-2.6733342788840844
56,1,2,-58942196178.081459,-8.3022137981496815e-07,0,1200258528473.3359,1.6935919264151335e-06,-1.4977893928950421
56,2,0,102386452518.93033,1.3220733243632142e-07,0,1200258528473.3359,1.6935919264151335e-06,1.2049841660586478
56,2,1,-58942196178.081459,-8.3022137981496815e-07,0,1200258528473.3359,1.6935919264151335e-06,-1.1408170572913963
56,2,2,11743365660.284824,9.4836901599635113e-07,1,1200258528473.3359,1.6935919264151335e-06,-5.1728335327544483
57,0,0,107964681324.56305,8.9282643780954425e-07,1,198881147732.37012,2.6765241359559115e-06,-0.27586724587378147
57,0,1,95620676188.647171,8.9824283414044557e-07,0,198881147732.37012,2.6765241359559115e-06,1.8536307123662767
57,0,2,25931710473.860271,8.863928434280395e-07,0,198881147732.37012,2.6765241359559115e-06,0.73794956463878592
57,1,0,95620676188.647171,8.9824283414044557e-07,0,198881147732.37012,2.6765241359559115e-06,1.6529545047960592
57,1,1,84688007250.144318,9.0369208943247408e-07,1,198881147732.37012,2.6765241359559115e-06,-0.4776414982951494
57,1,2,22966841191.19062,8.9177020989207436e-07,0,198881147732.37012,2.6765241359559115e-06,0.5058483245286991
57,2,0,25931710473.860271,8.863928434280395e-07,0,198881147732.37012,2.6765241359559115e-06,0.75656550252758148
57,2,1,22966841191.19062,8.9177020989207436e-07,0,198881147732.37012,2.6765241359559115e-06,0.95676919502559699
57,2,2,6228459157.6627445,8.8000560871389319e-07,1,198881147732.37012,2.6765241359559115e-06,-1.0225450893166275
58,0,0,946021384981.36926,6.1010985718300193e-08,1,1651161215656.2263,1.2733108059866569e-06,0.73719037040484725
58,0,1,-97373853038.893799,2.3689844690949767e-07,0,1651161215656.2263,1.2733108059866569e-06,-0.53727491470024746
58,0,2,-810922741057.93591,-1.3357669284930847e-07,0,1651161215656.2263,1.2733108059866569e-06,-7.4675056845605843
58,1,0,-97373853038.893799,2.3689844690949767e-07,0,1651161215656.2263,1.2733108059866569e-06,-0.26237764426258336
58,1,1,10022677506.203327,9.1984867130738203e-07,1,1651161215656.2263,1.2733108059866569e-06,-6.9687911690529694
58,1,2,83468167915.916046,-5.1866251146007237e-07,0,1651161215656.2263,1.2733108059866569e-06,0.098296185207230768
58,2,0,-810922741057.93591,-1.3357669284930847e-07,0,1651161215656.2263,1.2733108059866569e-06,-7.3268808154308713
58,2,1,83468167915.916046,-5.1866251146007237e-07,0,1651161215656.2263,1.2733108059866569e-06,0.52933404059490685
58,2,2,695117153168.65356,2.9245114896097453e-07,1,1651161215656.2263,1.2733108059866569e-06,-1.4280494206637833
59,0,0,163411589030.81696,7.4957579642403408e-07,1,265609351273.92133,2.5519701476013672e-06,-0.033752648627126083
59,0,1,89641879548.349579,-8.3725601884835054e-07,0,265609351273.92133,2.5519701476013672e-06,0.37941711585539573
59,0,2,-93084005901.00589,8.0624657528335611e-07,0,265609351273.92133,2.5519701476013672e-06,-0.093506226725385333
59,1,0,89641879548.349579,-8.3725601884835054e-07,0,265609351273.92133,2.5519701476013672e-06,-0.068408382963204367
59,1,1,49174398319.114372,9.3519247078414992e-07,1,265609351273.92133,2.5519701476013672e-06,-0.99479045160016399
59,1,2,-51062628387.281868,-9.0055575573840067e-07,0,265609351273.92133,2.5519701476013672e-06,-1.1585156715535321
59,2,0,-93084005901.00589,8.0624657528335611e-07,0,265609351273.92133,2.5519701476013672e-06,0.23090122314230155
59,2,1,-51062628387.281868,-9.0055575573840067e-07,0,265609351273.92133,2.5519701476013672e-06,-1.5371918160516387
59,2,2,53023363923.990005,8.6720188039318335e-07,1,265609351273.92133,2.5519701476013672e-06,-1.0490820961363276
60,0,0,724485328676.69324,1.9389339213510244e-07,1,1450880317951.5505,1.4146273075361522e-06,-0.4922052608538664
60,0,1,-587692256883.09973,-2.9973113019869944e-07,0,1450880317951.5505,1.4146273075361522e-06,-5.3654344792068507
60,0,2,-425300274810.10016,-3.8321467787819008e-07,0,1450880317951.5505,1.4146273075361522e-06,-4.6126201060231953
60,1,0,-587692256883.09973,-2.9973113019869944e-07,0,1450880317951.5505,1.4146273075361522e-06,-5.1873864449908345
60,1,1,476727650829.32495,4.6334095979707881e-07,1,1450880317951.5505,1.4146273075361522e-06,-2.394535953010033
60,1,2,344997570637.74902,5.9239444544415687e-07,0,1450880317951.5505,1.4146273075361522e-06,3.1081033176453681
60,2,0,-425300274810.10016,-3.8321467787819008e-07,0,1450880317951.5505,1.4146273075361522e-06,-4.1508645395494561
60,2,1,344997570637.74902,5.9239444544415687e-07,0,1450880317951.5505,1.4146273075361522e-06,3.6639816432554309
60,2,2,249667338445.53235,7.5739295560397092e-07,1,1450880317951.5505,1.4146273075361522e-06,-4.3780193667914347
61,0,0,896752762517.73779,1.1274986908182935e-08,1,2371714174699.9297,7.1768867172248164e-07,-2.8359018291808296
61,0,1,948327761844.9928,-4.2124727411441229e-08,0,2371714174699.9297,7.1768867172248164e-07,8.1215301336121772
61,0,2,-650653653717.17627,-7.8678538297011181e-08,0,2371714174699.9297,7.1768867172248164e-07,-5.9471362781717669
61,1,0,948327761844.9928,-4.2124727411441229e-08,0,2371714174699.9297,7.1768867172248164e-07,8.3690771101889911
61,1,1,1002868997426.8629,1.5738312371789737e-07,1,2371714174699.9297,7.1768867172248164e-07,-1.7576519473644776
61,1,2,-688074739166.10522,2.9395262326086078e-07,0,2371714174699.9297,7.1768867172248164e-07,-5.9649405531094963
61,2,0,-650653653717.17627,-7.8678538297011181e-08,0,2371714174699.9297,7.1768867172248164e-07,-5.7628341235062521
61,2,1,-688074739166.10522,2.9395262326086078e-07,0,2371714174699.9297,7.1768867172248164e-07,-5.6729805623249652
61,2,2,472092414755.32922,5.4903056109640131e-07,1,2371714174699.9297,7.1768867172248164e-07,-6.2043213135200634
62,0,0,20310757659.951126,9.7535575063461128e-07,1,1831074374514.4878,1.2691458370486269e-06,-7.4708775117311328
62,0,1,122441537605.7135,5.2377912333424052e-07,0,1831074374514.4878,1.2691458370486269e-06,1.8347598724960905
62,0,2,147600985329.15604,1.1047751003061066e-07,0,1831074374514.4878,1.2691458370486269e-06,1.299440735770435
62,1,0,122441537605.7135,5.2377912333424052e-07,0,1831074374514.4878,1.2691458370486269e-06,1.3552759857979682
62,1,1,738127566792.47534,2.8127641618177206e-07,1,1831074374514.4878,1.2691458370486269e-06,-2.0591439860382481
62,1,2,889798987235.99426,5.9327905038067255e-08,0,1831074374514.4878,1.2691458370486269e-06,7.8968175533709593
62,2,0,147600985329.15604,1.1047751003061066e-07,0,1831074374514.4878,1.2691458370486269e-06,1.3139540297754244
62,2,1,889798987235.99426,5.9327905038067255e-08,0,1831074374514.4878,1.2691458370486269e-06,8.1019862062336987
62,2,2,1072636050062.0614,1.2513670232243328e-08,1,1831074374514.4878,1.2691458370486269e-06,0.70111029063759234
63,0,0,851755507952.35986,1.7359779165138628e-07,1,2401854269457.7866,6.2443117184655194e-07,-3.2375798487156042
63,0,1,-697846966766.9563,-2.6215270051220458e-07,0,2401854269457.7866,6.2443117184655194e-07,-6.1661680953337141
63,0,2,912860760990.70947,-9.7671084865322058e-08,0,2401854269457.7866,6.2443117184655194e-07,7.8423301768269029
63,1,0,-697846966766.9563,-2.6215270051220458e-07,0,2401854269457.7866,6.2443117184655194e-07,-6.5614136995330856
63,1,1,571749034175.98987,3.9588083311480788e-07,1,2401854269457.7866,6.2443117184655194e-07,-5.6843302363547155
63,1,2,-747910764521.37561,1.4749461047764672e-07,0,2401854269457.7866,6.2443117184655194e-07,-5.9109375056852507
63,2,0,912860760990.70947,-9.7671084865322058e-08,0,2401854269457.7866,6.2443117184655194e-07,7.8385239490277971
63,2,1,-747910764521.37561,1.4749461047764672e-07,0,2401854269457.7866,6.2443117184655194e-07,-6.799223457192288
63,2,2,978349727329.43689,5.4952547080357765e-08,1,2401854269457.7866,6.2443117184655194e-07,-2.2791618469010286
64,0,0,864889213440.72192,1.6357091336946966e-07,1,2741418837380.2354,3.1166687955791285e-07,-4.5720418215675291
64,0,1,879890878315.75635,-1.4861889133802066e-07,0,2741418837380.2354,3.1166687955791285e-07,7.6107796844986488
64,0,2,-921293803682.61792,-4.6223561018547163e-08,0,2741418837380.2354,3.1166687955791285e-07,-8.0103748504912407
64,1,0,879890878315.75635,-1.4861889133802066e-07,0,2741418837380.2354,3.1166687955791285e-07,7.6041736211548541
64,1,1,895152749868.73926,1.3503363408292258e-07,1,2741418837380.2354,3.1166687955791285e-07,-4.3420362075173857
64,1,2,-937273816705.68445,4.1998263938006778e-08,0,2741418837380.2354,3.1166687955791285e-07,-8.5940024611368617
64,2,0,-921293803682.61792,-4.6223561018547163e-08,0,2741418837380.2354,3.1166687955791285e-07,-8.1890582991474492
64,2,1,-937273816705.68445,4.1998263938006778e-08,0,2741418837380.2354,3.1166687955791285e-07,-8.2555639744720413
64,2,2,981376874070.77417,1.3062332105520603e-08,1,2741418837380.2354,3.1166687955791285e-07,-3.3631949478361118
65,0,0,4072227966.0347748,9.7538308003033357e-07,1,1108795814225.6602,1.9265794922673308e-06,-4.8510601514780101
65,0,1,8532940994.5622492,-9.6264025739512089e-07,0,1108795814225.6602,1.9265794922673308e-06,-0.71309966629081811
65,0,2,66527251564.212357,3.3235840951911921e-08,0,1108795814225.6602,1.9265794922673308e-06,0.38183898931444066
65,1,0,8532940994.5622492,-9.6264025739512089e-07,0,1108795814225.6602,1.9265794922673308e-06,-0.76034912062923721
65,1,1,17879913065.765537,9.500639124567609e-07,1,1108795814225.6602,1.9265794922673308e-06,-4.8154518251807508
65,1,2,139401113312.5683,-3.2801633679863296e-08,0,1108795814225.6602,1.9265794922673308e-06,1.1242939255775863
65,2,0,66527251564.212357,3.3235840951911921e-08,0,1108795814225.6602,1.9265794922673308e-06,0.402163926284971
65,2,1,139401113312.5683,-3.2801633679863296e-08,0,1108795814225.6602,1.9265794922673308e-06,1.3301135065343714
65,2,2,1086843673193.8597,1.1324997802365327e-09,1,1108795814225.6602,1.9265794922673308e-06,3.9302316162566093
66,0,0,133352609227.86313,9.2581243549136561e-07,1,1958651850575.8391,1.2307552954862222e-06,-7.2690010200843984
66,0,1,-354647505369.64551,3.7736290151090309e-07,0,1958651850575.8391,1.2307552954862222e-06,-3.2311036694271316
66,0,2,342977496915.58325,-3.7405498587883196e-07,0,1958651850575.8391,1.2307552954862222e-06,2.8488344850987981
66,1,0,-354647505369.64551,3.7736290151090309e-07,0,1958651850575.8391,1.2307552954862222e-06,-2.7285579588848128
66,1,1,943175043916.82288,1.5381383310232675e-07,1,1958651850575.8391,1.2307552954862222e-06,-0.79186505750222125
66,1,2,-912138985381.18628,-1.5246552042794671e-07,0,1958651850575.8391,1.2307552954862222e-06,-7.9730944367592453
66,2,0,342977496915.58325,-3.7405498587883196e-07,0,1958651850575.8391,1.2307552954862222e-06,2.4355680405059363
66,2,1,-912138985381.18628,-1.5246552042794671e-07,0,1958651850575.8391,1.2307552954862222e-06,-8.2023614181889659
66,2,2,882124197431.15308,1.5112902689252986e-07,1,1958651850575.8391,1.2307552954862222e-06,-1.2650611130770322
67,0,0,861092034330.62964,1.1916805386182124e-07,1,2425167443853.1445,7.9183966498148744e-07,-3.5018857789317854
67,0,1,703571316856.72754,-2.4220756116737513e-07,0,2425167443853.1445,7.9183966498148744e-07,6.079990631790702
67,0,2,-922930267316.41272,-1.4661672516660133e-07,0,2425167443853.1445,7.9183966498148744e-07,-7.909685557382212
67,1,0,703571316856.72754,-2.4220756116737513e-07,0,2425167443853.1445,7.9183966498148744e-07,6.0521200141867908
67,1,1,574866074900.23755,4.9228380245825715e-07,1,2425167443853.1445,7.9183966498148744e-07,-5.6273212686003165
67,1,2,-754097399179.29968,2.979966381772637e-07,0,2425167443853.1445,7.9183966498148744e-07,-6.3383667032327713
67,2,0,-922930267316.41272,-1.4661672516660133e-07,0,2425167443853.1445,7.9183966498148744e-07,-8.2647887449887918
67,2,1,-754097399179.29968,2.979966381772637e-07,0,2425167443853.1445,7.9183966498148744e-07,-6.4333506617469487
67,2,2,989209334622.2771,1.8038780866140912e-07,1,2425167443853.1445,7.9183966498148744e-07,-2.2041885997373636
68,0,0,12656575152.815233,1.0569771451361188e-06,1,1712982775245.7866,1.4368341587380532e-06,-7.0188596595582116
68,0,1,105176518611.6929,4.3431967226140661e-07,0,1712982775245.7866,1.4368341587380532e-06,1.3810502602889376
68,0,2,-102265371795.6458,-4.6137468947011919e-07,0,1712982775245.7866,1.4368341587380532e-06,-1.390172255002412
68,1,0,105176518611.6929,4.3431967226140661e-07,0,1712982775245.7866,1.4368341587380532e-06,1.2521941046875658
68,1,1,874020019927.36646,1.7846514333946473e-07,1,1712982775245.7866,1.4368341587380532e-06,-0.36673073174764653
68,1,2,-849828302690.87195,-1.8958224862521954e-07,0,1712982775245.7866,1.4368341587380532e-06,-7.8130531248608781
68,2,0,-102265371795.6458,-4.6137468947011919e-07,0,1712982775245.7866,1.4368341587380532e-06,-1.415090755145082
68,2,1,-849828302690.87195,-1.8958224862521954e-07,0,1712982775245.7866,1.4368341587380532e-06,-7.9322232404118278
68,2,2,826306180165.6051,2.0139187026246979e-07,1,1712982775245.7866,1.4368341587380532e-06,-0.5783866962346722
69,0,0,80329793324.838379,9.7842911449431506e-07,1,1450050758722.5554,1.6525335427605839e-06,-5.6245105356670475
69,0,1,-285627551688.33466,2.1091448368731844e-07,0,1450050758722.5554,1.6525335427605839e-06,-2.2345876813171763
69,0,2,-168660320702.95731,-7.8426939210718533e-07,0,1450050758722.5554,1.6525335427605839e-06,-2.2664410033818605
69,1,0,-285627551688.33466,2.1091448368731844e-07,0,1450050758722.5554,1.6525335427605839e-06,-2.3748878766316257
69,1,1,1015601994064.217,4.5465653842567234e-08,1,1450050758722.5554,1.6525335427605839e-06,1.8628882183718831
69,1,2,599703204445.55884,-1.6906055988894551e-07,0,1450050758722.5554,1.6525335427605839e-06,5.3382791290528129
69,2,0,-168660320702.95731,-7.8426939210718533e-07,0,1450050758722.5554,1.6525335427605839e-06,-2.1726630405145264
69,2,1,599703204445.55884,-1.6906055988894551e-07,0,1450050758722.5554,1.6525335427605839e-06,5.0096583866044435
69,2,2,354118971333.49994,6.2863877442370171e-07,1,1450050758722.5554,1.6525335427605839e-06,-3.6531368819305796
70,0,0,1339193542.0333626,9.804784876979945e-07,1,620673228527.52466,2.2141430350108256e-06,-2.8011189870537661
70,0,1,-5839970765.3117714,9.6195803533962716e-07,0,620673228527.52466,2.2141430350108256e-06,0.55205651085144414
70,0,2,28201114897.718822,-5.3312126943261276e-07,0,620673228527.52466,2.2141430350108256e-06,-0.17806069450018994
70,1,0,-5839970765.3117714,9.6195803533962716e-07,0,620673228527.52466,2.2141430350108256e-06,0.60152310494966066
70,1,1,25467012399.053608,9.4378741947421919e-07,1,620673228527.52466,2.2141430350108256e-06,-2.5333617333029239
70,1,2,-122979749664.72269,-5.2305103617849945e-07,0,620673228527.52466,2.2141430350108256e-06,-1.3818173089849988
70,2,0,28201114897.718822,-5.3312126943261276e-07,0,620673228527.52466,2.2141430350108256e-06,-0.075101949503674686
70,2,1,-122979749664.72269,-5.2305103617849945e-07,0,620673228527.52466,2.2141430350108256e-06,-1.6446759490747052
70,2,2,593867022586.43774,2.8987712783861191e-07,1,620673228527.52466,2.2141430350108256e-06,1.9202510086345723
71,0,0,991571343644.67578,4.0379433923569975e-10,1,3017808479701.7798,1.9544869822082283e-08,-4.3671882251172436
71,0,1,1035922515676.0854,-2.6342899740459175e-09,0,3017808479701.7798,1.9544869822082283e-08,8.9799571783048346
71,0,2,-967482930628.86279,-8.8857991171185509e-10,0,3017808479701.7798,1.9544869822082283e-08,-8.5284766689315621
71,1,0,1035922515676.0854,-2.6342899740459175e-09,0,3017808479701.7798,1.9544869822082283e-08,8.7934129108113268
71,1,1,1082257434487.9635,1.7185688339499427e-08,1,3017808479701.7798,1.9544869822082283e-08,-3.5974893378333279
71,1,2,-1010756672018.0143,5.7969538577280696e-09,0,3017808479701.7798,1.9544869822082283e-08,-9.0347736298981562
71,2,0,-967482930628.86279,-8.8857991171185509e-10,0,3017808479701.7798,1.9544869822082283e-08,-8.3927732176518184
71,2,1,-1010756672018.0143,5.7969538577280696e-09,0,3017808479701.7798,1.9544869822082283e-08,-9.3350244678640752
71,2,2,943979701569.14075,1.9553871433471581e-09,1,3017808479701.7798,1.9544869822082283e-08,-4.7760874065031684
72,0,0,694524795811.80957,1.5282643536258954e-07,1,1530143965543.2732,1.2578639764157001e-06,-1.0494339408388971
72,0,1,-618437055960.2926,-2.3873796933173958e-07,0,1530143965543.2732,1.2578639764157001e-06,-5.5410390111320682
72,0,2,-444852605982.41364,3.3448935758906512e-07,0,1530143965543.2732,1.2578639764157001e-06,-3.6390082581544672
72,1,0,-618437055960.2926,-2.3873796933173958e-07,0,1530143965543.2732,1.2578639764157001e-06,-5.7239523489497541
72,1,1,550685007203.78564,3.7294475831630011e-07,1,1530143965543.2732,1.2578639764157001e-06,-1.8919837308857044
72,1,2,396117370667.02716,-5.225228855494153e-07,0,1530143965543.2732,1.2578639764157001e-06,2.7180472546457008
72,2,0,-444852605982.41364,3.3448935758906512e-07,0,1530143965543.2732,1.2578639764157001e-06,-3.6061196700773883
72,2,1,396117370667.02716,-5.225228855494153e-07,0,1530143965543.2732,1.2578639764157001e-06,3.2977197949773043
72,2,2,284934162527.67804,7.3209278273681048e-07,1,1530143965543.2732,1.2578639764157001e-06,-4.1729004843167941
73,0,0,655887116313.96765,1.8740099831253215e-07,1,1620067524333.4155,1.2042607487953487e-06,-1.7100564584355815
73,0,1,536816798943.81189,-3.0184508793235096e-07,0,1620067524333.4155,1.2042607487953487e-06,4.480196831818807
73,0,2,586703700170.72461,3.1535705997396582e-07,0,1620067524333.4155,1.2042607487953487e-06,5.172629293227323
73,1,0,536816798943.81189,-3.0184508793235096e-07,0,1620067524333.4155,1.2042607487953487e-06,4.52148048217295
73,1,1,439362610517.16602,4.8617914487809751e-07,1,1620067524333.4155,1.2042607487953487e-06,-3.3103523235822592
73,1,2,480193000320.1546,-5.0794275566868086e-07,0,1620067524333.4155,1.2042607487953487e-06,3.8629620019599571
73,2,0,586703700170.72461,3.1535705997396582e-07,0,1620067524333.4155,1.2042607487953487e-06,5.3850797183625074
73,2,1,480193000320.1546,-5.0794275566868086e-07,0,1620067524333.4155,1.2042607487953487e-06,3.7364734478089998
73,2,2,524817797502.28186,5.3068060560471896e-07,1,1620067524333.4155,1.2042607487953487e-06,-2.6182037107304539
74,0,0,953524952217.099,2.4091511463256822e-08,1,1873775880535.0435,9.7725297181585295e-07,-0.060464657990978499
74,0,1,268557575189.43695,1.3919409271650314e-07,0,1873775880535.0435,9.7725297181585295e-07,2.0121560164903518
74,0,2,897417991384.43787,-5.9900791324061052e-08,0,1873775880535.0435,9.7725297181585295e-07,7.9069823418875869
74,1,0,268557575189.43695,1.3919409271650314e-07,0,1873775880535.0435,9.7725297181585295e-07,2.4137430025237432
74,1,1,75638472830.66069,8.0422498508324212e-07,1,1873775880535.0435,9.7725297181585295e-07,-7.1930873036164318
74,1,2,252755210167.491,-3.4609021165275225e-07,0,1873775880535.0435,9.7725297181585295e-07,1.9750565742116111
74,2,0,897417991384.43787,-5.9900791324061052e-08,0,1873775880535.0435,9.7725297181585295e-07,8.2282850698411778
74,2,1,252755210167.491,-3.4609021165275225e-07,0,1873775880535.0435,9.7725297181585295e-07,1.4813167644263847
74,2,2,844612455487.28394,1.4893647526935397e-07,1,1873775880535.0435,9.7725297181585295e-07,-1.0280137654207919
75,0,0,96719109393.392502,9.0808300134346233e-07,1,1340860090864.2803,1.8638942051683108e-06,-5.062578119690837
75,0,1,124135663079.01674,-9.1380455206319092e-07,0,1340860090864.2803,1.8638942051683108e-06,0.68940091586191143
75,0,2,-323917496964.30157,1.8143083342025202e-07,0,1340860090864.2803,1.8638942051683108e-06,-3.0885860804284864
75,1,0,124135663079.01674,-9.1380455206319092e-07,0,1340860090864.2803,1.8638942051683108e-06,0.33651687272016523
75,1,1,159323870377.98645,9.1956215250809884e-07,1,1340860090864.2803,1.8638942051683108e-06,-4.5269641992993881
75,1,2,-415737009167.55908,-1.82573973104621e-07,0,1340860090864.2803,1.8638942051683108e-06,-3.9385458734254515
75,2,0,-323917496964.30157,1.8143083342025202e-07,0,1340860090864.2803,1.8638942051683108e-06,-2.4530482105899232
75,2,1,-415737009167.55908,-1.82573973104621e-07,0,1340860090864.2803,1.8638942051683108e-06,-3.9029517982780519
75,2,2,1084817111092.9011,3.624905131674968e-08,1,1340860090864.2803,1.8638942051683108e-06,3.2187982742615504
76,0,0,106276182606.25316,9.2238017247901822e-07,1,1086075177013.3682,1.8413540148960498e-06,-3.7300367156780929
76,0,1,48167633948.320511,-9.17054183234172e-07,0,1086075177013.3682,1.8413540148960498e-06,-0.086198226612147738
76,0,2,-319075501859.44141,-8.157742509440653e-08,0,1086075177013.3682,1.8413540148960498e-06,-2.76563636190774
76,1,0,48167633948.320511,-9.17054183234172e-07,0,1086075177013.3682,1.8413540148960498e-06,-0.54615496981309875
76,1,1,21831052859.466228,9.1175894721048393e-07,1,1086075177013.3682,1.8413540148960498e-06,-4.6755374673912948
76,1,2,-144614829010.03195,8.1106382349084573e-08,0,1086075177013.3682,1.8413540148960498e-06,-1.0861202651631632
76,2,0,-319075501859.44141,-8.157742509440653e-08,0,1086075177013.3682,1.8413540148960498e-06,-2.7393384584275156
76,2,1,-144614829010.03195,8.1106382349084573e-08,0,1086075177013.3682,1.8413540148960498e-06,-0.91973433025811868
76,2,2,957967941547.6488,7.2148952065476996e-09,1,1086075177013.3682,1.8413540148960498e-06,2.8865593532739293
77,0,0,973113674991.80017,6.5614909172923467e-08,1,1943174621409.4202,1.1226390947891382e-06,-0.49167345110373384
77,0,1,-951295703730.83081,-1.9977754191675697e-08,0,1943174621409.4202,1.1226390947891382e-06,-8.2425195321751357
77,0,2,197524825269.47665,2.6259747765401006e-07,0,1943174621409.4202,1.1226390947891382e-06,1.7778106836610696
77,1,0,-951295703730.83081,-1.9977754191675697e-08,0,1943174621409.4202,1.1226390947891382e-06,-8.2392756471779265
77,1,1,929966908485.13892,6.082621580579925e-09,1,1943174621409.4202,1.1226390947891382e-06,-0.66096519346605609
77,1,2,-193096163878.92151,-7.9952985168357354e-08,0,1943174621409.4202,1.1226390947891382e-06,-1.6699563691409178
77,2,0,197524825269.47665,2.6259747765401006e-07,0,1943174621409.4202,1.1226390947891382e-06,1.8783357850104354
77,2,1,-193096163878.92151,-7.9952985168357354e-08,0,1943174621409.4202,1.1226390947891382e-06,-1.7639908062997025
77,2,2,40094037932.481071,1.0509415640356349e-06,1,1943174621409.4202,1.1226390947891382e-06,-7.7812249786779715
78,0,0,939271504155.56616,5.0634586056647383e-08,1,2414637222093.8555,7.3322629756776557e-07,-2.6234257586162437
78,0,1,-902350205356.01367,1.0658722416837459e-07,0,2414637222093.8555,7.3322629756776557e-07,-7.402674917293151
78,0,2,755998071400.59155,-1.5232173975550766e-07,0,2414637222093.8555,7.3322629756776557e-07,6.35209043237455
78,1,0,-902350205356.01367,1.0658722416837459e-07,0,2414637222093.8555,7.3322629756776557e-07,-8.133518301517265
78,1,1,866880225263.5813,2.2436909710705276e-07,1,2414637222093.8555,7.3322629756776557e-07,-3.2490739830144686
78,1,2,-726280965577.00879,-3.2064153546893036e-07,0,2414637222093.8555,7.3322629756776557e-07,-6.8192196336060773
78,2,0,755998071400.59155,-1.5232173975550766e-07,0,2414637222093.8555,7.3322629756776557e-07,6.0878482796136026
78,2,1,-726280965577.00879,-3.2064153546893036e-07,0,2414637222093.8555,7.3322629756776557e-07,-6.8282976203966328
78,2,2,608485492674.70825,4.5822261440406541e-07,1,2414637222093.8555,7.3322629756776557e-07,-5.3134752717008604
79,0,0,62648013743.686546,9.5792282782628496e-07,1,378628707574.62848,2.6330334054730132e-06,-1.3967574138144947
79,0,1,-32920473957.932045,-9.7102188959493391e-07,0,378628707574.62848,2.6330334054730132e-06,-0.96880043624835466
79,0,2,-136791100749.4478,8.1347596853782949e-07,0,378628707574.62848,2.6330334054730132e-06,-0.83960072884084891
79,1,0,-32920473957.932045,-9.7102188959493391e-07,0,378628707574.62848,2.6330334054730132e-06,-0.85869242046268279
79,1,1,17299153490.306778,9.8430007374613247e-07,1,378628707574.62848,2.6330334054730132e-06,-1.5629856784956573
79,1,2,71881414921.201309,-8.2459979986291505e-07,0,378628707574.62848,2.6330334054730132e-06,-0.066944686372542819
79,2,0,-136791100749.4478,8.1347596853782949e-07,0,378628707574.62848,2.6330334054730132e-06,-0.21370041186771321
79,2,1,71881414921.201309,-8.2459979986291505e-07,0,378628707574.62848,2.6330334054730132e-06,0.02532351618844457
79,2,2,298681540340.63519,6.9081050390059592e-07,1,378628707574.62848,2.6330334054730132e-06,0.72706463523204024
80,0,0,540473115106.4754,3.9634638332304834e-07,1,1123035194044.6702,1.8594645478329044e-06,-0.46696648502810489
80,0,1,-556161126171.43958,4.0062625402013802e-07,0,1123035194044.6702,1.8594645478329044e-06,-4.9625126208061898
80,0,2,74457661005.075226,-6.4761114680611399e-07,0,1123035194044.6702,1.8594645478329044e-06,0.1480378584025305
80,1,0,-556161126171.43958,4.0062625402013802e-07,0,1123035194044.6702,1.8594645478329044e-06,-4.3647191951131248
80,1,1,572304504366.2301,4.0495234008326747e-07,1,1123035194044.6702,1.8594645478329044e-06,-0.31829581215876862
80,1,2,-76618901919.877899,-6.5460425204675147e-07,0,1123035194044.6702,1.8594645478329044e-06,-1.2076572468274334
80,2,0,74457661005.075226,-6.4761114680611399e-07,0,1123035194044.6702,1.8594645478329044e-06,0.42626238044903336
80,2,1,-76618901919.877899,-6.5460425204675147e-07,0,1123035194044.6702,1.8594645478329044e-06,-1.3601189833387943
80,2,2,10257574571.96464,1.0581658244265887e-06,1,1123035194044.6702,1.8594645478329044e-06,-4.7763916513710907
81,0,0,521270396101.19995,4.2019536515105931e-07,1,1070627579611.1631,1.9404116694470894e-06,-0.5203676299499107
81,0,1,-139013475469.2767,-6.4323859379993417e-07,0,1070627579611.1631,1.9404116694470894e-06,-1.818909376088788
81,0,2,516758057786.4566,-4.7437533297858928e-07,0,1070627579611.1631,1.9404116694470894e-06,4.1934036927361582
81,1,0,-139013475469.2767,-6.4323859379993417e-07,0,1070627579611.1631,1.9404116694470894e-06,-1.5657452339131215
81,1,1,37072403318.095726,9.8467504134647571e-07,1,1070627579611.1631,1.9404116694470894e-06,-4.3460201569814325
81,1,2,-137810115684.57129,7.2617774355704145e-07,0,1070627579611.1631,1.9404116694470894e-06,-0.82551211684330583
81,2,0,516758057786.4566,-4.7437533297858928e-07,0,1070627579611.1631,1.9404116694470894e-06,3.9523478639932059
81,2,1,-137810115684.57129,7.2617774355704145e-07,0,1070627579611.1631,1.9404116694470894e-06,-0.82106825204746325
81,2,2,512284780191.86737,5.3554126294955439e-07,1,1070627579611.1631,1.9404116694470894e-06,-0.54963281201377689
82,0,0,175446659381.25217,9.5065508161870872e-07,1,964246611739.32312,2.1168283217437342e-06,-2.8216543759364354
82,0,1,-163848519906.54053,-8.8041583399535097e-07,0,964246611739.32312,2.1168283217437342e-06,-2.341279748773295
82,0,2,-333984998294.4599,-5.7749153762014626e-07,0,964246611739.32312,2.1168283217437342e-06,-3.5496714070341153
82,1,0,-163848519906.54053,-8.8041583399535097e-07,0,964246611739.32312,2.1168283217437342e-06,-2.4983823841002115
82,1,1,153017091178.84036,8.1536622034343822e-07,1,964246611739.32312,2.1168283217437342e-06,-3.0552887055322611
82,1,2,311906466811.77728,5.3482351648862495e-07,0,964246611739.32312,2.1168283217437342e-06,3.1781526325760754
82,2,0,-333984998294.4599,-5.7749153762014626e-07,0,964246611739.32312,2.1168283217437342e-06,-3.6968044163499503
82,2,1,311906466811.77728,5.3482351648862495e-07,0,964246611739.32312,2.1168283217437342e-06,3.1937028740437379
82,2,2,635782861179.23059,3.508070197815872e-07,1,964246611739.32312,2.1168283217437342e-06,0.97067314866013543
83,0,0,12872601791.730446,1.0735793110687255e-06,1,551771741388.00867,2.457807833734848e-06,-2.5475671784219607
83,0,1,-71326190107.853943,-7.6495237435954856e-07,0,551771741388.00867,2.457807833734848e-06,-0.93997999457089065
83,0,2,-43007076564.529762,-9.4917172771172704e-07,0,551771741388.00867,2.457807833734848e-06,-1.2080411089884886
83,1,0,-71326190107.853943,-7.6495237435954856e-07,0,551771741388.00867,2.457807833734848e-06,-1.1950837753111567
83,1,1,395213452386.13385,5.4504788701246889e-07,1,551771741388.00867,2.457807833734848e-06,0.52450252854912183
83,1,2,238299216324.34152,6.7630882907500523e-07,0,551771741388.00867,2.457807833734848e-06,2.9656063476169057
83,2,0,-43007076564.529762,-9.4917172771172704e-07,0,551771741388.00867,2.457807833734848e-06,-1.1008794302133291
83,2,1,238299216324.34152,6.7630882907500523e-07,0,551771741388.00867,2.457807833734848e-06,2.389392561306277
83,2,2,143685687210.14438,8.3918063565365395e-07,1,551771741388.00867,2.457807833734848e-06,-1.6498149850423807
84,0,0,957817270308.05005,6.5491558314446354e-09,1,1244799344763.4692,1.6401554428555049e-06,2.1250848513762506
84,0,1,550628447.26871884,-7.9248774095726857e-08,0,1244799344763.4692,1.6401554428555049e-06,-0.44906543809484345
84,0,2,524286261493.22687,6.6470850342632846e-08,0,1244799344763.4692,1.6401554428555049e-06,4.7051857700048236
84,1,0,550628447.26871884,-7.9248774095726857e-08,0,1244799344763.4692,1.6401554428555049e-06,-0.27700468995792549
84,1,1,316544.39352930937,9.5895843026385947e-07,1,1244799344763.4692,1.6401554428555049e-06,-5.4102684117827335
84,1,2,301400840.26412517,-8.0433777090202537e-07,0,1244799344763.4692,1.6401554428555049e-06,-0.79686256860315174
84,2,0,524286261493.22687,6.6470850342632846e-08,0,1244799344763.4692,1.6401554428555049e-06,4.5235214683150993
84,2,1,301400840.26412517,-8.0433777090202537e-07,0,1244799344763.4692,1.6401554428555049e-06,-0.74633873794615491
84,2,2,286981757911.0257,6.7464785676020066e-07,1,1244799344763.4692,1.6401554428555049e-06,-2.9947208878472495
85,0,0,256871251469.38156,8.0207338787911457e-07,1,1321617349120.2544,1.5809886424054036e-06,-3.4476483552832664
85,0,1,-451412254239.73914,-2.6618412968615933e-07,0,1321617349120.2544,1.5809886424054036e-06,-4.12388068945023
85,0,2,-264063703153.07858,-7.4424001919531681e-07,0,1321617349120.2544,1.5809886424054036e-06,-3.1503814592467667
85,1,0,-451412254239.73914,-2.6618412968615933e-07,0,1321617349120.2544,1.5809886424054036e-06,-4.0616729928223263
85,1,1,793288552580.94983,8.8338538552106808e-08,1,1321617349120.2544,1.5809886424054036e-06,0.69999710767825052
85,1,2,464051896899.14777,2.4699096713700406e-07,0,1321617349120.2544,1.5809886424054036e-06,4.3674860818115846
85,2,0,-264063703153.07858,-7.4424001919531681e-07,0,1321617349120.2544,1.5809886424054036e-06,-3.0644988853606834
85,2,1,464051896899.14777,2.4699096713700406e-07,0,1321617349120.2544,1.5809886424054036e-06,4.4658570465549259
85,2,2,271457545069.92313,6.9057671597418226e-07,1,1321617349120.2544,1.5809886424054036e-06,-3.4722614542119508
86,0,0,41356224051.316429,9.5450519294505278e-07,1,1213244568807.8745,1.8202561903688035e-06,-5.3707522895655853
86,0,1,54977522588.278496,9.0752199205420793e-07,0,1213244568807.8745,1.8202561903688035e-06,1.3560951414929623
86,0,2,-213172111119.0061,-5.2608523798820939e-08,0,1213244568807.8745,1.8202561903688035e-06,-2.3548632864916912
86,1,0,54977522588.278496,9.0752199205420793e-07,0,1213244568807.8745,1.8202561903688035e-06,1.3604582268536547
86,1,1,73085202028.942505,8.628514251671014e-07,1,1213244568807.8745,1.8202561903688035e-06,-4.7807432569224968
86,1,2,-283383573405.87811,-5.0018996931413858e-08,0,1213244568807.8745,1.8202561903688035e-06,-2.2784688680914758
86,2,0,-213172111119.0061,-5.2608523798820939e-08,0,1213244568807.8745,1.8202561903688035e-06,-1.9511192276343936
86,2,1,-283383573405.87811,-5.0018996931413858e-08,0,1213244568807.8745,1.8202561903688035e-06,-2.7497447828108026
86,2,2,1098803142727.6154,2.8995722566492447e-09,1,1213244568807.8745,1.8202561903688035e-06,3.6168035958256683
87,0,0,372375120088.92041,6.4209749435213423e-07,1,1506258500066.1721,1.4025519962966414e-06,-3.2818719030400603
87,0,1,609414010328.56531,1.1989903307902947e-07,0,1506258500066.1721,1.4025519962966414e-06,5.4971568865649276
87,0,2,-225487302970.95532,6.8841132481539123e-07,0,1506258500066.1721,1.4025519962966414e-06,-1.4740697957529334
87,1,0,609414010328.56531,1.1989903307902947e-07,0,1506258500066.1721,1.4025519962966414e-06,5.6609321895489417
87,1,1,997342238912.36511,2.2388777809810837e-08,1,1506258500066.1721,1.4025519962966414e-06,1.6482134513237847
87,1,2,-369023369630.30286,1.2854722675611814e-07,0,1506258500066.1721,1.4025519962966414e-06,-3.1663811377771469
87,2,0,-225487302970.95532,6.8841132481539123e-07,0,1506258500066.1721,1.4025519962966414e-06,-1.1448635378908401
87,2,1,-369023369630.30286,1.2854722675611814e-07,0,1506258500066.1721,1.4025519962966414e-06,-2.8127266538451443
87,2,2,136541141064.88666,7.3806572413469649e-07,1,1506258500066.1721,1.4025519962966414e-06,-5.3508441442225996
88,0,0,774649413014.28906,2.225058018477968e-07,1,1914662787157.0554,1.1726954695030342e-06,-1.9438110352249285
88,0,1,-204884218358.63046,4.4948112362835659e-07,0,1914662787157.0554,1.1726954695030342e-06,-1.1145848718749574
88,0,2,-917133113662.19153,9.689908880330167e-08,0,1914662787157.0554,1.1726954695030342e-06,-7.7800878395264395
88,1,0,-204884218358.63046,4.4948112362835659e-07,0,1914662787157.0554,1.1726954695030342e-06,-1.2922207636017091
88,1,1,54189085058.601418,9.0799106729095161e-07,1,1914662787157.0554,1.1726954695030342e-06,-7.8918863508722845
88,1,2,242569216430.85141,1.9574460958849469e-07,0,1914662787157.0554,1.1726954695030342e-06,2.3353457221895022
88,2,0,-917133113662.19153,9.689908880330167e-08,0,1914662787157.0554,1.1726954695030342e-06,-8.2085625357877099
88,2,1,242569216430.85141,1.9574460958849469e-07,0,1914662787157.0554,1.1726954695030342e-06,2.2674521720518892
88,2,2,1085824289084.165,4.21986003642858e-08,1,1914662787157.0554,1.1726954695030342e-06,0.73563566903946953
89,0,0,221259859975.242,6.6073610714033312e-07,1,1031916890173.5906,1.793445079447547e-06,-2.7841608224882424
89,0,1,-422624283224.05011,-3.116735795759121e-07,0,1031916890173.5906,1.793445079447547e-06,-4.0984292002187974
89,0,2,-27469550760.615215,8.0702001008620193e-07,0,1031916890173.5906,1.793445079447547e-06,0.68206670327229202
89,1,0,-422624283224.05011,-3.116735795759121e-07,0,1031916890173.5906,1.793445079447547e-06,-4.3771975570467623
89,1,1,807246668196.51758,1.4701848310679784e-07,1,1031916890173.5906,1.793445079447547e-06,2.0733893218802741
89,1,2,52469070539.910378,-3.8067666140051546e-07,0,1031916890173.5906,1.793445079447547e-06,-0.25918519642406734
89,2,0,-27469550760.615215,8.0702001008620193e-07,0,1031916890173.5906,1.793445079447547e-06,0.48407184780446755
89,2,1,52469070539.910378,-3.8067666140051546e-07,0,1031916890173.5906,1.793445079447547e-06,-0.039300196777574015
89,2,2,3410362001.8310132,9.856904892004161e-07,1,1031916890173.5906,1.793445079447547e-06,-4.3539559094465039
90,0,0,18563710367.68232,9.7334506620932202e-07,1,1217198295281.0242,1.7617209979226813e-06,-5.1394487407437248
90,0,1,-95255847196.537262,-7.0398962347642692e-07,0,1217198295281.0242,1.7617209979226813e-06,-1.3470561648441333
90,0,2,-114792982563.78017,-5.2130646791392689e-07,0,1217198295281.0242,1.7617209979226813e-06,-1.6576617561390201
90,1,0,-95255847196.537262,-7.0398962347642692e-07,0,1217198295281.0242,1.7617209979226813e-06,-1.5530636769045647
90,1,1,488785713923.14313,5.0917337249429296e-07,1,1217198295281.0242,1.7617209979226813e-06,-1.3308056503879793
90,1,2,589036490537.28528,3.7704443860984006e-07,0,1217198295281.0242,1.7617209979226813e-06,5.6475794891883169
90,2,0,-114792982563.78017,-5.2130646791392689e-07,0,1217198295281.0242,1.7617209979226813e-06,-0.77985513120765193
90,2,1,589036490537.28528,3.7704443860984006e-07,0,1217198295281.0242,1.7617209979226813e-06,5.5658601491402582
90,2,2,709848870990.19861,2.792025592190662e-07,1,1217198295281.0242,1.7617209979226813e-06,0.54363993267478028
91,0,0,62912644062.348671,9.4171241888955778e-07,1,134961381682.41759,2.7835960246709152e-06,-0.59902024905512019
91,0,1,-17115123086.02162,9.5448071370562456e-07,0,134961381682.41759,2.7835960246709152e-06,0.30437379420056165
91,0,2,65114124019.165581,9.0746417718683775e-07,0,134961381682.41759,2.7835960246709152e-06,1.2196035419438709
91,1,0,-17115123086.02162,9.5448071370562456e-07,0,134961381682.41759,2.7835960246709152e-06,0.33461797412198263
91,1,1,4656098032.6843147,9.6742212862634302e-07,1,134961381682.41759,2.7835960246709152e-06,-0.70887728650921877
91,1,2,-17714026549.608208,9.1976811405431993e-07,0,134961381682.41759,2.7835960246709152e-06,0.48215302980326002
91,2,0,65114124019.165581,9.0746417718683775e-07,0,134961381682.41759,2.7835960246709152e-06,1.6060233443552472
91,2,1,-17714026549.608208,9.1976811405431993e-07,0,134961381682.41759,2.7835960246709152e-06,0.91191930787990505
91,2,2,67392639587.384598,8.7446147715501462e-07,1,134961381682.41759,2.7835960246709152e-06,-0.40694215499823394
92,0,0,147514932387.22086,9.3888951186587539e-07,1,771307348243.57849,2.2174913702286864e-06,-2.1790561666636905
92,0,1,-122157987653.61922,-8.7516073431357771e-07,0,771307348243.57849,2.2174913702286864e-06,-1.7908262225095337
92,0,2,277661884494.6673,-6.592113195211231e-07,0,771307348243.57849,2.2174913702286864e-06,2.0535707783852528
92,1,0,-122157987653.61922,-8.7516073431357771e-07,0,771307348243.57849,2.2174913702286864e-06,-1.6676611354962818
92,1,1,101159751803.36739,8.1575765966559629e-07,1,771307348243.57849,2.2174913702286864e-06,-2.7674579050293389
92,1,2,-229933448153.88034,6.1446619135558482e-07,0,771307348243.57849,2.2174913702286864e-06,-1.4324529653895892
92,2,0,277661884494.6673,-6.592113195211231e-07,0,771307348243.57849,2.2174913702286864e-06,2.3171455070585667
92,2,1,-229933448153.88034,6.1446619135558482e-07,0,771307348243.57849,2.2174913702286864e-06,-1.3853200150577183
92,2,2,522632664052.99023,4.6284419869721486e-07,1,771307348243.57849,2.2174913702286864e-06,0.74086481784409841
93,0,0,489346849374.901,5.6849926198578383e-07,1,1145541071676.7141,1.7932305931515837e-06,-0.98367947197034256
93,0,1,177307000613.94745,7.2433137483131115e-07,0,1145541071676.7141,1.7932305931515837e-06,1.9150675430102204
93,0,2,538208883979.71594,4.1424982478403836e-07,0,1145541071676.7141,1.7932305931515837e-06,4.8665035143169337
93,1,0,177307000613.94745,7.2433137483131115e-07,0,1145541071676.7141,1.7932305931515837e-06,2.2201094466944711
93,1,1,64244354504.117966,9.2287884197488568e-07,1,1145541071676.7141,1.7932305931515837e-06,-4.6521009133178559
93,1,2,195011376989.80768,5.2780041272411636e-07,0,1145541071676.7141,1.7932305931515837e-06,1.973029169454626
93,2,0,538208883979.71594,4.1424982478403836e-07,0,1145541071676.7141,1.7932305931515837e-06,5.3799299958855329
93,2,1,195011376989.80768,5.2780041272411636e-07,0,1145541071676.7141,1.7932305931515837e-06,2.580310362743349
93,2,2,591949867797.69519,3.0185248919091413e-07,1,1145541071676.7141,1.7932305931515837e-06,-0.51847744605263957
94,0,0,464128467785.89301,5.7645386603506827e-07,1,2014707432292.7703,8.8596772968192188e-07,-4.494122495821868
94,0,1,-637767461173.97412,-9.0565379863476083e-08,0,2014707432292.7703,8.8596772968192188e-07,-5.767138269913457
94,0,2,-559392978544.88379,4.1257529647430911e-07,0,2014707432292.7703,8.8596772968192188e-07,-4.627885233255018
94,1,0,-637767461173.97412,-9.0565379863476083e-08,0,2014707432292.7703,8.8596772968192188e-07,-5.7447568512655991
94,1,1,876367994561.22388,1.4228524628051931e-08,1,2014707432292.7703,8.8596772968192188e-07,-1.3663961016761832
94,1,2,768672176966.52051,-6.4818783685994011e-08,0,2014707432292.7703,8.8596772968192188e-07,6.3900226142409737
94,2,0,-559392978544.88379,4.1257529647430911e-07,0,2014707432292.7703,8.8596772968192188e-07,-4.5231080217003443
94,2,1,768672176966.52051,-6.4818783685994011e-08,0,2014707432292.7703,8.8596772968192188e-07,6.5401816319077861
94,2,2,674210969945.65344,2.9528533901880172e-07,1,2014707432292.7703,8.8596772968192188e-07,-2.9935195398402379
95,0,0,643436631410.67017,3.4307506440723487e-07,1,1699942050709.0962,1.3128025471317864e-06,-1.8794043576149471
95,0,1,816850708916.82739,-5.8606817813646754e-08,0,1699942050709.0962,1.3128025471317864e-06,7.1856630691343666
95,0,2,112023244920.74637,-5.7380707515588313e-07,0,1699942050709.0962,1.3128025471317864e-06,0.61843623728478903
95,1,0,816850708916.82739,-5.8606817813646754e-08,0,1699942050709.0962,1.3128025471317864e-06,7.2792670962927053
95,1,1,1037002010897.4144,1.0011683886663578e-08,1,1699942050709.0962,1.3128025471317864e-06,1.0420303333334535
95,1,2,142214885758.14645,9.8022299498643401e-08,0,1699942050709.0962,1.3128025471317864e-06,1.6796366896038271
95,2,0,112023244920.74637,-5.7380707515588313e-07,0,1699942050709.0962,1.3128025471317864e-06,0.91471240850672997
95,2,1,142214885758.14645,9.8022299498643401e-08,0,1699942050709.0962,1.3128025471317864e-06,1.4961635344880702
95,2,2,19503408401.011692,9.5971579883788798e-07,1,1699942050709.0962,1.3128025471317864e-06,-7.1021326591964167
96,0,0,25316.067006491732,1.0418665168923075e-06,1,956817725836.31616,2.0218598927538414e-06,-4.2706681287419812
96,0,1,99697097.099777773,7.495035581960611e-07,0,956817725836.31616,2.0218598927538414e-06,0.45427863267426505
96,0,2,-119512969.3767394,6.7769218775033389e-07,0,956817725836.31616,2.0218598927538414e-06,0.91868331848480511
96,1,0,99697097.099777773,7.495035581960611e-07,0,956817725836.31616,2.0218598927538414e-06,0.92025753149347733
96,1,1,392616719159.96088,5.3918191499633552e-07,1,956817725836.31616,2.0218598927538414e-06,-1.1429356173999148
96,1,2,-470653522507.27563,4.8752186373703259e-07,0,956817725836.31616,2.0218598927538414e-06,-4.137142530167222
96,2,0,-119512969.3767394,6.7769218775033389e-07,0,956817725836.31616,2.0218598927538414e-06,-0.091542944409495841
96,2,1,-470653522507.27563,4.8752186373703259e-07,0,956817725836.31616,2.0218598927538414e-06,-4.0246594048362248
96,2,2,564200981360.28821,4.4081146086519819e-07,1,956817725836.31616,2.0218598927538414e-06,0.28906078959281561
97,0,0,552996622617.02515,4.6275326729845871e-07,1,1622055394951.8672,1.3669098763886522e-06,-2.2799397106428128
97,0,1,350225926932.96997,-5.8709555073679893e-07,0,1622055394951.8672,1.3669098763886522e-06,2.4849186054374437
97,0,2,684490825785.27881,2.7151471288134114e-07,0,1622055394951.8672,1.3669098763886522e-06,6.3888058008145743
97,1,0,350225926932.96997,-5.8709555073679893e-07,0,1622055394951.8672,1.3669098763886522e-06,2.9312464617108804
97,1,1,221806417759.99475,7.4484873484996624e-07,1,1622055394951.8672,1.3669098763886522e-06,-5.1521048581447175
97,1,2,433504336433.86755,-3.4447099816888909e-07,0,1622055394951.8672,1.3669098763886522e-06,3.5318544697197716
97,2,0,684490825785.27881,2.7151471288134114e-07,0,1622055394951.8672,1.3669098763886522e-06,5.9855070500227727
97,2,1,433504336433.86755,-3.4447099816888909e-07,0,1622055394951.8672,1.3669098763886522e-06,3.291704882437549
97,2,2,847252354574.84741,1.5930787424022723e-07,1,1622055394951.8672,1.3669098763886522e-06,-0.042671605542147169
98,0,0,10036183617.949854,1.0427253805619464e-06,1,358851300936.57318,2.7321448493655659e-06,-1.782946493647166
98,0,1,-11171611180.309486,-1.0060445604447167e-06,0,358851300936.57318,2.7321448493655659e-06,-0.87152195428278811
98,0,2,-58103077971.501717,-8.657221846161804e-07,0,358851300936.57318,2.7321448493655659e-06,-1.2138779671086655
98,1,0,-11171611180.309486,-1.0060445604447167e-06,0,358851300936.57318,2.7321448493655659e-06,-0.74786109234761355
98,1,1,12435493521.740736,9.7065409212054252e-07,1,358851300936.57318,2.7321448493655659e-06,-1.8909002474297301
98,1,2,64676476655.517647,8.3526795350473706e-07,0,358851300936.57318,2.7321448493655659e-06,1.1613047301238131
98,2,0,-58103077971.501717,-8.657221846161804e-07,0,358851300936.57318,2.7321448493655659e-06,-0.78169663920560406
98,2,1,64676476655.517647,8.3526795350473706e-07,0,358851300936.57318,2.7321448493655659e-06,1.0561388128599682
98,2,2,336379623796.88263,7.1876537668307678e-07,1,358851300936.57318,2.7321448493655659e-06,0.83822218027507445
99,0,0,656445169704.56165,4.303970272568872e-07,1,1598838445029.1138,1.4344124222448827e-06,-1.5699934242434219
99,0,1,-768219012196.20337,-7.3948620779716176e-08,0,1598838445029.1138,1.4344124222448827e-06,-6.7591052248845145
99,0,2,168727777349.05734,6.5318974487338701e-07,0,1598838445029.1138,1.4344124222448827e-06,2.2410644434043232
99,1,0,-768219012196.20337,-7.3948620779716176e-08,0,1598838445029.1138,1.4344124222448827e-06,-6.9744091090108906
99,1,1,899024744085.354,1.2705474640647079e-08,1,1598838445029.1138,1.4344124222448827e-06,0.26756578467851216
99,1,2,-197457293353.97534,-1.1222772854332887e-07,0,1598838445029.1138,1.4344124222448827e-06,-1.900798244395872
99,2,0,168727777349.05734,6.5318974487338701e-07,0,1598838445029.1138,1.4344124222448827e-06,2.1315306173731146
99,2,1,-197457293353.97534,-1.1222772854332887e-07,0,1598838445029.1138,1.4344124222448827e-06,-2.005105128587795
99,2,2,43368531239.198227,9.9130992034734844e-07,1,1598838445029.1138,1.4344124222448827e-06,-6.5244661981014902
100,0,0,260851644561.36594,5.7371389554042345e-07,1,976011811784.48926,1.8202019954262165e-06,-2.5842602015146925
100,0,1,-82505815292.572647,-7.4644822026973517e-07,0,976011811784.48926,1.8202019954262165e-06,-1.6399907288075273
100,0,2,-423961668300.14368,-3.9741992650898084e-07,0,976011811784.48926,1.8202019954262165e-06,-4.0950182762010785
100,1,0,-82505815292.572647,-7.4644822026973517e-07,0,976011811784.48926,1.8202019954262165e-06,-1.1195110208800803
100,1,1,26096095995.632889,9.7118955959573102e-07,1,976011811784.48926,1.8202019954262165e-06,-4.0043953124366478
100,1,2,134096540409.86369,5.1707549555326354e-07,0,976011811784.48926,1.8202019954262165e-06,1.3498399958385869
100,2,0,-423961668300.14368,-3.9741992650898084e-07,0,976011811784.48926,1.8202019954262165e-06,-4.381398500947344
100,2,1,134096540409.86369,5.1707549555326354e-07,0,976011811784.48926,1.8202019954262165e-06,1.6383402102970865
100,2,2,689064071227.49036,2.7529854029006207e-07,1,976011811784.48926,1.8202019954262165e-06,1.0617125442909534
101,0,0,240465217778.77414,7.6604455464038475e-07,1,1782895548132.3203,1.0636281829998432e-06,-5.4401991208812168
101,0,1,-398771900017.25189,4.711884924339515e-07,0,1782895548132.3203,1.0636281829998432e-06,-3.1411777542988819
101,0,2,460306220959.13812,7.7095542366023024e-08,0,1782895548132.3203,1.0636281829998432e-06,3.779470485431371
101,1,0,-398771900017.25189,4.711884924339515e-07,0,1782895548132.3203,1.0636281829998432e-06,-3.3763128193606695
101,1,1,661297420526.17871,2.8982465061239854e-07,1,1782895548132.3203,1.0636281829998432e-06,-2.3205080560442939
101,1,2,-763341941995.56738,4.7420913262515793e-08,0,1782895548132.3203,1.0636281829998432e-06,-6.8960602243863223
101,2,0,460306220959.13812,7.7095542366023024e-08,0,1782895548132.3203,1.0636281829998432e-06,3.8055747202788113
101,2,1,-763341941995.56738,4.7420913262515793e-08,0,1782895548132.3203,1.0636281829998432e-06,-6.9190482910541231
101,2,2,881132909827.36755,7.758977747060022e-09,1,1782895548132.3203,1.0636281829998432e-06,-0.59668063022926765
102,0,0,532015160308.69226,5.0645966586105214e-07,1,2587971973486.9463,6.5904541375872738e-07,-6.6972442094595799
102,0,1,749862503486.94202,2.3519798803928231e-07,0,2587971973486.9463,6.5904541375872738e-07,7.0839819475874073
102,0,2,-729044867902.56799,-1.4819053045889595e-07,0,2587971973486.9463,6.5904541375872738e-07,-6.549578216405969
102,1,0,749862503486.94202,2.3519798803928231e-07,0,2587971973486.9463,6.5904541375872738e-07,6.5996670178580281
102,1,1,1056913065803.319,1.0922507221513467e-07,1,2587971973486.9463,6.5904541375872738e-07,-2.3160163958294779
102,1,2,-1027571111850.5031,-6.8819132025349848e-08,0,2587971973486.9463,6.5904541375872738e-07,-9.3521431176655074
102,2,0,-729044867902.56799,-1.4819053045889595e-07,0,2587971973486.9463,6.5904541375872738e-07,-6.6396042011498224
102,2,1,-1027571111850.5031,-6.8819132025349848e-08,0,2587971973486.9463,6.5904541375872738e-07,-8.9545322445624898
102,2,2,999043747374.93506,4.3360675682540624e-08,1,2587971973486.9463,6.5904541375872738e-07,-2.8065831862801329
103,0,0,2838515293.7550373,1.0510642939422358e-06,1,628379001823.79773,2.3730180513652888e-06,-2.5702832811514957
103,0,1,6435825332.7731905,-9.9659315474184804e-07,0,628379001823.79773,2.3730180513652888e-06,-0.65024919574556428
103,0,2,41643563610.293106,6.2949223711801072e-07,0,628379001823.79773,2.3730180513652888e-06,0.6664834598349012
103,1,0,6435825332.7731905,-9.9659315474184804e-07,0,628379001823.79773,2.3730180513652888e-06,-0.55120106766308152
103,1,1,14592081925.749056,9.449449684501345e-07,1,628379001823.79773,2.3730180513652888e-06,-2.7103982970928278
103,1,2,94419326265.291336,-5.9686896233715968e-07,0,628379001823.79773,2.3730180513652888e-06,0.60889940082144256
103,2,0,41643563610.293106,6.2949223711801072e-07,0,628379001823.79773,2.3730180513652888e-06,0.62631179595802933
103,2,1,94419326265.291336,-5.9686896233715968e-07,0,628379001823.79773,2.3730180513652888e-06,0.32756817816869738
103,2,2,610948404604.2937,3.7700878897291836e-07,1,628379001823.79773,2.3730180513652888e-06,2.1293854869578812
104,0,0,231850318588.44064,7.5403344578288607e-07,1,1785506105295.2891,1.285067024758244e-06,-5.9797617414988444
104,0,1,430139457912.30591,4.4770929804779693e-07,0,1785506105295.2891,1.285067024758244e-06,4.0507038094802947
104,0,2,-418563777543.71527,-4.4718392616769697e-07,0,1785506105295.2891,1.285067024758244e-06,-4.3791398630925817
104,1,0,430139457912.30591,4.4770929804779693e-07,0,1785506105295.2891,1.285067024758244e-06,3.9518063350013701
104,1,1,798014660404.77087,2.6582854736680493e-07,1,1785506105295.2891,1.285067024758244e-06,-1.264652286157218
104,1,2,-776538921621.98206,-2.6551660646157174e-07,0,1785506105295.2891,1.285067024758244e-06,-6.8034499808854036
104,2,0,-418563777543.71527,-4.4718392616769697e-07,0,1785506105295.2891,1.285067024758244e-06,-4.1139772772334018
104,2,1,-776538921621.98206,-2.6551660646157174e-07,0,1785506105295.2891,1.285067024758244e-06,-7.2823605230217625
104,2,2,755641126302.07739,2.6520503160855278e-07,1,1785506105295.2891,1.285067024758244e-06,-1.6479038815849956
105,0,0,1067390114988.0149,1.358292264091433e-10,1,1874885085001.3921,1.191798702845656e-06,0.69469761068684033
105,0,1,-872201893054.80042,5.6049701810419617e-09,0,1874885085001.3921,1.191798702845656e-06,-7.7205577507633674
105,0,2,-318081760945.90015,-1.1421337729610724e-08,0,1874885085001.3921,1.191798702845656e-06,-2.5264931253836065
105,1,0,-872201893054.80042,5.6049701810419617e-09,0,1874885085001.3921,1.191798702845656e-06,-7.6038516004706977
105,1,1,712706752260.78833,2.3128815175417078e-07,1,1874885085001.3921,1.191798702845656e-06,-2.4582396047641999
105,1,2,259915761020.82761,-4.7129958032190021e-07,0,1874885085001.3921,1.191798702845656e-06,1.783750059278874
105,2,0,-318081760945.90015,-1.1421337729610724e-08,0,1874885085001.3921,1.191798702845656e-06,-2.5874249131330576
105,2,1,259915761020.82761,-4.7129958032190021e-07,0,1874885085001.3921,1.191798702845656e-06,1.7855393561827861
105,2,2,94788217752.588791,9.6037472186507606e-07,1,1874885085001.3921,1.191798702845656e-06,-6.9469720527470225
106,0,0,615227686464.25012,3.7882843679170163e-07,1,1652497299630.6157,1.3052997677772295e-06,-2.2276512509263373
106,0,1,115516602092.62901,-5.7729743509638788e-07,0,1652497299630.6157,1.3052997677772295e-06,0.69412420759284399
106,0,2,-790451073115.20801,-1.3304644858359265e-07,0,1652497299630.6157,1.3052997677772295e-06,-7.2960435697044188
106,1,0,115516602092.62901,-5.7729743509638788e-07,0,1652497299630.6157,1.3052997677772295e-06,0.44703467971310384
106,1,1,21689669780.168755,8.7974475039770467e-07,1,1652497299630.6157,1.3052997677772295e-06,-6.8060587753275801
106,1,2,-148416958624.71069,2.0274975703110673e-07,0,1652497299630.6157,1.3052997677772295e-06,-1.1815277316516328
106,2,0,-790451073115.20801,-1.3304644858359265e-07,0,1652497299630.6157,1.3052997677772295e-06,-6.9236355069246764
106,2,1,-148416958624.71069,2.0274975703110673e-07,0,1652497299630.6157,1.3052997677772295e-06,-1.0455164715793221
106,2,2,1015579943386.1969,4.6726580587823267e-08,1,1652497299630.6157,1.3052997677772295e-06,1.2914482885987488
107,0,0,575119170738.6521,3.7932497964920527e-07,1,2287843997974.1416,6.0968281823399444e-07,-5.0912353959103003
107,0,1,713568018825.81494,2.1356784075297841e-07,0,2287843997974.1416,6.0968281823399444e-07,6.4372933240080288
107,0,2,689812702733.26904,-2.043752916311571e-07,0,2287843997974.1416,6.0968281823399444e-07,6.0393091218886328
107,1,0,713568018825.81494,2.1356784075297841e-07,0,2287843997974.1416,6.0968281823399444e-07,6.2940230541713644
107,1,1,885345756840.33655,1.2024312937700597e-07,1,2287843997974.1416,6.0968281823399444e-07,-2.2334352159559336
107,1,2,855871806565.0083,-1.1506753332536013e-07,0,2287843997974.1416,6.0968281823399444e-07,7.3102398568490168
107,2,0,689812702733.26904,-2.043752916311571e-07,0,2287843997974.1416,6.0968281823399444e-07,5.8782510023080743
107,2,1,855871806565.0083,-1.1506753332536013e-07,0,2287843997974.1416,6.0968281823399444e-07,7.258284833431742
107,2,2,827379070395.1532,1.1011470920778318e-07,1,2287843997974.1416,6.0968281823399444e-07,-3.2342266876596586
108,0,0,1141163134062.0027,1.496549743579795e-08,1,2892842975018.7334,2.7950923588673018e-07,-2.5707627223345519
108,0,1,-1042497871978.3079,-3.4014956903041085e-08,0,2892842975018.7334,2.7950923588673018e-07,-9.3039990079999235
108,0,2,-955065779985.91956,5.2934028245808827e-08,0,2892842975018.7334,2.7950923588673018e-07,-8.5136349362541104
108,1,0,-1042497871978.3079,-3.4014956903041085e-08,0,2892842975018.7334,2.7950923588673018e-07,-9.302714966436783
108,1,1,952363234177.39429,7.7312317754845888e-08,1,2892842975018.7334,2.7950923588673018e-07,-4.2472871742272638
108,1,2,872490543653.09265,-1.2031332050337175e-07,0,2892842975018.7334,2.7950923588673018e-07,7.4106437353862322
108,2,0,-955065779985.91956,5.2934028245808827e-08,0,2892842975018.7334,2.7950923588673018e-07,-8.2629084040699574
108,2,1,872490543653.09265,-1.2031332050337175e-07,0,2892842975018.7334,2.7950923588673018e-07,7.533279599130922
108,2,2,799316606779.3363,1.8723142069608631e-07,1,2892842975018.7334,2.7950923588673018e-07,-5.7686870138840165
109,0,0,766153351664.76367,1.3959664072994332e-07,1,1299882723480.9954,1.6662258426668038e-06,0.55004978602960652
109,0,1,121423683284.763,-3.7846939046435043e-07,0,1299882723480.9954,1.6662258426668038e-06,0.99954372168585071
109,0,2,-627833446255.05286,2.6433544732434776e-07,0,1299882723480.9954,1.6662258426668038e-06,-5.4627662058327822
109,1,0,121423683284.763,-3.7846939046435043e-07,0,1299882723480.9954,1.6662258426668038e-06,0.59836550298388957
109,1,1,19243811738.73616,1.0260925962793053e-06,1,1299882723480.9954,1.6662258426668038e-06,-5.5761979179847403
109,1,2,-99502076663.904648,-7.16656755519678e-07,0,1299882723480.9954,1.6662258426668038e-06,-1.2012895480415549
109,2,0,-627833446255.05286,2.6433544732434776e-07,0,1299882723480.9954,1.6662258426668038e-06,-5.4764097287320306
109,2,1,-99502076663.904648,-7.16656755519678e-07,0,1299882723480.9954,1.6662258426668038e-06,-1.8702099257264913
109,2,2,514485560077.49561,5.0053660565755509e-07,1,1299882723480.9954,1.6662258426668038e-06,-1.2820251229574942
110,0,0,810161802766.46802,1.4979635152930795e-07,1,1007728350752.991,1.9414137696755317e-06,1.8823714786965366
110,0,1,203078478758.12253,-3.8190111628595009e-07,0,1007728350752.991,1.9414137696755317e-06,1.6721158013755963
110,0,2,344702773630.2627,3.5004184029085458e-07,0,1007728350752.991,1.9414137696755317e-06,3.371343166314789
110,1,0,203078478758.12253,-3.8190111628595009e-07,0,1007728350752.991,1.9414137696755317e-06,1.5598863668193321
110,1,1,50904484010.339157,9.7364495951638201e-07,1,1007728350752.991,1.9414137696755317e-06,-4.0809306487959924
110,1,2,86404610354.997757,-8.9242073113984074e-07,0,1007728350752.991,1.9414137696755317e-06,0.13768543991731239
110,2,0,344702773630.2627,3.5004184029085458e-07,0,1007728350752.991,1.9414137696755317e-06,2.9596764544880965
110,2,1,86404610354.997757,-8.9242073113984074e-07,0,1007728350752.991,1.9414137696755317e-06,0.18808072440997928
110,2,2,146662063976.18378,8.1797245862984203e-07,1,1007728350752.991,1.9414137696755317e-06,-3.0832752853135568
111,0,0,962678202722.99463,1.0385997668949776e-07,1,1977566495999.6047,1.1105278436439465e-06,-0.47655822445107471
111,0,1,-125478699128.65027,3.1383163745274547e-07,0,1977566495999.6047,1.1105278436439465e-06,-1.3223499270903087
111,0,2,980441703621.95215,-7.7860160092848544e-08,0,1977566495999.6047,1.1105278436439465e-06,8.4000059804545604
111,1,0,-125478699128.65027,3.1383163745274547e-07,0,1977566495999.6047,1.1105278436439465e-06,-0.90412640224832885
111,1,1,16355313634.901991,9.4829885202767178e-07,1,1977566495999.6047,1.1105278436439465e-06,-8.2364785896193045
111,1,2,-127794053292.13615,-2.3526850585883494e-07,0,1977566495999.6047,1.1105278436439465e-06,-1.3428714766883478
111,2,0,980441703621.95215,-7.7860160092848544e-08,0,1977566495999.6047,1.1105278436439465e-06,8.5091920253706235
111,2,1,-127794053292.13615,-2.3526850585883494e-07,0,1977566495999.6047,1.1105278436439465e-06,-1.18384378316348
111,2,2,998532979641.70789,5.8369014926776992e-08,1,1977566495999.6047,1.1105278436439465e-06,-0.15885680569635011
112,0,0,1038855822653.2185,3.6609357762123458e-10,1,1892424493301.8347,1.2821831037823973e-06,0.28049229383177937
112,0,1,-756744412937.0022,-1.3598884701731937e-08,0,1892424493301.8347,1.2821831037823973e-06,-6.544607624682115
112,0,2,-560421874150.46008,1.6862245105282454e-08,0,1892424493301.8347,1.2821831037823973e-06,-5.5220790041025021
112,1,0,-756744412937.0022,-1.3598884701731937e-08,0,1892424493301.8347,1.2821831037823973e-06,-6.9250885520798526
112,1,1,551243102289.97876,5.0514315583631914e-07,1,1892424493301.8347,1.2821831037823973e-06,-3.6452427116489616
112,1,2,408233859697.59583,-6.2636369774376298e-07,0,1892424493301.8347,1.2821831037823973e-06,3.0053733521647135
112,2,0,-560421874150.46008,1.6862245105282454e-08,0,1892424493301.8347,1.2821831037823973e-06,-4.8745499644745536
112,2,1,408233859697.59583,-6.2636369774376298e-07,0,1892424493301.8347,1.2821831037823973e-06,3.3457237416433077
112,2,2,302325568358.63745,7.7667385436845693e-07,1,1892424493301.8347,1.2821831037823973e-06,-5.5276933089270681
113,0,0,919572986666.14392,2.6069355009839936e-08,1,2455060777118.436,6.715356596840201e-07,-3.0531977117624916
113,0,1,-637423935421.9624,-1.1782070240474958e-07,0,2455060777118.436,6.715356596840201e-07,-6.0851882292594777
113,0,2,1002837883212.8303,-5.4269441938278155e-08,0,2455060777118.436,6.715356596840201e-07,8.9597965320614215
113,1,0,-637423935421.9624,-1.1782070240474958e-07,0,2455060777118.436,6.715356596840201e-07,-6.1572022406266882
113,1,1,441845595010.21417,5.324918054132478e-07,1,2455060777118.436,6.715356596840201e-07,-6.7185921477794119
113,1,2,-695140983235.33032,2.4527126834815258e-07,0,2455060777118.436,6.715356596840201e-07,-6.0022907972766486
113,2,0,1002837883212.8303,-5.4269441938278155e-08,0,2455060777118.436,6.715356596840201e-07,8.5744613869285082
113,2,1,-695140983235.33032,2.4527126834815258e-07,0,2455060777118.436,6.715356596840201e-07,-5.894519347140478
113,2,2,1093642195442.078,1.1297449926093231e-07,1,2455060777118.436,6.715356596840201e-07,-1.3631105263271821
114,0,0,30422599649.447365,9.5246815783649733e-07,1,1972033101023.6052,1.0943054105813335e-06,-8.1429998436180373
114,0,1,177769190866.69418,-2.6735925943243773e-07,0,1972033101023.6052,1.0943054105813335e-06,1.3419808386794918
114,0,2,-165731571334.70264,-2.5221913731951889e-07,0,1972033101023.6052,1.0943054105813335e-06,-1.5748043164980421
114,1,0,177769190866.69418,-2.6735925943243773e-07,0,1972033101023.6052,1.0943054105813335e-06,1.5722771853116198
114,1,1,1038763471417.3154,7.504815044591982e-08,1,1972033101023.6052,1.0943054105813335e-06,0.15316849595986665
114,1,2,-968423726989.78345,7.0798295159396402e-08,0,1972033101023.6052,1.0943054105813335e-06,-8.2887850573024409
114,2,0,-165731571334.70264,-2.5221913731951889e-07,0,1972033101023.6052,1.0943054105813335e-06,-1.6779126152600297
114,2,1,-968423726989.78345,7.0798295159396402e-08,0,1972033101023.6052,1.0943054105813335e-06,-8.1514216594104187
114,2,2,902847029956.84241,6.6789102298916448e-08,1,1972033101023.6052,1.0943054105813335e-06,-1.0449415938054658
115,0,0,144698335689.06079,7.7482712982085055e-07,1,1970543925816.584,8.7214094286919816e-07,-7.2428490300737414
115,0,1,-382276998342.27179,-5.888669764214642e-08,0,1970543925816.584,8.7214094286919816e-07,-3.6812988907088053
115,0,2,343600225050.98334,-2.6820465934986372e-07,0,1970543925816.584,8.7214094286919816e-07,2.8745704386899171
115,1,0,-382276998342.27179,-5.888669764214642e-08,0,1970543925816.584,8.7214094286919816e-07,-3.7298457038464385
115,1,1,1009933547374.0708,4.4753765397958301e-09,1,1970543925816.584,8.7214094286919816e-07,-0.24629886943467927
115,1,2,-907753790233.46338,2.0383497264740843e-08,0,1970543925816.584,8.7214094286919816e-07,-7.9668661252806885
115,2,0,343600225050.98334,-2.6820465934986372e-07,0,1970543925816.584,8.7214094286919816e-07,2.6936255518699936
115,2,1,-907753790233.46338,2.0383497264740843e-08,0,1970543925816.584,8.7214094286919816e-07,-8.2324745077634542
115,2,2,815912042753.45251,9.2838436508551799e-08,1,1970543925816.584,8.7214094286919816e-07,-1.7770971626685876
116,0,0,172086584553.60153,8.7740171336646852e-07,1,1835211680168.4409,1.3279013360068464e-06,-6.4216134681194683
116,0,1,-428086023552.74237,1.9827868015823555e-07,0,1835211680168.4409,1.3279013360068464e-06,-3.6794844572354219
116,0,2,320848677461.10565,5.9661939774895277e-07,0,1835211680168.4409,1.3279013360068464e-06,3.2316109664026622
116,1,0,-428086023552.74237,1.9827868015823555e-07,0,1835211680168.4409,1.3279013360068464e-06,-3.4373567121205051
116,1,1,1064915339197.2747,4.4807793746433256e-08,1,1835211680168.4409,1.3279013360068464e-06,0.85421746055057424
116,1,2,-798149575998.46521,1.3482639131005904e-07,0,1835211680168.4409,1.3279013360068464e-06,-7.0101421765993033
116,2,0,320848677461.10565,5.9661939774895277e-07,0,1835211680168.4409,1.3279013360068464e-06,3.8635780198095007
116,2,1,-798149575998.46521,1.3482639131005904e-07,0,1835211680168.4409,1.3279013360068464e-06,-6.9156122648901999
116,2,2,598209756417.56458,4.0569182889394453e-07,1,1835211680168.4409,1.3279013360068464e-06,-2.8873618750418708
117,0,0,32994346758.55917,9.6981740284534464e-07,1,832335178731.22351,2.1408196533713561e-06,-3.5448740891959591
117,0,1,-162277581047.21393,4.2282521583217963e-07,0,832335178731.22351,2.1408196533713561e-06,-1.4115183688391426
117,0,2,-6302005858.9452667,-9.7820100091323793e-07,0,832335178731.22351,2.1408196533713561e-06,-1.0102942400263111
117,1,0,-162277581047.21393,4.2282521583217963e-07,0,832335178731.22351,2.1408196533713561e-06,-1.161524002846142
117,1,1,798137132498.42407,1.8434517943171953e-07,1,832335178731.22351,2.1408196533713561e-06,2.6150152364954788
117,1,2,30995439128.362568,-4.2648033343690307e-07,0,832335178731.22351,2.1408196533713561e-06,0.23781010923301149
117,2,0,-6302005858.9452667,-9.7820100091323793e-07,0,832335178731.22351,2.1408196533713561e-06,-0.86092000074586339
117,2,1,30995439128.362568,-4.2648033343690307e-07,0,832335178731.22351,2.1408196533713561e-06,0.039597287695824684
117,2,2,1203699474.2403195,9.8665707109429153e-07,1,832335178731.22351,2.1408196533713561e-06,-3.7467370669333073
118,0,0,54002920521.866997,1.0341777035554339e-06,1,1336699931380.1062,1.8768835219194219e-06,-5.4190514676962191
118,0,1,106189423621.03119,9.1713806415614786e-07,0,1336699931380.1062,1.8768835219194219e-06,1.6787116775613951
118,0,2,-240817754831.42236,1.7425653297476474e-07,0,1336699931380.1062,1.8768835219194219e-06,-1.6123653620302734
118,1,0,106189423621.03119,9.1713806415614786e-07,0,1336699931380.1062,1.8768835219194219e-06,1.4946986388796164
118,1,1,208807108578.52277,8.1334399864964743e-07,1,1336699931380.1062,1.8768835219194219e-06,-4.0728401464277937
118,1,2,-473535474306.51904,1.5453562648817168e-07,0,1336699931380.1062,1.8768835219194219e-06,-4.3021498471483932
118,2,0,-240817754831.42236,1.7425653297476474e-07,0,1336699931380.1062,1.8768835219194219e-06,-2.0957419344160919
118,2,1,-473535474306.51904,1.5453562648817168e-07,0,1336699931380.1062,1.8768835219194219e-06,-4.068895768750239
118,2,2,1073889902279.7166,2.9361819714340452e-08,1,1336699931380.1062,1.8768835219194219e-06,2.9093469455755225
119,0,0,588324905954.76489,5.5238649667124357e-07,1,1250446775310.8101,1.8246169841934192e-06,-0.42220814737615764
119,0,1,-577271589759.00806,4.5874992855995633e-07,0,1250446775310.8101,1.8246169841934192e-06,-4.7575359160438566
119,0,2,-237276838685.52341,7.0164908965020247e-07,0,1250446775310.8101,1.8246169841934192e-06,-1.7300954653944414
119,1,0,-577271589759.00806,4.5874992855995633e-07,0,1250446775310.8101,1.8246169841934192e-06,-4.5976836669647216
119,1,1,566425940785.37073,3.8098595498256114e-07,1,1250446775310.8101,1.8246169841934192e-06,-0.98875030118723806
119,1,2,232818934732.49521,5.8271060514855177e-07,0,1250446775310.8101,1.8246169841934192e-06,2.5791586075333854
119,2,0,-237276838685.52341,7.0164908965020247e-07,0,1250446775310.8101,1.8246169841934192e-06,-1.5683397545354973
119,2,1,232818934732.49521,5.8271060514855177e-07,0,1250446775310.8101,1.8246169841934192e-06,2.0847943844927048
119,2,2,95695928570.674362,8.9124453253961463e-07,1,1250446775310.8101,1.8246169841934192e-06,-4.6396015422058738
120,0,0,836590793465.23889,1.4173002276826022e-07,1,1486746397274.0813,1.4506183260945298e-06,0.43604199981025493
120,0,1,682703060833.96411,-2.3177142872551208e-07,0,1486746397274.0813,1.4506183260945298e-06,6.0717771900339894
120,0,2,-278981582177.47577,-3.6302999030118237e-07,0,1486746397274.0813,1.4506183260945298e-06,-2.3586110116720844
120,1,0,682703060833.96411,-2.3177142872551208e-07,0,1486746397274.0813,1.4506183260945298e-06,5.5873493106807119
120,1,1,557122398325.11316,3.7901634476767352e-07,1,1486746397274.0813,1.4506183260945298e-06,-1.8603226424576367
120,1,2,-227663968521.52148,5.9366376917817433e-07,0,1486746397274.0813,1.4506183260945298e-06,-1.450588235599962
120,2,0,-278981582177.47577,-3.6302999030118237e-07,0,1486746397274.0813,1.4506183260945298e-06,-2.8521873277010816
120,2,1,-227663968521.52148,5.9366376917817433e-07,0,1486746397274.0813,1.4506183260945298e-06,-1.453349603485879
120,2,2,93033205483.729263,9.2987195855859622e-07,1,1486746397274.0813,1.4506183260945298e-06,-5.5308442349242197
121,0,0,72191194694.857239,9.487145159300904e-07,1,613336592991.36108,2.3162146127640936e-06,-2.3995583325654515
121,0,1,185919020767.71872,7.1306948560045028e-07,0,613336592991.36108,2.3162146127640936e-06,2.2697871863793657
121,0,2,67082415903.286827,8.8819992181250064e-07,0,613336592991.36108,2.3162146127640936e-06,1.0966159013304142
121,1,0,185919020767.71872,7.1306948560045028e-07,0,613336592991.36108,2.3162146127640936e-06,2.0647379897379117
121,1,1,478810226501.06982,5.3595479225486951e-07,1,613336592991.36108,2.3162146127640936e-06,0.80806875529063926
121,1,2,172762026285.74039,6.6758571806639313e-07,0,613336592991.36108,2.3162146127640936e-06,1.9536427322808343
121,2,0,67082415903.286827,8.8819992181250064e-07,0,613336592991.36108,2.3162146127640936e-06,1.2554852591191383
121,2,1,172762026285.74039,6.6758571806639313e-07,0,613336592991.36108,2.3162146127640936e-06,2.1854530812430717
121,2,2,62335171795.433998,8.3154530457913349e-07,1,613336592991.36108,2.3162146127640936e-06,-2.42307913331874
122,0,0,925120776808.35449,2.1220777890169497e-08,1,1908106619221.9014,9.4192231196140894e-07,-0.81258349441485223
122,0,1,798301944820.24622,-7.9167924269770174e-08,0,1908106619221.9014,9.4192231196140894e-07,7.2020109815130695
122,0,2,521626907877.12225,-1.1519740676109003e-07,0,1908106619221.9014,9.4192231196140894e-07,4.5004424884744205
122,1,0,798301944820.24622,-7.9167924269770174e-08,0,1908106619221.9014,9.4192231196140894e-07,7.1166702186986743
122,1,1,688867887393.48132,2.9535016414678681e-07,1,1908106619221.9014,9.4192231196140894e-07,-2.3674248149886492
122,1,2,450120444235.94403,4.2976462134126993e-07,0,1908106619221.9014,9.4192231196140894e-07,4.6496538361476265
122,2,0,521626907877.12225,-1.1519740676109003e-07,0,1908106619221.9014,9.4192231196140894e-07,4.9629457737328533
122,2,1,450120444235.94403,4.2976462134126993e-07,0,1908106619221.9014,9.4192231196140894e-07,4.3109965164754689
122,2,2,294117955020.06567,6.2535136992445267e-07,1,1908106619221.9014,9.4192231196140894e-07,-5.6800567400666599
123,0,0,845526680821.98193,1.534113536831396e-07,1,1760857652683.8599,1.3430396653915574e-06,-0.86012751167461932
123,0,1,330356728774.09399,3.8348543067353931e-07,0,1760857652683.8599,1.3430396653915574e-06,3.4725307291971346
123,0,2,-815353414321.4292,1.8825890188808178e-07,0,1760857652683.8599,1.3430396653915574e-06,-7.3328194982853407
123,1,0,330356728774.09399,3.8348543067353931e-07,0,1760857652683.8599,1.3430396653915574e-06,2.8179719436848285
123,1,1,129074067940.97112,9.586062048746031e-07,1,1760857652683.8599,1.3430396653915574e-06,-6.3206432997986122
123,1,2,-318567696158.51617,4.7059454424599758e-07,0,1760857652683.8599,1.3430396653915574e-06,-2.564301672501577
123,2,0,-815353414321.4292,1.8825890188808178e-07,0,1760857652683.8599,1.3430396653915574e-06,-6.896405267509448
123,2,1,-318567696158.51617,4.7059454424599758e-07,0,1760857652683.8599,1.3430396653915574e-06,-2.3536616876567438
123,2,2,786256903920.90662,2.3102210683381466e-07,1,1760857652683.8599,1.3430396653915574e-06,-1.3946893592522107
124,0,0,942028637328.79614,2.0797454215614019e-10,1,2276008407004.4023,5.9228700630141404e-07,-2.3207419144093473
124,0,1,620698919812.8717,1.1069130722551605e-08,0,2276008407004.4023,5.9228700630141404e-07,5.2541009772903147
124,0,2,-933477367478.62659,-7.8211929873045526e-10,0,2276008407004.4023,5.9228700630141404e-07,-8.2619636704706814
124,1,0,620698919812.8717,1.1069130722551605e-08,0,2276008407004.4023,5.9228700630141404e-07,5.2255211517265563
124,1,1,408976047850.65149,5.8913775543233435e-07,1,2276008407004.4023,5.9228700630141404e-07,-6.3029365754926578
124,1,2,-615064522143.09473,-4.1627117764145056e-08,0,2276008407004.4023,5.9228700630141404e-07,-5.8094306198204304
124,2,0,-933477367478.62659,-7.8211929873045526e-10,0,2276008407004.4023,5.9228700630141404e-07,-8.2278540045125865
124,2,1,-615064522143.09473,-4.1627117764145056e-08,0,2276008407004.4023,5.9228700630141404e-07,-5.4583304413008475
124,2,2,925003721824.95471,2.9412763269235503e-09,1,2276008407004.4023,5.9228700630141404e-07,-2.1813535995633946
125,0,0,749527102041.97314,2.7816343071901625e-07,1,895874873800.47009,2.2243081676254581e-06,2.1864360102738911
125,0,1,260903090416.22937,-5.0867855561508846e-07,0,895874873800.47009,2.2243081676254581e-06,2.2472002906668616
125,0,2,-204012741434.71332,5.3159422847788757e-07,0,895874873800.47009,2.2243081676254581e-06,-1.2575969861986056
125,1,0,260903090416.22937,-5.0867855561508846e-07,0,895874873800.47009,2.2243081676254581e-06,1.4943191951395443
125,1,1,90817826871.492172,9.3022246768314412e-07,1,895874873800.47009,2.2243081676254581e-06,-3.4442642891687321
125,1,2,-71014850002.8797,-9.7212844843217891e-07,0,895874873800.47009,2.2243081676254581e-06,-1.3101252024129217
125,2,0,-204012741434.71332,5.3159422847788757e-07,0,895874873800.47009,2.2243081676254581e-06,-1.5230764890879369
125,2,1,-71014850002.8797,-9.7212844843217891e-07,0,895874873800.47009,2.2243081676254581e-06,-1.5127114556446413
125,2,2,55529944887.004799,1.0159222692232977e-06,1,895874873800.47009,2.2243081676254581e-06,-3.4349417333509762
126,0,0,64247026025.164635,9.8512034406313191e-07,1,1270585815033.2397,1.5891729256485891e-06,-4.8386585492041165
126,0,1,-209636003063.60867,5.3252481046808627e-07,0,1270585815033.2397,1.5891729256485891e-06,-1.1323000321338246
126,0,2,-183184130841.29874,-5.5810555743480789e-07,0,1270585815033.2397,1.5891729256485891e-06,-2.1614849797375197
126,1,0,-209636003063.60867,5.3252481046808627e-07,0,1270585815033.2397,1.5891729256485891e-06,-1.1183563221651114
126,1,1,684035612220.7406,2.8786602111416513e-07,1,1270585815033.2397,1.5891729256485891e-06,-0.040665154522344663
126,1,2,597723994246.97864,-3.0169416151567176e-07,0,1270585815033.2397,1.5891729256485891e-06,5.3918779812601603
126,2,0,-183184130841.29874,-5.5810555743480789e-07,0,1270585815033.2397,1.5891729256485891e-06,-2.0425033659079377
126,2,1,597723994246.97864,-3.0169416151567176e-07,0,1270585815033.2397,1.5891729256485891e-06,4.8572188752438192
126,2,2,522303176787.33459,3.1618656047129214e-07,1,1270585815033.2397,1.5891729256485891e-06,-1.5916208648385786
127,0,0,88234892829.126495,9.2439496031023802e-07,1,1317385817272.2769,1.8274913593867359e-06,-5.0811662617114317
127,0,1,293582044657.65863,3.0029632916721312e-07,0,1317385817272.2769,1.8274913593867359e-06,2.7798406739493751
127,0,2,-149209862756.09149,8.6292518486212635e-07,0,1317385817272.2769,1.8274913593867359e-06,-0.44368556232875556
127,1,0,293582044657.65863,3.0029632916721312e-07,0,1317385817272.2769,1.8274913593867359e-06,2.8130936577451511
127,1,1,976829167937.96851,9.755341513441228e-08,1,1317385817272.2769,1.8274913593867359e-06,2.1134289312707928
127,1,2,-496462739245.9613,2.803274319810951e-07,0,1317385817272.2769,1.8274913593867359e-06,-3.9286003945331411
127,2,0,-149209862756.09149,8.6292518486212635e-07,0,1317385817272.2769,1.8274913593867359e-06,-0.68440639960211647
127,2,1,-496462739245.9613,2.803274319810951e-07,0,1317385817272.2769,1.8274913593867359e-06,-4.3031513959453109
127,2,2,252321756505.1817,8.0554298394208563e-07,1,1317385817272.2769,1.8274913593867359e-06,-3.6099610364103456
128,0,0,867905096808.34827,2.0429443399493064e-07,1,2346285566624.397,6.4735691419957147e-07,-2.8606277918375795
128,0,1,-763165041608.44165,-2.60445633260061e-07,0,2346285566624.397,6.4735691419957147e-07,-6.8139018140414276
128,0,2,837062162591.31836,1.5060966348001407e-07,0,2346285566624.397,6.4735691419957147e-07,7.398458948532058
128,1,0,-763165041608.44165,-2.60445633260061e-07,0,2346285566624.397,6.4735691419957147e-07,-7.0152253041400892
128,1,1,671065169308.28125,3.3203022988828644e-07,1,2346285566624.397,6.4735691419957147e-07,-4.4198007227303968
128,1,2,-736044277758.07812,-1.9200537387675619e-07,0,2346285566624.397,6.4735691419957147e-07,-6.7544875057887621
128,2,0,837062162591.31836,1.5060966348001407e-07,0,2346285566624.397,6.4735691419957147e-07,7.5282084485745759
128,2,1,-736044277758.07812,-1.9200537387675619e-07,0,2346285566624.397,6.4735691419957147e-07,-6.4849835970846517
128,2,2,807315300507.76758,1.1103225031635442e-07,1,2346285566624.397,6.4735691419957147e-07,-3.3552662508895734
129,0,0,759183719744.11621,2.9100168060612154e-07,1,1610483834863.3179,1.4257947590202497e-06,-0.68162292990197737
129,0,1,-584851541564.80103,-3.8507417704185476e-07,0,1610483834863.3179,1.4257947590202497e-06,-5.6297891362689523
129,0,2,551581238208.9021,-4.2654961157436752e-07,0,1610483834863.3179,1.4257947590202497e-06,4.7339128478487806
129,1,0,-584851541564.80103,-3.8507417704185476e-07,0,1610483834863.3179,1.4257947590202497e-06,-5.3318335631455653
129,1,1,450551449899.3905,5.0955761326054166e-07,1,1610483834863.3179,1.4257947590202497e-06,-3.1771766172846831
129,1,2,-424921042265.53821,5.6444086612284387e-07,0,1610483834863.3179,1.4257947590202497e-06,-3.4776415720092579
129,2,0,551581238208.9021,-4.2654961157436752e-07,0,1610483834863.3179,1.4257947590202497e-06,4.505912014416082
129,2,1,-424921042265.53821,5.6444086612284387e-07,0,1610483834863.3179,1.4257947590202497e-06,-3.1695558113230913
129,2,2,400748665219.81104,6.2523546515358652e-07,1,1610483834863.3179,1.4257947590202497e-06,-3.7297108637442951
130,0,0,87183564015.830811,9.7906354572153218e-07,1,1695997800671.9614,1.1998075692170473e-06,-6.4636396472972031
130,0,1,-238302419941.72504,4.6064334054813526e-07,0,1695997800671.9614,1.1998075692170473e-06,-1.3036618950627243
130,0,2,288918873805.44641,-6.2690821888142766e-08,0,1695997800671.9614,1.1998075692170473e-06,2.9422272345002907
130,1,0,-238302419941.72504,4.6064334054813526e-07,0,1695997800671.9614,1.1998075692170473e-06,-1.4602584359285053
130,1,1,651361801861.76709,2.1672984161101388e-07,1,1695997800671.9614,1.1998075692170473e-06,-1.9290769171784052
130,1,2,-789713836224.61169,-2.9495643814396321e-08,0,1695997800671.9614,1.1998075692170473e-06,-7.2465098980325973
130,2,0,288918873805.44641,-6.2690821888142766e-08,0,1695997800671.9614,1.1998075692170473e-06,2.6221821303881736
130,2,1,-789713836224.61169,-2.9495643814396321e-08,0,1695997800671.9614,1.1998075692170473e-06,-7.0969561837563715
130,2,2,957452434794.36365,4.0141818845011521e-09,1,1695997800671.9614,1.1998075692170473e-06,0.35829747668757989
131,0,0,588215792501.34753,2.9815757522607406e-07,1,1600771753559.5996,1.2921927852084358e-06,-2.2209539050700848
131,0,1,-753113924241.75378,9.5321813326426058e-08,0,1600771753559.5996,1.2921927852084358e-06,-6.565807380174844
131,0,2,168584768585.50812,5.3599708935948921e-07,0,1600771753559.5996,1.2921927852084358e-06,1.7974630308621291
131,1,0,-753113924241.75378,9.5321813326426058e-08,0,1600771753559.5996,1.2921927852084358e-06,-6.7179743616067178
131,1,1,964238958078.49243,3.0474651160375482e-08,1,1600771753559.5996,1.2921927852084358e-06,1.0594801478284352
131,1,2,-215845168142.99762,1.7135977328998918e-07,0,1600771753559.5996,1.2921927852084358e-06,-1.7420819692823841
131,2,0,168584768585.50812,5.3599708935948921e-07,0,1600771753559.5996,1.2921927852084358e-06,1.9710982440798324
131,2,1,-215845168142.99762,1.7135977328998918e-07,0,1600771753559.5996,1.2921927852084358e-06,-1.7493846132482656
131,2,2,48317002979.759705,9.6356055882198623e-07,1,1600771753559.5996,1.2921927852084358e-06,-6.4933883225314331
132,0,0,689793845825.99036,3.6610462618681854e-07,1,1027957593659.7683,1.9223749983038554e-06,0.90669496979377184
132,0,1,-481821960798.73395,-4.5059888473575442e-07,0,1027957593659.7683,1.9223749983038554e-06,-4.5537187955222205
132,0,2,33329719909.644112,-6.0557280974662578e-07,0,1027957593659.7683,1.9223749983038554e-06,-0.29955161523159746
132,1,0,-481821960798.73395,-4.5059888473575442e-07,0,1027957593659.7683,1.9223749983038554e-06,-5.0837280650065049
132,1,1,336553309822.51221,5.5459379751595191e-07,1,1027957593659.7683,1.9223749983038554e-06,-1.9433628282082278
132,1,2,-23280855717.852291,7.4533456607807104e-07,0,1027957593659.7683,1.9223749983038554e-06,0.1395473489608671
132,2,0,33329719909.644112,-6.0557280974662578e-07,0,1027957593659.7683,1.9223749983038554e-06,-0.031434254495262437
132,2,1,-23280855717.852291,7.4533456607807104e-07,0,1027957593659.7683,1.9223749983038554e-06,0.50516408345466701
132,2,2,1610438011.2657006,1.0016765746010851e-06,1,1027957593659.7683,1.9223749983038554e-06,-4.4401644856306239
133,0,0,852029556360.65198,1.7108620557518209e-07,1,1671847960929.7478,1.2062006628200343e-06,-0.28679108918851187
133,0,1,-725489420176.81311,2.2056975473278605e-07,0,1671847960929.7478,1.2062006628200343e-06,-6.0809318472783094
133,0,2,-414939288032.37677,3.5838915737387265e-07,0,1671847960929.7478,1.2062006628200343e-06,-3.3175925785458662
133,1,0,-725489420176.81311,2.2056975473278605e-07,0,1671847960929.7478,1.2062006628200343e-06,-6.341537361868415
133,1,1,617742535877.12207,2.8436551351010116e-07,1,1671847960929.7478,1.2062006628200343e-06,-2.2418670070115372
133,1,2,353314108924.83783,4.6204665230071577e-07,0,1671847960929.7478,1.2062006628200343e-06,3.6981715080585702
133,2,0,-414939288032.37677,3.5838915737387265e-07,0,1671847960929.7478,1.2062006628200343e-06,-3.4939942064661866
133,2,1,353314108924.83783,4.6204665230071577e-07,0,1671847960929.7478,1.2062006628200343e-06,3.5647216440048881
133,2,2,202075868691.97372,7.5074894373475105e-07,1,1671847960929.7478,1.2062006628200343e-06,-5.3611625007528874
134,0,0,342761942066.93921,6.5574406764330332e-07,1,1625009557072.9712,1.3227475032735064e-06,-3.9178130744708963
134,0,1,535984214110.42322,-2.5624878778035714e-07,0,1625009557072.9712,1.3227475032735064e-06,4.921582955106258
134,0,2,-390162280281.68036,6.0968853095109567e-07,0,1625009557072.9712,1.3227475032735064e-06,-2.7689996001604884
134,1,0,535984214110.42322,-2.5624878778035714e-07,0,1625009557072.9712,1.3227475032735064e-06,4.1978586821966815
134,1,1,838130032882.89294,1.0013577625626435e-07,1,1625009557072.9712,1.3227475032735064e-06,-0.3055299707814132
134,1,2,-610105141519.67078,-2.382514073536209e-07,0,1625009557072.9712,1.3227475032735064e-06,-5.7156347129965743
134,2,0,-390162280281.68036,6.0968853095109567e-07,0,1625009557072.9712,1.3227475032735064e-06,-2.6016991562442993
134,2,1,-610105141519.67078,-2.382514073536209e-07,0,1625009557072.9712,1.3227475032735064e-06,-5.749896093114546
134,2,2,444117582123.13916,5.6686765937393871e-07,1,1625009557072.9712,1.3227475032735064e-06,-3.2870704648034703
135,0,0,74672736836.141312,9.5925067039202068e-07,1,1425179561327.6567,1.831662592254637e-06,-5.6005818903764117
135,0,1,-134285999820.77168,-8.9819020994567342e-07,0,1425179561327.6567,1.831662592254637e-06,-2.1172332746054936
135,0,2,287773019848.63611,-1.7353981578431179e-07,0,1425179561327.6567,1.831662592254637e-06,2.4947527032792056
135,1,0,-134285999820.77168,-8.9819020994567342e-07,0,1425179561327.6567,1.831662592254637e-06,-1.8127864541929051
135,1,1,241490141006.008,8.4101651230804666e-07,1,1425179561327.6567,1.831662592254637e-06,-4.387014946217108
135,1,2,-517509995336.25482,1.6249325477098055e-07,0,1425179561327.6567,1.831662592254637e-06,-4.175682161637174
135,2,0,287773019848.63611,-1.7353981578431179e-07,0,1425179561327.6567,1.831662592254637e-06,1.9458513042208552
135,2,1,-517509995336.25482,1.6249325477098055e-07,0,1425179561327.6567,1.831662592254637e-06,-4.5865617148137261
135,2,2,1109016683485.5073,3.1395409554569536e-08,1,1425179561327.6567,1.831662592254637e-06,2.9315862574194234
136,0,0,455214934658.37964,6.5237413255379646e-07,1,1306110628509.8328,1.7578987588493842e-06,-2.0855773325621216
136,0,1,-618813743063.26501,-1.4856519082963043e-07,0,1306110628509.8328,1.7578987588493842e-06,-5.5172286902998868
136,0,2,-66407673304.50116,-8.3614834399776188e-07,0,1306110628509.8328,1.7578987588493842e-06,-1.5416403414688999
136,1,0,-618813743063.26501,-1.4856519082963043e-07,0,1306110628509.8328,1.7578987588493842e-06,-5.6184405492414422
136,1,1,841208008457.24072,3.3832757653714023e-08,1,1306110628509.8328,1.7578987588493842e-06,0.70528166179993579
136,1,2,90273797621.600845,1.9041610034662623e-07,0,1306110628509.8328,1.7578987588493842e-06,0.75992760839164963
136,2,0,-66407673304.50116,-8.3614834399776188e-07,0,1306110628509.8328,1.7578987588493842e-06,-1.5964699180425606
136,2,1,90273797621.600845,1.9041610034662623e-07,0,1306110628509.8328,1.7578987588493842e-06,0.8597928058659533
136,2,2,9687685394.2124424,1.0716918686418735e-06,1,1306110628509.8328,1.7578987588493842e-06,-5.596583600150427
137,0,0,162774868954.02527,7.3814607796495416e-07,1,1997891278069.3066,8.8649704492957353e-07,-7.2554978123133615
137,0,1,357328629190.49066,-3.3052634645236786e-07,0,1997891278069.3066,8.8649704492957353e-07,3.0829424833450796
137,0,2,413554208985.91541,-1.6031803644367792e-08,0,1997891278069.3066,8.8649704492957353e-07,3.4516293921717889
137,1,0,357328629190.49066,-3.3052634645236786e-07,0,1997891278069.3066,8.8649704492957353e-07,3.0456061549200131
137,1,1,784419302928.25879,1.4800277202629476e-07,1,1997891278069.3066,8.8649704492957353e-07,-1.9314957328110376
137,1,2,907847504608.54541,7.1787057383324965e-09,0,1997891278069.3066,8.8649704492957353e-07,8.0752994702276695
137,2,0,413554208985.91541,-1.6031803644367792e-08,0,1997891278069.3066,8.8649704492957353e-07,3.4581248988128421
137,2,1,907847504608.54541,7.1787057383324965e-09,0,1997891278069.3066,8.8649704492957353e-07,7.7607563606596477
137,2,2,1050697106187.0226,3.4819493832461603e-10,1,1997891278069.3066,8.8649704492957353e-07,0.0141598116679999
138,0,0,964748650001.40759,1.8206187403164477e-08,1,1527849981597.5251,1.4123850327367572e-06,1.3213119345220095
138,0,1,35940535521.88018,1.3202971921762975e-07,0,1527849981597.5251,1.4123850327367572e-06,0.45880784526881557
138,0,2,736179004982.99304,8.9167452441934761e-08,0,1527849981597.5251,1.4123850327367572e-06,6.7974080823185927
138,1,0,35940535521.88018,1.3202971921762975e-07,0,1527849981597.5251,1.4123850327367572e-06,0.5991651368674541
138,1,1,1338920861.5090015,9.5746827002650031e-07,1,1527849981597.5251,1.4123850327367572e-06,-6.5344451095428964
138,1,2,27425451882.22348,6.4663476479505761e-07,0,1527849981597.5251,1.4123850327367572e-06,0.86466947827090757
138,2,0,736179004982.99304,8.9167452441934761e-08,0,1527849981597.5251,1.4123850327367572e-06,7.0016507120670264
138,2,1,27425451882.22348,6.4663476479505761e-07,0,1527849981597.5251,1.4123850327367572e-06,1.0781179602761672
138,2,2,561762410734.6084,4.367105753070924e-07,1,1527849981597.5251,1.4123850327367572e-06,-2.0434642113318335
139,0,0,4372096106.8295736,9.6629623501722544e-07,1,985860956539.31396,1.9853099443923617e-06,-4.2192803173807096
139,0,1,47737182184.72403,6.4581136240112818e-07,0,985860956539.31396,1.9853099443923617e-06,1.0703466504144801
139,0,2,-44858946294.534462,-7.5339020102051364e-07,0,985860956539.31396,1.9853099443923617e-06,-0.74400309848778634
139,1,0,47737182184.72403,6.4581136240112818e-07,0,985860956539.31396,1.9853099443923617e-06,1.0899286653011153
139,1,1,521223346252.11005,4.3161951862408577e-07,1,985860956539.31396,1.9853099443923617e-06,-0.31725139948235331
139,1,2,-489797030886.81818,-5.0351841858521202e-07,0,985860956539.31396,1.9853099443923617e-06,-5.1042902427308974
139,2,0,-44858946294.534462,-7.5339020102051364e-07,0,985860956539.31396,1.9853099443923617e-06,-0.8693707472455493
139,2,1,-489797030886.81818,-5.0351841858521202e-07,0,985860956539.31396,1.9853099443923617e-06,-4.3063113192210052
139,2,2,460265514180.37439,5.8739419075105043e-07,1,985860956539.31396,1.9853099443923617e-06,-0.7118124529588945
140,0,0,34822538854.43689,1.0056274910430323e-06,1,1408741074571.8774,1.7623232207288894e-06,-5.8533420270456
140,0,1,-193703989133.53894,-6.3774891164580211e-08,0,1408741074571.8774,1.7623232207288894e-06,-2.0022871863274028
140,0,2,-101597717428.12648,-8.6999240880820974e-07,0,1408741074571.8774,1.7623232207288894e-06,-1.3299416351534457
140,1,0,-193703989133.53894,-6.3774891164580211e-08,0,1408741074571.8774,1.7623232207288894e-06,-2.2921205939286478
140,1,1,1077498558134.7247,4.0444764878449492e-09,1,1408741074571.8774,1.7623232207288894e-06,2.3238278108545547
140,1,2,565147855386.27307,5.5173184583694248e-08,0,1408741074571.8774,1.7623232207288894e-06,5.1326854309004473
140,2,0,-101597717428.12648,-8.6999240880820974e-07,0,1408741074571.8774,1.7623232207288894e-06,-1.6101755075267152
140,2,1,565147855386.27307,5.5173184583694248e-08,0,1408741074571.8774,1.7623232207288894e-06,4.939065774977573
140,2,2,296419977582.71588,7.5265125319801227e-07,1,1408741074571.8774,1.7623232207288894e-06,-3.7531162673193568
141,0,0,728366881240.85034,2.503940322948758e-07,1,1237517886443.5603,1.7364270974897864e-06,0.54794444246054608
141,0,1,-606162847973.89844,-3.6240991348951768e-07,0,1237517886443.5603,1.7364270974897864e-06,-5.749842108600701
141,0,2,58440837402.576591,-4.9066573746511789e-07,0,1237517886443.5603,1.7364270974897864e-06,-0.11695540014471006
141,1,0,-606162847973.89844,-3.6240991348951768e-07,0,1237517886443.5603,1.7364270974897864e-06,-5.8670977367211359
141,1,1,504461978883.31445,5.2453704344201952e-07,1,1237517886443.5603,1.7364270974897864e-06,-1.1748627306981037
141,1,2,-48635742989.268913,7.1016919148293471e-07,0,1237517886443.5603,1.7364270974897864e-06,0.015633344359916923
141,2,0,58440837402.576591,-4.9066573746511789e-07,0,1237517886443.5603,1.7364270974897864e-06,-0.18107846845739839
141,2,1,-48635742989.268913,7.1016919148293471e-07,0,1237517886443.5603,1.7364270974897864e-06,0.15766235357276284
141,2,2,4689026319.3955421,9.6149602175289105e-07,1,1237517886443.5603,1.7364270974897864e-06,-5.2975729097318744
142,0,0,2379112527.9753065,9.7803260367061102e-07,1,1736109285193.3464,1.1696049625166727e-06,-7.1807051606249388
142,0,1,-44689783029.103012,4.0843501642395163e-07,0,1736109285193.3464,1.1696049625166727e-06,-0.020909441765391328
142,0,2,46125507766.621635,1.4333474900491022e-07,0,1736109285193.3464,1.1696049625166727e-06,0.37575262495005218
142,1,0,-44689783029.103012,4.0843501642395163e-07,0,1736109285193.3464,1.1696049625166727e-06,0.037564258920620361
142,1,1,839462902113.31799,1.7056605476663256e-07,1,1736109285193.3464,1.1696049625166727e-06,-0.4922458418147081
142,1,2,-866431877415.98132,5.9857851716014997e-08,0,1736109285193.3464,1.1696049625166727e-06,-7.6325684885606533
142,2,0,46125507766.621635,1.4333474900491022e-07,0,1736109285193.3464,1.1696049625166727e-06,0.5125395234171477
142,2,1,-866431877415.98132,5.9857851716014997e-08,0,1736109285193.3464,1.1696049625166727e-06,-7.5648212770945378
142,2,2,894267270552.0531,2.1006304079429096e-08,1,1736109285193.3464,1.1696049625166727e-06,-0.22558321694919228
143,0,0,929669628847.79443,5.0713344387853246e-08,1,1556818489532.3545,1.3609984564507497e-06,0.87028633863781768
143,0,1,64685455765.843132,-2.2613095212297665e-07,0,1556818489532.3545,1.3609984564507497e-06,0.15945277720174672
143,0,2,-760826550770.47424,1.2374866716970574e-07,0,1556818489532.3545,1.3609984564507497e-06,-6.8937134372611402
143,1,0,64685455765.843132,-2.2613095212297665e-07,0,1556818489532.3545,1.3609984564507497e-06,0.20187502341899494
143,1,1,4500747424.4594116,1.0083185821263199e-06,1,1556818489532.3545,1.3609984564507497e-06,-6.5113504773511934
143,1,2,-52937528201.644524,-5.5179567170761124e-07,0,1556818489532.3545,1.3609984564507497e-06,-0.84918323891309433
143,2,0,-760826550770.47424,1.2374866716970574e-07,0,1556818489532.3545,1.3609984564507497e-06,-6.4065567131422023
143,2,1,-52937528201.644524,-5.5179567170761124e-07,0,1556818489532.3545,1.3609984564507497e-06,-0.95010881206677922
143,2,2,622648113260.10046,3.0196652993657662e-07,1,1556818489532.3545,1.3609984564507497e-06,-1.8279243890829577
144,0,0,1003550966893.4392,1.7387171747386711e-10,1,1249071720914.407,1.6731933771172805e-06,2.837522180943973
144,0,1,-493784166511.73547,-1.1319672839565296e-08,0,1249071720914.407,1.6731933771172805e-06,-4.3852578084097891
144,0,2,-50693066512.681908,-1.2757577418003459e-08,0,1249071720914.407,1.6731933771172805e-06,-0.17357733396096298
144,1,0,-493784166511.73547,-1.1319672839565296e-08,0,1249071720914.407,1.6731933771172805e-06,-4.2444499501074331
144,1,1,242960059968.31384,7.369513285796519e-07,1,1249071720914.407,1.6731933771172805e-06,-3.1852511677841977
144,1,2,24942862317.571297,8.3056407732862217e-07,0,1249071720914.407,1.6731933771172805e-06,0.83199634845924331
144,2,0,-50693066512.681908,-1.2757577418003459e-08,0,1249071720914.407,1.6731933771172805e-06,-0.25868804024780734
144,2,1,24942862317.571297,8.3056407732862217e-07,0,1249071720914.407,1.6731933771172805e-06,1.0837248454317414
144,2,2,2560694052.6539907,9.3606817682015468e-07,1,1249071720914.407,1.6731933771172805e-06,-5.4994510879178247
145,0,0,212951300297.65524,8.0806917551986852e-07,1,2114841949116.3198,1.0083168065679444e-06,-7.2572918551843406
145,0,1,-459333503385.86133,3.3510891182300041e-07,0,2114841949116.3198,1.0083168065679444e-06,-4.1340113146849564
145,0,2,440480214490.00031,2.2252180867867795e-07,0,2114841949116.3198,1.0083168065679444e-06,3.7326719824772709
145,1,0,-459333503385.86133,3.3510891182300041e-07,0,2114841949116.3198,1.0083168065679444e-06,-3.7713694879406328
145,1,1,990777079256.23889,1.3897075421909139e-07,1,2114841949116.3198,1.0083168065679444e-06,-0.78193073599289276
145,1,2,-950110752134.60571,9.2280516844642563e-08,0,2114841949116.3198,1.0083168065679444e-06,-8.1943015293449228
145,2,0,440480214490.00031,2.2252180867867795e-07,0,2114841949116.3198,1.0083168065679444e-06,4.1527027919201593
145,2,1,-950110752134.60571,9.2280516844642563e-08,0,2114841949116.3198,1.0083168065679444e-06,-8.1433292593663005
145,2,2,911113569562.42554,6.1276876828984647e-08,1,2114841949116.3198,1.0083168065679444e-06,-1.7239410401475959
146,0,0,969694041953.65674,5.8704650359487827e-08,1,2193303202023.5332,6.08224316107918e-07,-1.3544516439749166
146,0,1,799398246391.99805,-1.0898646929021226e-07,0,2193303202023.5332,6.08224316107918e-07,7.1595340951638544
146,0,2,-739924966375.02087,1.4276312323242943e-07,0,2193303202023.5332,6.08224316107918e-07,-6.341372605395172
146,1,0,799398246391.99805,-1.0898646929021226e-07,0,2193303202023.5332,6.08224316107918e-07,6.9431531479163082
146,1,1,659009469674.70618,2.0233576753475463e-07,1,2193303202023.5332,6.08224316107918e-07,-3.7914155710155928
146,1,2,-609980772275.50732,-2.6504286544023813e-07,0,2193303202023.5332,6.08224316107918e-07,-5.9043875040280041
146,2,0,-739924966375.02087,1.4276312323242943e-07,0,2193303202023.5332,6.08224316107918e-07,-6.5530307219725463
146,2,1,-609980772275.50732,-2.6504286544023813e-07,0,2193303202023.5332,6.08224316107918e-07,-5.6758880335159478
146,2,2,564599690395.17017,3.4718389821367552e-07,1,2193303202023.5332,6.08224316107918e-07,-4.5711372045891325
147,0,0,784306558719.70264,2.8051086404219582e-07,1,1617257565350.5864,1.4216160818365618e-06,-0.55746156249694123
147,0,1,-772065952840.11243,-2.5812112687842536e-07,0,1617257565350.5864,1.4216160818365618e-06,-7.3293016427694253
147,0,2,-239171699951.87531,5.0345396459414989e-07,0,1617257565350.5864,1.4216160818365618e-06,-1.6026874467326462
147,1,0,-772065952840.11243,-2.5812112687842536e-07,0,1617257565350.5864,1.4216160818365618e-06,-6.7929699531825438
147,1,1,760016385057.33997,2.3751848745140182e-07,1,1617257565350.5864,1.4216160818365618e-06,-0.7149913983307743
147,1,2,235438967534.79401,-4.6326941780374252e-07,0,1617257565350.5864,1.4216160818365618e-06,1.8561882935389911
147,2,0,-239171699951.87531,5.0345396459414989e-07,0,1617257565350.5864,1.4216160818365618e-06,-2.1337950252142708
147,2,1,235438967534.79401,-4.6326941780374252e-07,0,1617257565350.5864,1.4216160818365618e-06,1.5120489332605116
147,2,2,72934621573.543732,9.0358673034296433e-07,1,1617257565350.5864,1.4216160818365618e-06,-6.2982144940876346
148,0,0,1086431858714.2651,1.6419328332598424e-08,1,2215144785796.3584,8.4247907322100348e-07,-0.51638916495241616
148,0,1,-603229497466.01343,1.0922487437054817e-07,0,2215144785796.3584,8.4247907322100348e-07,-5.1347653769977111
148,0,2,-928646249500.59338,4.0413772310973185e-08,0,2215144785796.3584,8.4247907322100348e-07,-8.4716794695557542
148,1,0,-603229497466.01343,1.0922487437054817e-07,0,2215144785796.3584,8.4247907322100348e-07,-5.2681160440001484
148,1,1,334936631040.75275,7.265871623735324e-07,1,2215144785796.3584,8.4247907322100348e-07,-6.7709779358607909
148,1,2,515620750548.3985,2.688410338163584e-07,0,2215144785796.3584,8.4247907322100348e-07,4.336636460629677
148,2,0,-928646249500.59338,4.0413772310973185e-08,0,2215144785796.3584,8.4247907322100348e-07,-8.1242990869978886
148,2,1,515620750548.3985,2.688410338163584e-07,0,2215144785796.3584,8.4247907322100348e-07,4.9701318091870368
148,2,2,793776296041.34045,9.9472582514872629e-08,1,2215144785796.3584,8.4247907322100348e-07,-3.0027074917366265
149,0,0,7966607921.7774715,9.8358239446085355e-07,1,1405933759585.6704,1.6940115169363219e-06,-6.0490954696748904
149,0,1,-90460244444.992493,-2.104292125245749e-07,0,1405933759585.6704,1.6940115169363219e-06,-1.3250279128674842
149,0,2,54350716276.627518,8.090025487570676e-07,0,1405933759585.6704,1.6940115169363219e-06,1.3487403636264879
149,1,0,-90460244444.992493,-2.104292125245749e-07,0,1405933759585.6704,1.6940115169363219e-06,-0.97844556924104753
149,1,1,1027169393221.7552,4.5019566975865655e-08,1,1405933759585.6704,1.6940115169363219e-06,2.4762839175449227
149,1,2,-617148368341.84167,-1.7307931722246701e-07,0,1405933759585.6704,1.6940115169363219e-06,-5.3884821614760225
149,2,0,54350716276.627518,8.090025487570676e-07,0,1405933759585.6704,1.6940115169363219e-06,0.67911068508806571
149,2,1,-617148368341.84167,-1.7307931722246701e-07,0,1405933759585.6704,1.6940115169363219e-06,-5.430907028474385
149,2,2,370797758442.13763,6.6540955549960285e-07,1,1405933759585.6704,1.6940115169363219e-06,-3.2657599646209321
