p,i,j,EE,BB,delta,E2,B2,T
0,0,0,73231319834.339401,7.9801583041603755e-07,1,443538739678.80573,2.2798412931429893e-06,-1.4701243652486322
0,0,1,53233443330.26091,8.1655166763932369e-07,0,443538739678.80573,2.2798412931429893e-06,1.3698271883793454
0,0,2,155834211939.6861,7.1816679904122341e-07,0,443538739678.80573,2.2798412931429893e-06,2.2802340027718615
0,1,0,53233443330.26091,8.1655166763932369e-07,0,443538739678.80573,2.2798412931429893e-06,0.94833460126886338
0,1,1,38696550809.224709,8.3551804426856249e-07,1,443538739678.80573,2.2798412931429893e-06,-1.9395898675225989
0,1,2,113279286908.56677,7.3484795044050903e-07,0,443538739678.80573,2.2798412931429893e-06,0.78872465758986143
0,2,0,155834211939.6861,7.1816679904122341e-07,0,443538739678.80573,2.2798412931429893e-06,1.6007700051054283
0,2,1,113279286908.56677,7.3484795044050903e-07,0,443538739678.80573,2.2798412931429893e-06,1.712172507473074
0,2,2,331610869035.24158,6.4630741845838932e-07,1,443538739678.80573,2.2798412931429893e-06,0.86173315642251036
1,0,0,83759402429.115662,7.8365200328904943e-07,1,1616512154452.9644,1.327215684447062e-06,-6.157820748011674
1,0,1,268852375958.08719,-4.3451670579802348e-07,0,1616512154452.9644,1.327215684447062e-06,1.8777567345930284
1,0,2,236856189538.69757,4.8699075970400158e-07,0,1616512154452.9644,1.327215684447062e-06,1.9172871266601361
1,1,0,268852375958.08719,-4.3451670579802348e-07,0,1616512154452.9644,1.327215684447062e-06,0.75570049641891246
1,1,1,862966997877.99341,2.4092934979447195e-07,1,1616512154452.9644,1.327215684447062e-06,0.44987520211837423
1,1,2,760265086319.69714,-2.7002498529007015e-07,0,1616512154452.9644,1.327215684447062e-06,6.2460877548229456
1,2,0,236856189538.69757,4.8699075970400158e-07,0,1616512154452.9644,1.327215684447062e-06,2.2832250469844837
1,2,1,760265086319.69714,-2.7002498529007015e-07,0,1616512154452.9644,1.327215684447062e-06,6.5768924664225272
1,2,2,669785754145.85535,3.0263433136354055e-07,1,1616512154452.9644,1.327215684447062e-06,-1.8925627553861122
2,0,0,190472321133.0267,1.0458903050760264e-06,1,1071979640464.115,2.4691642458187139e-06,-3.3035780946706454
2,0,1,384717473899.73761,6.9859090936475274e-07,0,1071979640464.115,2.4691642458187139e-06,4.8939943927452072
2,0,2,-141050382789.09171,-1.0002795396503197e-06,0,1071979640464.115,2.4691642458187139e-06,-1.8178553519677458
2,1,0,384717473899.73761,6.9859090936475274e-07,0,1071979640464.115,2.4691642458187139e-06,4.1276394829571483
2,1,1,777055342442.25525,4.6661610331266726e-07,1,1071979640464.115,2.4691642458187139e-06,1.1085602150651956
2,1,2,-284894658900.65875,-6.6812570097633513e-07,0,1071979640464.115,2.4691642458187139e-06,-2.0244580520644648
2,2,0,-141050382789.09171,-1.0002795396503197e-06,0,1071979640464.115,2.4691642458187139e-06,-2.6839263082938478
2,2,1,-284894658900.65875,-6.6812570097633513e-07,0,1071979640464.115,2.4691642458187139e-06,-2.1719047165165364
2,2,2,104451976888.83307,9.5665783743002013e-07,1,1071979640464.115,2.4691642458187139e-06,-4.6127528767302071
3,0,0,514915600105.05725,5.1303573825965281e-07,1,629363187208.86084,2.5999025697015701e-06,1.5251841098031291
3,0,1,219814442378.08063,7.3835462449789437e-07,0,629363187208.86084,2.5999025697015701e-06,3.2788958645405533
3,0,2,-103016789486.68677,7.2489289829667922e-07,0,629363187208.86084,2.5999025697015701e-06,-0.70555457675323807
3,1,0,219814442378.08063,7.3835462449789437e-07,0,629363187208.86084,2.5999025697015701e-06,2.7283942766565512
3,1,1,93837493111.741455,1.0626307503776892e-06,1,629363187208.86084,2.5999025697015701e-06,-2.0007354613946999
3,1,2,-43977261772.562416,1.0432568022232993e-06,0,629363187208.86084,2.5999025697015701e-06,0.067340542302501027
3,2,0,-103016789486.68677,7.2489289829667922e-07,0,629363187208.86084,2.5999025697015701e-06,-0.98615149225278353
3,2,1,-43977261772.562416,1.0432568022232993e-06,0,629363187208.86084,2.5999025697015701e-06,-0.16392939814236523
3,2,2,20610093992.062191,1.024236081064228e-06,1,629363187208.86084,2.5999025697015701e-06,-2.6771241983802261
4,0,0,80526789652.841385,8.9262601510151072e-07,1,1157213106812.1086,2.1359054900600677e-06,-4.5724437575248276
4,0,1,-263129681475.26828,4.2405665020663874e-07,0,1157213106812.1086,2.1359054900600677e-06,-2.2521505902030938
4,0,2,-132154694622.25183,-9.6434410912561694e-07,0,1157213106812.1086,2.1359054900600677e-06,-1.503260394201388
4,1,0,-263129681475.26828,4.2405665020663874e-07,0,1157213106812.1086,2.1359054900600677e-06,-1.7583373774124027
4,1,1,859803669955.85437,2.0145507697759144e-07,1,1157213106812.1086,2.1359054900600677e-06,1.6022069780432668
4,1,2,431829244048.19458,-4.5812750877063502e-07,0,1157213106812.1086,2.1359054900600677e-06,2.9075714074508361
4,2,0,-132154694622.25183,-9.6434410912561694e-07,0,1157213106812.1086,2.1359054900600677e-06,-1.7024676951616293
4,2,1,431829244048.19458,-4.5812750877063502e-07,0,1157213106812.1086,2.1359054900600677e-06,3.2121317724289913
4,2,2,216882647203.41287,1.0418243979809656e-06,1,1157213106812.1086,2.1359054900600677e-06,-3.1967251318062511
5,0,0,227019613665.27246,7.425490345992525e-07,1,1867682486995.5989,9.7247276559776343e-07,-5.6296728057423779
5,0,1,448568084238.12915,1.408769669854671e-07,0,1867682486995.5989,9.7247276559776343e-07,4.3150443585504261
5,0,2,-413822818922.95551,3.8843702791749674e-07,0,1867682486995.5989,9.7247276559776343e-07,-3.7421786533076924
5,1,0,448568084238.12915,1.408769669854671e-07,0,1867682486995.5989,9.7247276559776343e-07,4.1577107235727633
5,1,1,886325736126.67212,2.6727285205798268e-08,1,1867682486995.5989,9.7247276559776343e-07,-1.0360166399376716
5,1,2,-817672561860.62354,7.369456804613457e-08,0,1867682486995.5989,9.7247276559776343e-07,-6.4428147612326354
5,2,0,-413822818922.95551,3.8843702791749674e-07,0,1867682486995.5989,9.7247276559776343e-07,-3.6071201469011975
5,2,1,-817672561860.62354,7.369456804613457e-08,0,1867682486995.5989,9.7247276559776343e-07,-7.0859039236496431
5,2,2,754337137203.6543,2.0319644579271269e-07,1,1867682486995.5989,9.7247276559776343e-07,-1.7315231903902735
6,0,0,1103661019676.0862,1.1087071313479237e-08,1,1556938512629.9832,1.3960951512520778e-06,2.3754744336622453
6,0,1,-693392018614.76538,-7.1964804792970474e-08,0,1556938512629.9832,1.3960951512520778e-06,-7.0984493305485739
6,0,2,139542855750.694,1.0087988017010056e-07,0,1556938512629.9832,1.3960951512520778e-06,0.66610901797984878
6,1,0,-693392018614.76538,-7.1964804792970474e-08,0,1556938512629.9832,1.3960951512520778e-06,-6.4048626558076718
6,1,1,435634205527.85944,4.671146222892962e-07,1,1556938512629.9832,1.3960951512520778e-06,-3.1355223483466141
6,1,2,-87669946394.084137,-6.5479879029490417e-07,0,1556938512629.9832,1.3960951512520778e-06,-1.3605343050265895
6,2,0,139542855750.694,1.0087988017010056e-07,0,1556938512629.9832,1.3960951512520778e-06,0.88587337647735065
6,2,1,-87669946394.084137,-6.5479879029490417e-07,0,1556938512629.9832,1.3960951512520778e-06,-1.9161467679054909
6,2,2,17643287426.037655,9.1789345764930223e-07,1,1556938512629.9832,1.3960951512520778e-06,-6.6697663642716467
7,0,0,929494323830.90674,3.337876761981831e-08,1,2754891897054.7246,1.2031144406236242e-07,-4.1136509742462204
7,0,1,922714034905.52063,5.2216925932181427e-08,0,2754891897054.7246,1.2031144406236242e-07,8.4474180966804084
7,0,2,919399528406.78809,1.323246960085728e-08,0,2754891897054.7246,1.2031144406236242e-07,8.0043227998684312
7,1,0,922714034905.52063,5.2216925932181427e-08,0,2754891897054.7246,1.2031144406236242e-07,8.488802720635821
7,1,1,915983205473.03625,8.1686879062246301e-08,1,2754891897054.7246,1.2031144406236242e-07,-4.224490146467244
7,1,2,912692876972.09265,2.0700551108350595e-08,0,2754891897054.7246,1.2031144406236242e-07,7.9799867069167858
7,2,0,919399528406.78809,1.323246960085728e-08,0,2754891897054.7246,1.2031144406236242e-07,7.9945633893118524
7,2,1,912692876972.09265,2.0700551108350595e-08,0,2754891897054.7246,1.2031144406236242e-07,7.7383968593203498
7,2,2,909414367750.78162,5.2457973802978021e-09,1,2754891897054.7246,1.2031144406236242e-07,-4.0189581453644081
8,0,0,483876830749.4884,6.3348514618182373e-07,1,1376792210529.136,1.6158105528788551e-06,-2.1687459122800048
8,0,1,-386941297735.88208,-6.1427594602092635e-07,0,1376792210529.136,1.6158105528788551e-06,-4.1550132610258261
8,0,2,531354397932.0423,4.9492788969675614e-07,0,1376792210529.136,1.6158105528788551e-06,5.0656201860850167
8,1,0,-386941297735.88208,-6.1427594602092635e-07,0,1376792210529.136,1.6158105528788551e-06,-4.5122315008523959
8,1,1,309424957714.1731,5.9564922734841972e-07,1,1376792210529.136,1.6158105528788551e-06,-3.6094704741893331
8,1,2,-424907636050.74744,-4.7992016780193717e-07,0,1376792210529.136,1.6158105528788551e-06,-4.4704868968646885
8,2,0,531354397932.0423,4.9492788969675614e-07,0,1376792210529.136,1.6158105528788551e-06,4.9241178317359227
8,2,1,-424907636050.74744,-4.7992016780193717e-07,0,1376792210529.136,1.6158105528788551e-06,-4.1715438525381963
8,2,2,583490422065.47449,3.8667617934861174e-07,1,1376792210529.136,1.6158105528788551e-06,-1.4798965224528113
9,0,0,72998676541.082169,8.8241720540719262e-07,1,1457907519275.1069,1.5579508200779497e-06,-5.7847849292811064
9,0,1,284079710044.60895,-7.4182322053713243e-08,0,1457907519275.1069,1.5579508200779497e-06,3.0588358163996054
9,0,2,-142811872722.81119,-7.6850469582892456e-07,0,1457907519275.1069,1.5579508200779497e-06,-1.8876007248785875
9,1,0,284079710044.60895,-7.4182322053713243e-08,0,1457907519275.1069,1.5579508200779497e-06,2.9835890195939694
9,1,1,1105517051581.2305,6.236298285618146e-09,1,1457907519275.1069,1.5579508200779497e-06,2.8099669206918736
9,1,2,-555762889361.31396,6.4606019121607136e-08,0,1457907519275.1069,1.5579508200779497e-06,-4.514020156093844
9,2,0,-142811872722.81119,-7.6850469582892456e-07,0,1457907519275.1069,1.5579508200779497e-06,-2.2238724508258572
9,2,1,-555762889361.31396,6.4606019121607136e-08,0,1457907519275.1069,1.5579508200779497e-06,-4.8211667783641694
9,2,2,279391791152.79437,6.6929731638513889e-07,1,1457907519275.1069,1.5579508200779497e-06,-4.0315640782705913
10,0,0,984672598449.98608,1.9958114614555205e-09,1,1049371216969.1733,1.9953335460166727e-06,3.1153910337207522
10,0,1,115084265514.47606,4.5166831789291935e-08,0,1049371216969.1733,1.9953335460166727e-06,0.67599599968448953
10,0,2,224638751430.83871,4.4025942389628546e-08,0,1049371216969.1733,1.9953335460166727e-06,1.3546118355869106
10,1,0,115084265514.47606,4.5166831789291935e-08,0,1049371216969.1733,1.9953335460166727e-06,1.7438533141877448
10,1,1,13450550152.258694,1.0221620294706669e-06,1,1049371216969.1733,1.9953335460166727e-06,-4.761808850341513
10,1,2,26254803632.397552,9.9634277720161624e-07,0,1049371216969.1733,1.9953335460166727e-06,1.6431580070407175
10,2,0,224638751430.83871,4.4025942389628546e-08,0,1049371216969.1733,1.9953335460166727e-06,1.8140048700060389
10,2,1,26254803632.397552,9.9634277720161624e-07,0,1049371216969.1733,1.9953335460166727e-06,0.62949245993106984
10,2,2,51248068366.928627,9.7117570508455017e-07,1,1049371216969.1733,1.9953335460166727e-06,-4.0449089858753879
11,0,0,93233271954.481384,1.1331595083858505e-06,1,1651159257533.085,1.6282127804064646e-06,-6.4003048405693548
11,0,1,-307782919572.41119,-2.4550190749742593e-08,0,1651159257533.085,1.6282127804064646e-06,-2.4828777832302071
11,0,2,224767016080.84326,7.485797288745114e-07,0,1651159257533.085,1.6282127804064646e-06,2.4363007302815278
11,1,0,-307782919572.41119,-2.4550190749742593e-08,0,1651159257533.085,1.6282127804064646e-06,-2.5234165935514477
11,1,1,1016057074847.3448,5.3188616552959131e-10,1,1651159257533.085,1.6282127804064646e-06,0.78534399308305092
11,1,2,-742003868176.1167,-1.6218171404163923e-08,0,1651159257533.085,1.6282127804064646e-06,-6.2010686927688505
11,2,0,224767016080.84326,7.485797288745114e-07,0,1651159257533.085,1.6282127804064646e-06,2.8049680177720737
11,2,1,-742003868176.1167,-1.6218171404163923e-08,0,1651159257533.085,1.6282127804064646e-06,-7.004671986460556
11,2,2,541868910731.25891,4.9452138585508448e-07,1,1651159257533.085,1.6282127804064646e-06,-2.0530913770759991
12,0,0,277675123636.23706,6.1583549586833498e-07,1,905207846980.23657,2.038519213459873e-06,-1.7243781091547448
12,0,1,405759715531.08325,5.8014339196450797e-07,0,905207846980.23657,2.038519213459873e-06,5.1089929554514333
12,0,2,98026934015.422638,-7.3455617718912857e-07,0,905207846980.23657,2.038519213459873e-06,1.0021728359922815
12,1,0,405759715531.08325,5.8014339196450797e-07,0,905207846980.23657,2.038519213459873e-06,3.9673037814618937
12,1,1,592926527201.44385,5.4651990263328732e-07,1,905207846980.23657,2.038519213459873e-06,0.75818275155919979
12,1,2,143244307734.92383,-6.9198335445427645e-07,0,905207846980.23657,2.038519213459873e-06,0.53245901982338029
12,2,0,98026934015.422638,-7.3455617718912857e-07,0,905207846980.23657,2.038519213459873e-06,-0.53859473281518222
12,2,1,143244307734.92383,-6.9198335445427645e-07,0,905207846980.23657,2.038519213459873e-06,0.39827624966307812
12,2,2,34606196142.555702,8.761638149582507e-07,1,905207846980.23657,2.038519213459873e-06,-3.7482336328590513
13,0,0,700635168228.25293,1.6854066921452458e-07,1,1360465956629.5703,1.7274575661587882e-06,0.03842773810972272
13,0,1,533889964033.00238,-3.1566894690844523e-07,0,1360465956629.5703,1.7274575661587882e-06,4.1200080643426542
13,0,2,-421025131956.01196,4.0384899779314727e-07,0,1360465956629.5703,1.7274575661587882e-06,-3.0101951302463057
13,1,0,533889964033.00238,-3.1566894690844523e-07,0,1360465956629.5703,1.7274575661587882e-06,3.8990559586195634
13,1,1,406828698616.36853,5.9123346612236779e-07,1,1360465956629.5703,1.7274575661587882e-06,-2.7912164660343679
13,1,2,-320824735540.18933,-7.5639065892831726e-07,0,1360465956629.5703,1.7274575661587882e-06,-3.6525279656070655
13,2,0,-421025131956.01196,4.0384899779314727e-07,0,1360465956629.5703,1.7274575661587882e-06,-3.2393793351799673
13,2,1,-320824735540.18933,-7.5639065892831726e-07,0,1360465956629.5703,1.7274575661587882e-06,-3.2326214589117841
13,2,2,253002089784.94897,9.6768343082189586e-07,1,1360465956629.5703,1.7274575661587882e-06,-3.4402881457650629
14,0,0,768043271471.73157,6.962484751169581e-08,1,2807555130300.0352,5.0682234270619837e-07,-5.5674274954546688
14,0,1,-907629276429.53247,-1.0341991655596607e-07,0,2807555130300.0352,5.0682234270619837e-07,-8.0064724814818788
14,0,2,861767054851.76562,1.4051380642118273e-07,0,2807555130300.0352,5.0682234270619837e-07,7.9172409371493897
14,1,0,-907629276429.53247,-1.0341991655596607e-07,0,2807555130300.0352,5.0682234270619837e-07,-7.3869489760526417
14,1,1,1072583972844.9688,1.5361870830160585e-07,1,2807555130300.0352,5.0682234270619837e-07,-3.1456928849738004
14,1,2,-1018386642392.0692,-2.0871752907751457e-07,0,2807555130300.0352,5.0682234270619837e-07,-8.8273342902118959
14,2,0,861767054851.76562,1.4051380642118273e-07,0,2807555130300.0352,5.0682234270619837e-07,6.9297486618229671
14,2,1,-1018386642392.0692,-2.0871752907751457e-07,0,2807555130300.0352,5.0682234270619837e-07,-8.9941100669028948
14,2,2,966927885983.33484,2.835787868928967e-07,1,2807555130300.0352,5.0682234270619837e-07,-3.9742661970745501
15,0,0,791905292401.31726,2.4999853534652231e-07,1,1381880536576.4492,1.6693500897928819e-06,0.429366060160152
15,0,1,-182739299374.41574,-4.7631116135638089e-07,0,1381880536576.4492,1.6693500897928819e-06,-1.5180627231520392
15,0,2,-658643201370.96545,-3.5771984473989595e-07,0,1381880536576.4492,1.6693500897928819e-06,-6.0423391478831272
15,1,0,-182739299374.41574,-4.7631116135638089e-07,0,1381880536576.4492,1.6693500897928819e-06,-1.5893917439371508
15,1,1,42168743985.271027,9.0749460639118228e-07,1,1381880536576.4492,1.6693500897928819e-06,-5.3000626544478502
15,1,2,151987868134.18225,6.8154781167862677e-07,0,1381880536576.4492,1.6693500897928819e-06,2.0666295645547783
15,2,0,-658643201370.96545,-3.5771984473989595e-07,0,1381880536576.4492,1.6693500897928819e-06,-5.590301164833269
15,2,1,151987868134.18225,6.8154781167862677e-07,0,1381880536576.4492,1.6693500897928819e-06,1.7381874754297546
15,2,2,547806500189.86102,5.1185694805517723e-07,1,1381880536576.4492,1.6693500897928819e-06,-1.5264123134869345
16,0,0,886942172469.84595,2.1861950491388564e-07,1,1341753288802.9785,1.4585371547623125e-06,1.3659207780769098
16,0,1,-507010265522.81036,-2.8428679968050161e-07,0,1341753288802.9785,1.4585371547623125e-06,-4.235018293371084
16,0,2,-382533332192.6781,4.3617794335714645e-07,0,1341753288802.9785,1.4585371547623125e-06,-2.8538555825987491
16,1,0,-507010265522.81036,-2.8428679968050161e-07,0,1341753288802.9785,1.4585371547623125e-06,-4.9488726075632288
16,1,1,289826571928.22803,3.6967874620526786e-07,1,1341753288802.9785,1.4585371547623125e-06,-3.6194375695100596
16,1,2,218670768339.10379,-5.6719381766539908e-07,0,1341753288802.9785,1.4585371547623125e-06,1.9627690187139379
16,2,0,-382533332192.6781,4.3617794335714645e-07,0,1341753288802.9785,1.4585371547623125e-06,-3.0574885344943681
16,2,1,218670768339.10379,-5.6719381766539908e-07,0,1341753288802.9785,1.4585371547623125e-06,1.0492500448268565
16,2,2,164984544404.90454,8.7023890364315893e-07,1,1341753288802.9785,1.4585371547623125e-06,-4.3313914061267624
17,0,0,185197757096.96542,8.3358483395150269e-07,1,1327434296427.5952,1.553672439955826e-06,-4.7250951177817502
17,0,1,402507790764.0282,1.1430802208875815e-07,0,1327434296427.5952,1.553672439955826e-06,4.0087772009433555
17,0,2,222546901871.25418,-7.6628179122813878e-07,0,1327434296427.5952,1.553672439955826e-06,1.1713971732512061
17,1,0,402507790764.0282,1.1430802208875815e-07,0,1327434296427.5952,1.553672439955826e-06,3.4386553707143643
17,1,1,874808227514.94006,1.5674858012836891e-08,1,1327434296427.5952,1.553672439955826e-06,1.4927708622084863
17,1,2,483682217418.41638,-1.0507887421931587e-07,0,1327434296427.5952,1.553672439955826e-06,3.5723765202792057
17,2,0,222546901871.25418,-7.6628179122813878e-07,0,1327434296427.5952,1.553672439955826e-06,2.2352103053498689
17,2,1,483682217418.41638,-1.0507887421931587e-07,0,1327434296427.5952,1.553672439955826e-06,3.9785013564461105
17,2,2,267428311815.68973,7.0441274799148632e-07,1,1327434296427.5952,1.553672439955826e-06,-3.707574339097365
18,0,0,744211278188.97473,9.4802643492455341e-08,1,1567562751221.2764,9.6362691135370918e-07,-0.38327141802893594
18,0,1,403067413341.85419,2.6061958411398558e-07,0,1567562751221.2764,9.6362691135370918e-07,4.1024991430544304
18,0,2,-671032124749.66602,-1.2018431553200757e-07,0,1567562751221.2764,9.6362691135370918e-07,-4.9359525470295731
18,1,0,403067413341.85419,2.6061958411398558e-07,0,1567562751221.2764,9.6362691135370918e-07,3.6788954960662021
18,1,1,218302711151.38818,7.1646280231787293e-07,1,1567562751221.2764,9.6362691135370918e-07,-4.8515736496726181
18,1,2,-363433329645.74689,-3.303957060381819e-07,0,1567562751221.2764,9.6362691135370918e-07,-4.1596753016905748
18,2,0,-671032124749.66602,-1.2018431553200757e-07,0,1567562751221.2764,9.6362691135370918e-07,-6.1861266462265796
18,2,1,-363433329645.74689,-3.303957060381819e-07,0,1567562751221.2764,9.6362691135370918e-07,-3.8118523316137858
18,2,2,605048761880.91357,1.5236146554338086e-07,1,1567562751221.2764,9.6362691135370918e-07,-1.9657687161316248
19,0,0,1164273018089.3218,3.5935613864618321e-09,1,3180441666841.541,7.5352451370469388e-08,-4.2682418525913741
19,0,1,-1114734586946.6711,1.4035801741132625e-08,0,3180441666841.541,7.5352451370469388e-08,-9.0940005590986761
19,0,2,1051064963893.5978,7.8016822330514479e-09,0,3180441666841.541,7.5352451370469388e-08,8.6760494879812811
19,1,0,-1114734586946.6711,1.4035801741132625e-08,0,3180441666841.541,7.5352451370469388e-08,-11.149071937392492
19,1,1,1067303957085.9763,5.4821306589769602e-08,1,3180441666841.541,7.5352451370469388e-08,-4.9276990088487675
19,1,2,-1006343400710.9828,3.0471961737723895e-08,0,3180441666841.541,7.5352451370469388e-08,-9.1630412780335728
19,2,0,1051064963893.5978,7.8016822330514479e-09,0,3180441666841.541,7.5352451370469388e-08,8.7959986235781269
19,2,1,-1006343400710.9828,3.0471961737723895e-08,0,3180441666841.541,7.5352451370469388e-08,-8.3818611348272434
19,2,2,948864691666.24268,1.6937583394237951e-08,1,3180441666841.541,7.5352451370469388e-08,-5.7322667180060449
20,0,0,933943261109.6333,3.7629980576003423e-07,1,2277774241780.7012,1.0177279419789277e-06,-1.913226812248022
20,0,1,718340347021.58459,4.1064037442548525e-07,0,2277774241780.7012,1.0177279419789277e-06,6.9680408466299211
20,0,2,-859679611430.33008,-2.6971052252347831e-07,0,2277774241780.7012,1.0177279419789277e-06,-7.697765402296926
20,1,0,718340347021.58459,4.1064037442548525e-07,0,2277774241780.7012,1.0177279419789277e-06,7.1375813244009576
20,1,1,552509853270.96558,4.4811481304838866e-07,1,2277774241780.7012,1.0177279419789277e-06,-5.5308748887900414
20,1,2,-661220628829.77686,-2.9432390944725081e-07,0,2277774241780.7012,1.0177279419789277e-06,-6.3399404771308046
20,2,0,-859679611430.33008,-2.6971052252347831e-07,0,2277774241780.7012,1.0177279419789277e-06,-7.5271032519430836
20,2,1,-661220628829.77686,-2.9432390944725081e-07,0,2277774241780.7012,1.0177279419789277e-06,-7.251869301011582
20,2,2,791321127400.10242,1.9331332317050483e-07,1,2277774241780.7012,1.0177279419789277e-06,-3.6995525532761229
21,0,0,576084175189.44775,4.5501953617718909e-07,1,1320435182752.3159,1.8807843349514048e-06,-0.99622779139152962
21,0,1,260144009764.01141,6.6185928147665208e-07,0,1320435182752.3159,1.8807843349514048e-06,2.6088569442123251
21,0,2,600944199096.04846,-4.5901321218372005e-07,0,1320435182752.3159,1.8807843349514048e-06,5.3759551689226006
21,1,0,260144009764.01141,6.6185928147665208e-07,0,1320435182752.3159,1.8807843349514048e-06,3.2026238985471505
21,1,1,117473988577.87212,9.6272285835702272e-07,1,1320435182752.3159,1.8807843349514048e-06,-5.101651968488496
21,1,2,271370123204.40497,-6.6766837608023809e-07,0,1320435182752.3159,1.8807843349514048e-06,2.0580283261607155
21,2,0,600944199096.04846,-4.5901321218372005e-07,0,1320435182752.3159,1.8807843349514048e-06,5.4952489223924701
21,2,1,271370123204.40497,-6.6766837608023809e-07,0,1320435182752.3159,1.8807843349514048e-06,1.9390608811803964
21,2,2,626877018984.99597,4.6304194041719305e-07,1,1320435182752.3159,1.8807843349514048e-06,-0.93883133476314695
22,0,0,639117639563.3949,1.2304292429110727e-07,1,1906984723678.2942,7.1175065134206593e-07,-2.7319019279768502
22,0,1,-608965655927.53381,1.9679700282071361e-07,0,1906984723678.2942,7.1175065134206593e-07,-4.9425703607765712
22,0,2,662930650958.59546,1.8359537023003873e-07,0,1906984723678.2942,7.1175065134206593e-07,6.25941007241242
22,1,0,-608965655927.53381,1.9679700282071361e-07,0,1906984723678.2942,7.1175065134206593e-07,-4.9054944472514821
22,1,1,580236168027.82275,3.1476056459440831e-07,1,1906984723678.2942,7.1175065134206593e-07,-4.1222918952211414
22,1,2,-631655228560.5072,2.9364564278030735e-07,0,1906984723678.2942,7.1175065134206593e-07,-4.9547028603390322
22,2,0,662930650958.59546,1.8359537023003873e-07,0,1906984723678.2942,7.1175065134206593e-07,6.827837271207815
22,2,1,-631655228560.5072,2.9364564278030735e-07,0,1906984723678.2942,7.1175065134206593e-07,-5.1586091155183471
22,2,2,687630916087.07654,2.7394716245655035e-07,1,1906984723678.2942,7.1175065134206593e-07,-2.3671253330395063
23,0,0,341469805839.82373,6.6623598251129667e-07,1,1109295283831.1475,1.5194758078114354e-06,-1.7743049348455437
23,0,1,504776242294.55646,-1.3311257638311266e-07,0,1109295283831.1475,1.5194758078114354e-06,4.5191100563591489
23,0,2,85966052041.22348,-7.4211866661286382e-07,0,1109295283831.1475,1.5194758078114354e-06,0.46334119944061342
23,1,0,504776242294.55646,-1.3311257638311266e-07,0,1109295283831.1475,1.5194758078114354e-06,4.3640386048928361
23,1,1,746183265481.84949,2.6595618454230761e-08,1,1109295283831.1475,1.5194758078114354e-06,0.91151886664089121
23,1,2,127078939256.55643,1.48273780294002e-07,0,1109295283831.1475,1.5194758078114354e-06,0.78222641880680777
23,2,0,85966052041.22348,-7.4211866661286382e-07,0,1109295283831.1475,1.5194758078114354e-06,-0.27776819715257406
23,2,1,127078939256.55643,1.48273780294002e-07,0,1109295283831.1475,1.5194758078114354e-06,0.6130064410492958
23,2,2,21642212509.474155,8.2664420684590778e-07,1,1109295283831.1475,1.5194758078114354e-06,-4.954119841368267
24,0,0,29523719949.450562,9.947632448480827e-07,1,1893541474942.8987,1.3968872370858759e-06,-7.4111237824661105
24,0,1,137634919706.90054,-6.3181092189871556e-07,0,1893541474942.8987,1.3968872370858759e-06,1.0630925552147399
24,0,2,189972016509.02472,2.8863927647279185e-08,0,1893541474942.8987,1.3968872370858759e-06,1.4242412633299075
24,1,0,137634919706.90054,-6.3181092189871556e-07,0,1893541474942.8987,1.3968872370858759e-06,0.5360692049589928
24,1,1,641632258914.49683,4.0128648007241894e-07,1,1893541474942.8987,1.3968872370858759e-06,-2.9086695795048989
24,1,2,885619538579.32434,-1.8332547800587786e-08,0,1893541474942.8987,1.3968872370858759e-06,7.5258315230550954
24,2,0,189972016509.02472,2.8863927647279185e-08,0,1893541474942.8987,1.3968872370858759e-06,1.7353075976132746
24,2,1,885619538579.32434,-1.8332547800587786e-08,0,1893541474942.8987,1.3968872370858759e-06,8.1835598163296144
24,2,2,1222385496078.9514,8.3751216537418431e-10,1,1893541474942.8987,1.3968872370858759e-06,1.8755105305863737
25,0,0,14799425511.088203,8.2692913139559359e-07,1,503604551944.44257,2.2411128901935512e-06,-2.2415822883861987
25,0,1,-33073960990.582584,8.2216412575028234e-07,0,503604551944.44257,2.2411128901935512e-06,0.76963943996484785
25,0,2,78359097509.363266,7.024783965545308e-07,0,503604551944.44257,2.2411128901935512e-06,1.1305740542767657
25,1,0,-33073960990.582584,8.2216412575028234e-07,0,503604551944.44257,2.2411128901935512e-06,0.49256327466163724
25,1,1,73914145842.147949,8.1742657745039257e-07,1,503604551944.44257,2.2411128901935512e-06,-1.8973195866904484
25,1,2,-175117995785.72787,6.9843051216129105e-07,0,503604551944.44257,2.2411128901935512e-06,-1.0077944085240982
25,2,0,78359097509.363266,7.024783965545308e-07,0,503604551944.44257,2.2411128901935512e-06,1.1069486679507297
25,2,1,-175117995785.72787,6.9843051216129105e-07,0,503604551944.44257,2.2411128901935512e-06,-1.2374204856745445
25,2,2,414890980591.20642,5.9675718134756498e-07,1,503604551944.44257,2.2411128901935512e-06,1.0740376384624808
26,0,0,1225420628374.9805,7.2361652195332248e-08,1,2597000706964.127,8.338082104690214e-07,-0.76863331403463064
26,0,1,803089752867.69434,-1.9889224239731349e-07,0,2597000706964.127,8.338082104690214e-07,7.0196547210014391
26,0,2,1017747203685.7792,1.2466517929759605e-07,0,2597000706964.127,8.338082104690214e-07,9.334349615185257
26,1,0,803089752867.69434,-1.9889224239731349e-07,0,2597000706964.127,8.338082104690214e-07,6.6124743986677679
26,1,1,526311648610.29071,5.4667248308605433e-07,1,2597000706964.127,8.338082104690214e-07,-7.0491413227508799
26,1,2,666989220977.67346,-3.4265299792258535e-07,0,2597000706964.127,8.338082104690214e-07,5.8242455708560907
26,2,0,1017747203685.7792,1.2466517929759605e-07,0,2597000706964.127,8.338082104690214e-07,9.4193110833167015
26,2,1,666989220977.67346,-3.4265299792258535e-07,0,2597000706964.127,8.338082104690214e-07,5.6557294233008699
26,2,2,845268429978.85596,2.1477407518763484e-07,1,2597000706964.127,8.338082104690214e-07,-3.8099955234291021
27,0,0,256391474692.83023,6.1501338239924558e-07,1,1530734161850.9497,8.6715474939619987e-07,-4.1176091503955776
27,0,1,431256137683.99823,-3.1964932080784539e-07,0,1530734161850.9497,8.6715474939619987e-07,4.7983441587744133
27,0,2,-375164956431.66699,2.2998831854389809e-07,0,1530734161850.9497,8.6715474939619987e-07,-3.2288877038855843
27,1,0,431256137683.99823,-3.1964932080784539e-07,0,1530734161850.9497,8.6715474939619987e-07,3.1040149407711
27,1,1,725382372845.80212,1.6613571544462411e-07,1,1530734161850.9497,8.6715474939619987e-07,-0.7608069820438238
27,1,2,-631035763957.99146,-1.1953497585613771e-07,0,1530734161850.9497,8.6715474939619987e-07,-5.9418426609197175
27,2,0,-375164956431.66699,2.2998831854389809e-07,0,1530734161850.9497,8.6715474939619987e-07,-2.9248752072944306
27,2,1,-631035763957.99146,-1.1953497585613771e-07,0,1530734161850.9497,8.6715474939619987e-07,-6.6727357669150758
27,2,2,548960314312.3172,8.6005651552330227e-08,1,1530734161850.9497,8.6715474939619987e-07,-1.8368409227303379
28,0,0,133912910509.00725,8.4138832015204716e-07,1,160019360432.51236,3.2661960889502396e-06,-0.21721528236577872
28,0,1,42469811820.129921,-1.0266971701154804e-06,0,160019360432.51236,3.2661960889502396e-06,-0.55463744853542774
28,0,2,41137644272.332527,9.9302459997605749e-07,0,160019360432.51236,3.2661960889502396e-06,0.66965386963897999
28,1,0,42469811820.129921,-1.0266971701154804e-06,0,160019360432.51236,3.2661960889502396e-06,-0.49359144979653202
28,1,1,13469089045.868567,1.252818768547498e-06,1,160019360432.51236,3.2661960889502396e-06,-0.88829743442959519
28,1,2,13046598750.849298,-1.2117300920771459e-06,0,160019360432.51236,3.2661960889502396e-06,-0.90471488808743217
28,2,0,41137644272.332527,9.9302459997605749e-07,0,160019360432.51236,3.2661960889502396e-06,1.3067499733234478
28,2,1,13046598750.849298,-1.2117300920771459e-06,0,160019360432.51236,3.2661960889502396e-06,-1.1193548254424541
28,2,2,12637360877.636553,1.1719890002506945e-06,1,160019360432.51236,3.2661960889502396e-06,-1.2051909376777425
29,0,0,431866446157.84265,8.0676523710626086e-07,1,1538463407996.8857,1.8640138885703251e-06,-2.9390100305613642
29,0,1,-625036790876.22864,-4.1624386451713158e-07,0,1538463407996.8857,1.8640138885703251e-06,-5.819876893945751
29,0,2,-295349127795.62933,8.2443465734436721e-07,0,1538463407996.8857,1.8640138885703251e-06,-1.8703901801965557
29,1,0,-625036790876.22864,-4.1624386451713158e-07,0,1538463407996.8857,1.8640138885703251e-06,-5.377642566093046
29,1,1,904610657819.12634,2.1475758594855755e-07,1,1538463407996.8857,1.8640138885703251e-06,0.35990476032413415
29,1,2,427456387658.33276,-4.2536025603403322e-07,0,1538463407996.8857,1.8640138885703251e-06,3.0537045716806004
29,2,0,-295349127795.62933,8.2443465734436721e-07,0,1538463407996.8857,1.8640138885703251e-06,-1.3942584078781537
29,2,1,427456387658.33276,-4.2536025603403322e-07,0,1538463407996.8857,1.8640138885703251e-06,2.765654658238561
29,2,2,201986304019.91669,8.4249106551550687e-07,1,1538463407996.8857,1.8640138885703251e-06,-5.4469724812377462
30,0,0,955637764318.42798,1.3277089532962637e-07,1,1684837075521.4092,1.1566948710499008e-06,0.86814656910637433
30,0,1,-507070554246.23822,2.9405793111609035e-07,0,1684837075521.4092,1.1566948710499008e-06,-4.1459104501370261
30,0,2,663121295478.41199,-2.2243479078951679e-07,0,1684837075521.4092,1.1566948710499008e-06,5.7415345146478511
30,1,0,-507070554246.23822,2.9405793111609035e-07,0,1684837075521.4092,1.1566948710499008e-06,-4.2978068940019067
30,1,1,269056494609.09344,6.5127275550562993e-07,1,1684837075521.4092,1.1566948710499008e-06,-5.0103214808236949
30,1,2,-351858513116.14789,-4.9264346847565821e-07,0,1684837075521.4092,1.1566948710499008e-06,-3.5496623487943832
30,2,0,663121295478.41199,-2.2243479078951679e-07,0,1684837075521.4092,1.1566948710499008e-06,6.303084796677676
30,2,1,-351858513116.14789,-4.9264346847565821e-07,0,1684837075521.4092,1.1566948710499008e-06,-3.6901142639107603
30,2,2,460142816593.88776,3.7265122021464447e-07,1,1684837075521.4092,1.1566948710499008e-06,-3.5919040231662347
31,0,0,956635983242.81226,3.0022828037033659e-08,1,1872201085981.6328,1.1491754513485652e-06,0.23178484490035306
31,0,1,296307075329.15613,-1.6474066398716843e-07,0,1872201085981.6328,1.1491754513485652e-06,2.5050742823209653
31,0,2,-887730048714.83301,-8.0378108872653168e-08,0,1872201085981.6328,1.1491754513485652e-06,-6.9213820523583154
31,1,0,296307075329.15613,-1.6474066398716843e-07,0,1872201085981.6328,1.1491754513485652e-06,2.4440644794671966
31,1,1,91777734089.094421,9.0396168999989358e-07,1,1872201085981.6328,1.1491754513485652e-06,-6.8551840888315994
31,1,2,-274964248704.97137,4.4104915797339719e-07,0,1872201085981.6328,1.1491754513485652e-06,-2.8432599133636356
31,2,0,-887730048714.83301,-8.0378108872653168e-08,0,1872201085981.6328,1.1491754513485652e-06,-7.8549130709752673
31,2,1,-274964248704.97137,4.4104915797339719e-07,0,1872201085981.6328,1.1491754513485652e-06,-2.8107346761235421
31,2,2,823787368649.72607,2.1519093331163799e-07,1,1872201085981.6328,1.1491754513485652e-06,-1.0525422032457288
32,0,0,239257243036.39258,6.5714632656870368e-07,1,2159524878055.8818,8.3438424177432567e-07,-7.5775561112695087
32,0,1,-526238986248.30261,-7.56944853562772e-08,0,2159524878055.8818,8.3438424177432567e-07,-4.5888832187760293
32,0,2,427212440829.07446,-3.3277858974507094e-07,0,2159524878055.8818,8.3438424177432567e-07,3.3909697759681561
32,1,0,-526238986248.30261,-7.56944853562772e-08,0,2159524878055.8818,8.3438424177432567e-07,-5.2528946078915641
32,1,1,1157446550554.4541,8.7189943574197795e-09,1,2159524878055.8818,8.3438424177432567e-07,-0.061604355833377256
32,1,2,-939640693512.29297,3.8331651673179256e-08,0,2159524878055.8818,8.3438424177432567e-07,-8.5236118287397957
32,2,0,427212440829.07446,-3.3277858974507094e-07,0,2159524878055.8818,8.3438424177432567e-07,4.2995512275325867
32,2,1,-939640693512.29297,3.8331651673179256e-08,0,2159524878055.8818,8.3438424177432567e-07,-8.4237671294530756
32,2,2,762821084465.03516,1.6851892084820223e-07,1,2159524878055.8818,8.3438424177432567e-07,-2.7565727055896181
33,0,0,246598873.66385552,1.0237679775796099e-06,1,1252274605848.7837,1.7354799867327879e-06,-5.4328370374322574
33,0,1,-7874788826.1383238,-8.1011797695842251e-07,0,1252274605848.7837,1.7354799867327879e-06,-0.31067247460457947
33,0,2,15707845086.433512,-2.6895506620746636e-07,0,1252274605848.7837,1.7354799867327879e-06,-0.89553423132958876
33,1,0,-7874788826.1383238,-8.1011797695842251e-07,0,1252274605848.7837,1.7354799867327879e-06,-0.90005822875847596
33,1,1,251470325613.90918,6.4105456603830233e-07,1,1252274605848.7837,1.7354799867327879e-06,-3.2488922518529884
33,1,2,-501607980326.67065,2.1282686985759733e-07,0,1252274605848.7837,1.7354799867327879e-06,-4.3467989071703022
33,2,0,15707845086.433512,-2.6895506620746636e-07,0,1252274605848.7837,1.7354799867327879e-06,-0.11378303014477686
33,2,1,-501607980326.67065,2.1282686985759733e-07,0,1252274605848.7837,1.7354799867327879e-06,-4.4694306497404543
33,2,2,1000557681361.2106,7.0657443114875694e-08,1,1252274605848.7837,1.7354799867327879e-06,2.9909819972854161
34,0,0,1057097486033.3478,1.092131639933635e-09,1,3256246116991.9263,4.8149255893493514e-08,-4.9940170916807363
34,0,1,-1070970071544.8411,4.2577587206109362e-09,0,3256246116991.9263,4.8149255893493514e-08,-9.4587090592953711
34,0,2,-1085236193211.0586,5.7675007549772115e-09,0,3256246116991.9263,4.8149255893493514e-08,-9.3152543097286564
34,1,0,-1070970071544.8411,4.2577587206109362e-09,0,3256246116991.9263,4.8149255893493514e-08,-9.2081101751242436
34,1,1,1085024710870.0236,1.6599197990491406e-08,1,3256246116991.9263,4.8149255893493514e-08,-4.7588313058429197
34,1,2,1099478050834.7867,2.2485042771150372e-08,0,3256246116991.9263,4.8149255893493514e-08,10.46266504601547
34,2,0,-1085236193211.0586,5.7675007549772115e-09,0,3256246116991.9263,4.8149255893493514e-08,-9.6311706471055611
34,2,1,1099478050834.7867,2.2485042771150372e-08,0,3256246116991.9263,4.8149255893493514e-08,9.8802939767098596
34,2,2,1114123920088.5552,3.0457926263068472e-08,1,3256246116991.9263,4.8149255893493514e-08,-4.719370613905598
35,0,0,204864839020.83655,7.3865761397699617e-07,1,1030973718706.4778,1.6608845938482833e-06,-2.7828554139711654
35,0,1,344508339465.71942,3.8299097114747213e-07,0,1030973718706.4778,1.6608845938482833e-06,4.0861967683755127
35,0,2,224843649430.12097,7.3111414739180933e-07,0,1030973718706.4778,1.6608845938482833e-06,2.283639305212223
35,1,0,344508339465.71942,3.8299097114747213e-07,0,1030973718706.4778,1.6608845938482833e-06,2.8330452820637104
35,1,1,579338048094.02148,1.9857926217091959e-07,1,1030973718706.4778,1.6608845938482833e-06,0.32372703997906077
35,1,2,378105450768.46942,3.7907971437760803e-07,0,1030973718706.4778,1.6608845938482833e-06,3.5811330981134857
35,2,0,224843649430.12097,7.3111414739180933e-07,0,1030973718706.4778,1.6608845938482833e-06,2.6156895114120275
35,2,1,378105450768.46942,3.7907971437760803e-07,0,1030973718706.4778,1.6608845938482833e-06,3.6287034506733464
35,2,2,246770831591.61972,7.2364771770036742e-07,1,1030973718706.4778,1.6608845938482833e-06,-2.4428449953346005
36,0,0,907920844423.10547,2.0348304738870267e-08,1,1875415140746.8323,8.9782589760416862e-07,-0.37569150181931488
36,0,1,891938359837.75745,-4.3606390484765656e-08,0,1875415140746.8323,8.9782589760416862e-07,7.4761146114616812
36,0,2,287844056292.13092,-1.2630781515822196e-07,0,1875415140746.8323,8.9782589760416862e-07,1.9936056446408732
36,1,0,891938359837.75745,-4.3606390484765656e-08,0,1875415140746.8323,8.9782589760416862e-07,7.90164819701985
36,1,1,876237221159.47815,9.3448437868020281e-08,1,1875415140746.8323,8.9782589760416862e-07,-1.2481091637516148
36,1,2,282777025150.67035,2.7067748295246055e-07,0,1875415140746.8323,8.9782589760416862e-07,2.0889580237214105
36,2,0,287844056292.13092,-1.2630781515822196e-07,0,1875415140746.8323,8.9782589760416862e-07,3.2865066288794478
36,2,1,282777025150.67035,2.7067748295246055e-07,0,1875415140746.8323,8.9782589760416862e-07,3.0667379664267913
36,2,2,91257075164.248627,7.8402915499727808e-07,1,1875415140746.8323,8.9782589760416862e-07,-7.2305094380806487
37,0,0,932320371123.41321,1.9538865128528817e-07,1,2246652568481.6865,1.0750568835722989e-06,-1.6299890082782253
37,0,1,268651516567.27536,-4.0401520779320826e-07,0,2246652568481.6865,1.0750568835722989e-06,1.5779518047173786
37,0,2,-1073873849512.418,-9.2999469659151092e-08,0,2246652568481.6865,1.0750568835722989e-06,-9.723843429010973
37,1,0,268651516567.27536,-4.0401520779320826e-07,0,2246652568481.6865,1.0750568835722989e-06,2.3442284528153738
37,1,1,77412914690.398056,8.3540311606869443e-07,1,2246652568481.6865,1.0750568835722989e-06,-8.7900678401580841
37,1,2,-309440667831.61609,1.9229980764921315e-07,0,2246652568481.6865,1.0750568835722989e-06,-2.3513627149054921
37,2,0,-1073873849512.418,-9.2999469659151092e-08,0,2246652568481.6865,1.0750568835722989e-06,-10.723520108019574
37,2,1,-309440667831.61609,1.9229980764921315e-07,0,2246652568481.6865,1.0750568835722989e-06,-3.0310511544785541
37,2,2,1236919282667.8752,4.426511621831634e-08,1,2246652568481.6865,1.0750568835722989e-06,0.74196361342773109
38,0,0,873997990662.38,1.0438109370074568e-07,1,1914793719320.209,9.9407078006205388e-07,-1.1467495635746905
38,0,1,740666861767.8584,1.6592705371185174e-07,0,1914793719320.209,9.9407078006205388e-07,7.8596515603732833
38,0,2,600887656235.24194,2.5560711133137713e-07,0,1914793719320.209,9.9407078006205388e-07,5.9398421387239573
38,1,0,740666861767.8584,1.6592705371185174e-07,0,1914793719320.209,9.9407078006205388e-07,6.9468950523823096
38,1,1,627675813882.922,2.637622023048322e-07,1,1914793719320.209,9.9407078006205388e-07,-3.3976890617379403
38,1,2,509220363632.07544,4.0632008525035879e-07,0,1914793719320.209,9.9407078006205388e-07,4.8157772933506617
38,2,0,600887656235.24194,2.5560711133137713e-07,0,1914793719320.209,9.9407078006205388e-07,5.6320052577209987
38,2,1,509220363632.07544,4.0632008525035879e-07,0,1914793719320.209,9.9407078006205388e-07,5.3495604360494173
38,2,2,413119914774.90698,6.25927484056476e-07,1,1914793719320.209,9.9407078006205388e-07,-4.4786841797395454
39,0,0,175770307761.06497,5.9987122406847243e-07,1,1665243450531.9399,1.2028477814128444e-06,-5.5387737544769706
39,0,1,-322042114890.37231,5.7914424688908949e-07,0,1665243450531.9399,1.2028477814128444e-06,-2.8159430910559964
39,0,2,397610398434.96741,1.6217344676003939e-07,0,1665243450531.9399,1.2028477814128444e-06,4.2837844963145777
39,1,0,-322042114890.37231,5.7914424688908949e-07,0,1665243450531.9399,1.2028477814128444e-06,-3.0261645689389733
39,1,1,590037788999.2915,5.5913343605634498e-07,1,1665243450531.9399,1.2028477814128444e-06,-2.321932761140896
39,1,2,-728492173936.81079,1.5656996855466787e-07,0,1665243450531.9399,1.2028477814128444e-06,-6.1277775375539836
39,2,0,397610398434.96741,1.6217344676003939e-07,0,1665243450531.9399,1.2028477814128444e-06,3.5821700049311427
39,2,1,-728492173936.81079,1.5656996855466787e-07,0,1665243450531.9399,1.2028477814128444e-06,-6.7871850091668779
39,2,2,899435353771.58337,4.3843121288027121e-08,1,1665243450531.9399,1.2028477814128444e-06,-0.073837518250175843
40,0,0,906755347478.87378,4.782013638215691e-09,1,2327619338955.2285,9.4370647697720958e-07,-3.0646476975534789
40,0,1,1118275810833.1423,5.1976876941122725e-09,0,2327619338955.2285,9.4370647697720958e-07,10.150318245964574
40,0,2,194512809904.23151,-6.6805191651367118e-08,0,2327619338955.2285,9.4370647697720958e-07,2.2352573906300455
40,1,0,1118275810833.1423,5.1976876941122725e-09,0,2327619338955.2285,9.4370647697720958e-07,9.8591201968259359
40,1,1,1379138036044.125,5.649494001779259e-09,1,2327619338955.2285,9.4370647697720958e-07,1.4306094338026654
40,1,2,239887165615.1499,-7.2612198295336823e-08,0,2327619338955.2285,9.4370647697720958e-07,1.3904713461423728
40,2,0,194512809904.23151,-6.6805191651367118e-08,0,2327619338955.2285,9.4370647697720958e-07,2.0792324795352135
40,2,1,239887165615.1499,-7.2612198295336823e-08,0,2327619338955.2285,9.4370647697720958e-07,3.0810321942628418
40,2,2,41725955432.229996,9.3327496933721458e-07,1,2327619338955.2285,9.4370647697720958e-07,-10.052788158618046
41,0,0,532811005846.73291,3.5936033639705068e-07,1,1461080697859.2629,1.1485759371655489e-06,-2.2081535352063373
41,0,1,527211631559.52435,-2.6137472394312941e-07,0,1461080697859.2629,1.1485759371655489e-06,4.1469918322379336
41,0,2,465446241629.01715,4.6400004037243458e-07,0,1461080697859.2629,1.1485759371655489e-06,4.2368289163222155
41,1,0,527211631559.52435,-2.6137472394312941e-07,0,1461080697859.2629,1.1485759371655489e-06,4.5646265099630012
41,1,1,521671101763.25952,1.9010652928837748e-07,1,1461080697859.2629,1.1485759371655489e-06,-1.7320225293019065
41,1,2,460554811668.19336,-3.3748266065720804e-07,0,1461080697859.2629,1.1485759371655489e-06,4.2720769386990494
41,2,0,465446241629.01715,4.6400004037243458e-07,0,1461080697859.2629,1.1485759371655489e-06,4.7272785712324152
41,2,1,460554811668.19336,-3.3748266065720804e-07,0,1461080697859.2629,1.1485759371655489e-06,3.4769528936994973
41,2,2,406598590249.27045,5.9910907148012081e-07,1,1461080697859.2629,1.1485759371655489e-06,-3.1505620299171717
42,0,0,69414977426.891159,1.173921620747796e-06,1,828680569440.77722,2.3075869770670454e-06,-3.2525538703775903
42,0,1,-73616404382.215652,9.3155905635739203e-07,0,828680569440.77722,2.3075869770670454e-06,0.80237794817290997
42,0,2,-217451210473.73627,-6.804645449944078e-07,0,828680569440.77722,2.3075869770670454e-06,-2.4945424002105079
42,1,0,-73616404382.215652,9.3155905635739203e-07,0,828680569440.77722,2.3075869770670454e-06,-0.1162513104677628
42,1,1,78072127875.769516,7.3923357415351019e-07,1,828680569440.77722,2.3075869770670454e-06,-3.3553692920758542
42,1,2,230612712659.83899,-5.3997890337504696e-07,0,828680569440.77722,2.3075869770670454e-06,1.9905930032389703
42,2,0,-217451210473.73627,-6.804645449944078e-07,0,828680569440.77722,2.3075869770670454e-06,-3.0564950472498786
42,2,1,230612712659.83899,-5.3997890337504696e-07,0,828680569440.77722,2.3075869770670454e-06,2.2614845651553055
42,2,2,681193464138.11658,3.9443178216573944e-07,1,828680569440.77722,2.3075869770670454e-06,1.8006626058060198
43,0,0,1038060359685.0492,6.9436866401277483e-08,1,1914273642468.9368,1.6660852931901317e-06,0.050568967826835134
43,0,1,-879427259810.05017,1.787966641491623e-07,0,1914273642468.9368,1.6660852931901317e-06,-7.4402416969765568
43,0,2,369012154529.42279,2.8088790716205498e-07,0,1914273642468.9368,1.6660852931901317e-06,3.5888533364624498
43,1,0,-879427259810.05017,1.787966641491623e-07,0,1914273642468.9368,1.6660852931901317e-06,-7.8026654904372652
43,1,1,745035968362.82544,4.603929982399119e-07,1,1914273642468.9368,1.6660852931901317e-06,-2.2407110746991163
43,1,2,-312620884582.1579,7.232731458557159e-07,0,1914273642468.9368,1.6660852931901317e-06,-2.5911378887193934
43,2,0,369012154529.42279,2.8088790716205498e-07,0,1914273642468.9368,1.6660852931901317e-06,3.7855845752125603
43,2,1,-312620884582.1579,7.232731458557159e-07,0,1914273642468.9368,1.6660852931901317e-06,-2.4365356290344402
43,2,2,131177314421.06218,1.1362554285489425e-06,1,1914273642468.9368,1.6660852931901317e-06,-7.3298044735413503
44,0,0,433515334638.64807,4.6021165154125847e-07,1,744433772059.0813,2.2714253786120087e-06,0.049863331956940919
44,0,1,-154690834135.01672,6.5957766875882356e-07,0,744433772059.0813,2.2714253786120087e-06,-0.23270357579092538
44,0,2,-332954435738.97229,-6.3126773995199819e-07,0,744433772059.0813,2.2714253786120087e-06,-3.4720401719738958
44,1,0,-154690834135.01672,6.5957766875882356e-07,0,744433772059.0813,2.2714253786120087e-06,-1.1247808491962521
44,1,1,55198172367.612366,9.4531005390314943e-07,1,744433772059.0813,2.2714253786120087e-06,-2.8525569470131771
44,1,2,118807791277.66466,-9.0473612062136648e-07,0,744433772059.0813,2.2714253786120087e-06,1.2207912703233745
44,2,0,-332954435738.97229,-6.3126773995199819e-07,0,744433772059.0813,2.2714253786120087e-06,-4.1024699924717787
44,2,1,118807791277.66466,-9.0473612062136648e-07,0,744433772059.0813,2.2714253786120087e-06,0.50736588625904433
44,2,2,255720265052.82092,8.6590367316760085e-07,1,744433772059.0813,2.2714253786120087e-06,-1.1908252782817406
45,0,0,331390014558.90021,8.9147264736542128e-07,1,2030180514069.0076,1.5114137046303016e-06,-5.632596615494359
45,0,1,546127432659.16516,5.2898074428319219e-07,0,2030180514069.0076,1.5114137046303016e-06,5.7126637427998173
45,0,2,514496876241.52277,5.2234075822976044e-07,0,2030180514069.0076,1.5114137046303016e-06,4.8871577939257769
45,1,0,546127432659.16516,5.2898074428319219e-07,0,2030180514069.0076,1.5114137046303016e-06,4.4806615204814122
45,1,1,900012551977.12085,3.1388582549263501e-07,1,2030180514069.0076,1.5114137046303016e-06,-1.1591211884276271
45,1,2,847885711061.46716,3.0994580021541012e-07,0,2030180514069.0076,1.5114137046303016e-06,7.3705244744087306
45,2,0,514496876241.52277,5.2234075822976044e-07,0,2030180514069.0076,1.5114137046303016e-06,4.5457786677583094
45,2,1,847885711061.46716,3.0994580021541012e-07,0,2030180514069.0076,1.5114137046303016e-06,8.280850182214996
45,2,2,798777947532.98645,3.0605523177224522e-07,1,2030180514069.0076,1.5114137046303016e-06,-2.5188452011717755
46,0,0,565792272660.3833,3.5830521697902947e-07,1,1780645134027.4551,1.2905102713911451e-06,-2.7238979271244594
46,0,1,660357216887.02588,-3.0702173783207822e-07,0,1780645134027.4551,1.2905102713911451e-06,5.7571351836706901
46,0,2,501281066355.06049,-4.8964434724466248e-07,0,1780645134027.4551,1.2905102713911451e-06,4.1920326470470108
46,1,0,660357216887.02588,-3.0702173783207822e-07,0,1780645134027.4551,1.2905102713911451e-06,5.7439744589656181
46,1,1,770727482445.71826,2.6307835620195909e-07,1,1780645134027.4551,1.2905102713911451e-06,-1.792384177799615
46,1,2,585063787279.90466,4.1956257203898955e-07,0,1780645134027.4551,1.2905102713911451e-06,4.6987777369310137
46,2,0,501281066355.06049,-4.8964434724466248e-07,0,1780645134027.4551,1.2905102713911451e-06,4.1455147635598886
46,2,1,585063787279.90466,4.1956257203898955e-07,0,1780645134027.4551,1.2905102713911451e-06,5.7747128865040382
46,2,2,444125378921.35364,6.6912669821015644e-07,1,1780645134027.4551,1.2905102713911451e-06,-3.9093407810027312
47,0,0,861032542767.10168,3.7771943850593553e-07,1,2365819915782.9849,1.0264573885946657e-06,-3.1790087521371366
47,0,1,-955107558510.40662,-2.8376647904757212e-07,0,2365819915782.9849,1.0264573885946657e-06,-8.6736231071686944
47,0,2,-619225685665.56018,-4.0560759314138906e-07,0,2365819915782.9849,1.0264573885946657e-06,-5.8422433224323562
47,1,0,-955107558510.40662,-2.8376647904757212e-07,0,2365819915782.9849,1.0264573885946657e-06,-9.1230964939660737
47,1,1,1059461057525.2748,2.1318313653532241e-07,1,2365819915782.9849,1.0264573885946657e-06,-1.0660653073923294
47,1,2,686881277335.11133,3.047178059883817e-07,0,2365819915782.9849,1.0264573885946657e-06,5.5300420906044918
47,2,0,-619225685665.56018,-4.0560759314138906e-07,0,2365819915782.9849,1.0264573885946657e-06,-5.5409542621696435
47,2,1,686881277335.11133,3.047178059883817e-07,0,2365819915782.9849,1.0264573885946657e-06,6.5005146205280324
47,2,2,445326315490.60846,4.355548135534077e-07,1,2365819915782.9849,1.0264573885946657e-06,-6.3199039092230835
48,0,0,874352359472.21667,1.6091649820314898e-07,1,1403634998473.927,1.6224990500907031e-06,0.73933538624014927
48,0,1,282045714595.7821,-3.6969141545844665e-07,0,1403634998473.927,1.6224990500907031e-06,2.2497384675570746
48,0,2,-619055521837.08167,3.1388055597774411e-07,0,1403634998473.927,1.6224990500907031e-06,-4.2561290250780059
48,1,0,282045714595.7821,-3.6969141545844665e-07,0,1403634998473.927,1.6224990500907031e-06,2.5079190543292413
48,1,1,90981380973.071121,8.4933331379812018e-07,1,1403634998473.927,1.6224990500907031e-06,-5.3516787238789609
48,1,2,-199692898565.97296,-7.2111280272705828e-07,0,1403634998473.927,1.6224990500907031e-06,-2.0944820301992499
48,2,0,-619055521837.08167,3.1388055597774411e-07,0,1403634998473.927,1.6224990500907031e-06,-5.192631796496137
48,2,1,-199692898565.97296,-7.2111280272705828e-07,0,1403634998473.927,1.6224990500907031e-06,-1.3364353375828064
48,2,2,438301258028.63916,6.1224923808943401e-07,1,1403634998473.927,1.6224990500907031e-06,-2.2260961892124258
49,0,0,211373619713.88907,6.1474507539087314e-07,1,312656192062.96967,2.2807001913513611e-06,0.046050435703430814
49,0,1,138999696631.47656,-7.9041278447274188e-07,0,312656192062.96967,2.2807001913513611e-06,0.71790844457688974
49,0,2,45689695421.577255,6.3196940867496735e-07,0,312656192062.96967,2.2807001913513611e-06,0.73190922859181673
49,1,0,138999696631.47656,-7.9041278447274188e-07,0,312656192062.96967,2.2807001913513611e-06,1.1588344769087633
49,1,1,91406466378.325302,1.016278771262571e-06,1,312656192062.96967,2.2807001913513611e-06,-1.0420305046272971
49,1,2,30045631102.784657,-8.1255909157916482e-07,0,312656192062.96967,2.2807001913513611e-06,-1.1170673354482561
49,2,0,45689695421.577255,6.3196940867496735e-07,0,312656192062.96967,2.2807001913513611e-06,1.5626448123636916
49,2,1,30045631102.784657,-8.1255909157916482e-07,0,312656192062.96967,2.2807001913513611e-06,0.60756105427223162
49,2,2,9876105970.7552872,6.4967634469791688e-07,1,312656192062.96967,2.2807001913513611e-06,-1.5607787578984582
50,0,0,378892819779.89246,3.5498139606478055e-07,1,1651860110299.4243,1.1779595212878099e-06,-4.1139129404411134
50,0,1,419345187103.19836,-4.4974378844335682e-07,0,1651860110299.4243,1.1779595212878099e-06,3.6576515477354223
50,0,2,553595321734.11523,2.9978733892388419e-07,0,1651860110299.4243,1.1779595212878099e-06,4.8494626487026276
50,1,0,419345187103.19836,-4.4974378844335682e-07,0,1651860110299.4243,1.1779595212878099e-06,3.4338431781935199
50,1,1,464116438122.98151,5.698030304846476e-07,1,1651860110299.4243,1.1779595212878099e-06,-3.2085617687670172
50,1,2,612699744236.1344,-3.7981566084769019e-07,0,1651860110299.4243,1.1779595212878099e-06,5.4101507149257433
50,2,0,553595321734.11523,2.9978733892388419e-07,0,1651860110299.4243,1.1779595212878099e-06,4.4402984352680326
50,2,1,612699744236.1344,-3.7981566084769019e-07,0,1651860110299.4243,1.1779595212878099e-06,4.8898977182488865
50,2,2,808850852396.55054,2.5317509473838163e-07,1,1651860110299.4243,1.1779595212878099e-06,-0.19042053127578593
51,0,0,393673965477.78534,7.1918604099468043e-07,1,1668723877048.9458,1.5069504029476147e-06,-4.1111015211835413
51,0,1,-493117354221.05267,-5.6547784173668172e-07,0,1668723877048.9458,1.5069504029476147e-06,-5.2734851855426941
51,0,2,508713308098.33069,-4.9677353312596648e-07,0,1668723877048.9458,1.5069504029476147e-06,5.0260542572382922
51,1,0,-493117354221.05267,-5.6547784173668172e-07,0,1668723877048.9458,1.5069504029476147e-06,-4.7985011347045665
51,1,1,617680482728.52502,4.446209621267397e-07,1,1668723877048.9458,1.5069504029476147e-06,-2.3159863680784634
51,1,2,-637216027841.80957,3.9060049741156655e-07,0,1668723877048.9458,1.5069504029476147e-06,-6.1077757993466717
51,2,0,508713308098.33069,-4.9677353312596648e-07,0,1668723877048.9458,1.5069504029476147e-06,4.4364243456610817
51,2,1,-637216027841.80957,3.9060049741156655e-07,0,1668723877048.9458,1.5069504029476147e-06,-5.0102197428144528
51,2,2,657369428842.63538,3.4314339982619465e-07,1,1668723877048.9458,1.5069504029476147e-06,-1.9742441721972444
52,0,0,927406586154.62622,1.7523569629267392e-07,1,1969568266609.2361,1.2375666012711438e-06,-1.1578583402780376
52,0,1,871285063034.4856,-1.8316305848898911e-07,0,1969568266609.2361,1.2375666012711438e-06,7.5572966981695124
52,0,2,-455378902919.94293,-3.9065277399768678e-07,0,1969568266609.2361,1.2375666012711438e-06,-4.7182333316075207
52,1,0,871285063034.4856,-1.8316305848898911e-07,0,1969568266609.2361,1.2375666012711438e-06,7.1347784639395728
52,1,1,818559704449.23779,1.9144904094773425e-07,1,1969568266609.2361,1.2375666012711438e-06,-1.8388606609555278
52,1,2,-427821887463.95728,4.0832523513427318e-07,0,1969568266609.2361,1.2375666012711438e-06,-3.94552433357571
52,2,0,-455378902919.94293,-3.9065277399768678e-07,0,1969568266609.2361,1.2375666012711438e-06,-4.2320104363828115
52,2,1,-427821887463.95728,4.0832523513427318e-07,0,1969568266609.2361,1.2375666012711438e-06,-3.1839685145110397
52,2,2,223601976005.3721,8.7088186403073582e-07,1,1969568266609.2361,1.2375666012711438e-06,-6.7654694932317225
53,0,0,191552412768.14954,8.7556546204670286e-07,1,389348101617.83368,2.7914684002393601e-06,-0.81009786827909336
53,0,1,-130959948515.894,-9.1932801116444583e-07,0,389348101617.83368,2.7914684002393601e-06,-1.1721465841047323
53,0,2,144006018343.01776,-9.1232365375655699e-07,0,389348101617.83368,2.7914684002393601e-06,0.12668912102156293
53,1,0,-130959948515.894,-9.1932801116444583e-07,0,389348101617.83368,2.7914684002393601e-06,-2.1949931797307816
53,1,1,89534283945.794876,9.6527790182122818e-07,1,389348101617.83368,2.7914684002393601e-06,-1.217630795097796
53,1,2,-98453579757.342957,9.5792345233183523e-07,0,389348101617.83368,2.7914684002393601e-06,0.16565735152285155
53,2,0,144006018343.01776,-9.1232365375655699e-07,0,389348101617.83368,2.7914684002393601e-06,0.43389672495121839
53,2,1,-98453579757.342957,9.5792345233183523e-07,0,389348101617.83368,2.7914684002393601e-06,0.10205983509213221
53,2,2,108261404903.88927,9.5062503637142916e-07,1,389348101617.83368,2.7914684002393601e-06,-1.2275110252054908
54,0,0,754654198224.1377,5.52312416532053e-08,1,1369663092554.8716,1.2073401221027965e-06,-0.079798113571994733
54,0,1,-678582246939.94397,1.6186252920349211e-07,0,1369663092554.8716,1.2073401221027965e-06,-5.2225590641513229
54,0,2,60375311094.936737,-1.9347590451207059e-07,0,1369663092554.8716,1.2073401221027965e-06,1.4983195612346103
54,1,0,-678582246939.94397,1.6186252920349211e-07,0,1369663092554.8716,1.2073401221027965e-06,-5.0983871983794504
54,1,1,610178631412.44861,4.7435975683213463e-07,1,1369663092554.8716,1.2073401221027965e-06,-0.72671715717211527
54,1,2,-54289255077.240067,-5.6700697480045961e-07,0,1369663092554.8716,1.2073401221027965e-06,-0.090451570289888594
54,2,0,60375311094.936737,-1.9347590451207059e-07,0,1369663092554.8716,1.2073401221027965e-06,0.54036918568650916
54,2,1,-54289255077.240067,-5.6700697480045961e-07,0,1369663092554.8716,1.2073401221027965e-06,-1.150932244581877
54,2,2,4830262918.2853184,6.7774912361745662e-07,1,1369663092554.8716,1.2073401221027965e-06,-5.8359277459365622
55,0,0,773437028315.49377,4.9880693663580342e-07,1,2096064420916.5415,1.0031331339256787e-06,-2.4588853693111501
55,0,1,-820153157446.73865,6.97728438958073e-08,0,2096064420916.5415,1.0031331339256787e-06,-7.6588268851001002
55,0,2,-591876506065.38635,-4.9668214764579346e-07,0,2096064420916.5415,1.0031331339256787e-06,-6.0392160749378974
55,1,0,-820153157446.73865,6.97728438958073e-08,0,2096064420916.5415,1.0031331339256787e-06,-6.8367772530155237
55,1,1,869690972948.1853,9.759787580626963e-09,1,2096064420916.5415,1.0031331339256787e-06,-2.4542999416094258
55,1,2,627626254622.57837,-6.947562956372246e-08,0,2096064420916.5415,1.0031331339256787e-06,5.7789779249533755
55,2,0,-591876506065.38635,-4.9668214764579346e-07,0,2096064420916.5415,1.0031331339256787e-06,-6.3676728858332323
55,2,1,627626254622.57837,-6.947562956372246e-08,0,2096064420916.5415,1.0031331339256787e-06,4.5282249462502095
55,2,2,452936419652.86249,4.9456640970924823e-07,1,2096064420916.5415,1.0031331339256787e-06,-5.7707647630770396
56,0,0,805542558712.80542,2.1352466524008517e-08,1,1191070997100.4326,1.6147948260966311e-06,1.7636140437985786
56,0,1,-552039455774.53735,-1.2038479421976103e-07,0,1191070997100.4326,1.6147948260966311e-06,-5.0739199363496095
56,0,2,76236500335.954666,1.3975487813088083e-07,0,1191070997100.4326,1.6147948260966311e-06,0.82510146861481737
56,1,0,-552039455774.53735,-1.2038479421976103e-07,0,1191070997100.4326,1.6147948260966311e-06,-4.3300063568736142
56,1,1,378313420483.71777,6.7872714672279086e-07,1,1191070997100.4326,1.6147948260966311e-06,-1.7808671694682425
56,1,2,-52244981597.08062,-7.8793530602549894e-07,0,1191070997100.4326,1.6147948260966311e-06,-1.7282123381985366
56,2,0,76236500335.954666,1.3975487813088083e-07,0,1191070997100.4326,1.6147948260966311e-06,1.1765382263633672
56,2,1,-52244981597.08062,-7.8793530602549894e-07,0,1191070997100.4326,1.6147948260966311e-06,-1.0050680637586857
56,2,2,7215017903.9095697,9.1471521284983178e-07,1,1191070997100.4326,1.6147948260966311e-06,-5.2157911968927495
57,0,0,103901928576.57191,8.9777188300368774e-07,1,180164669679.01031,2.5802372924391151e-06,-0.18331846056966189
57,0,1,87993924378.771378,9.0032674287126349e-07,0,180164669679.01031,2.5802372924391151e-06,2.0848937603621374
57,0,2,13450470307.844732,8.3658944219266579e-07,0,180164669679.01031,2.5802372924391151e-06,0.38688244189464965
57,1,0,87993924378.771378,9.0032674287126349e-07,0,180164669679.01031,2.5802372924391151e-06,1.6801585771293261
57,1,1,74521530385.941574,9.0288887330396449e-07,1,180164669679.01031,2.5802372924391151e-06,-0.44845378498783206
57,1,2,11391123180.693985,8.3897019038935087e-07,0,180164669679.01031,2.5802372924391151e-06,-0.056300972665237814
57,2,0,13450470307.844732,8.3658944219266579e-07,0,180164669679.01031,2.5802372924391151e-06,0.42448349431751775
57,2,1,11391123180.693985,8.3897019038935087e-07,0,180164669679.01031,2.5802372924391151e-06,0.85716153745857149
57,2,2,1741210716.4968064,7.7957653613146272e-07,1,180164669679.01031,2.5802372924391151e-06,-0.83835870528435386
58,0,0,965754786406.82104,4.9677213597235434e-08,1,1675486028801.7034,1.1854698859327116e-06,0.9709621066918519
58,0,1,-36481428202.57473,2.0763101347478715e-07,0,1675486028801.7034,1.1854698859327116e-06,0.11723023906495081
58,0,2,-827100628582.53088,-1.1537927642872898e-07,0,1675486028801.7034,1.1854698859327116e-06,-7.7811578122050999
58,1,0,-36481428202.57473,2.0763101347478715e-07,0,1675486028801.7034,1.1854698859327116e-06,0.67165868112057892
58,1,1,1378087504.6463187,8.6781513363636741e-07,1,1675486028801.7034,1.1854698859327116e-06,-7.1298676287701168
58,1,2,31243761483.391087,-4.8223952923595135e-07,0,1675486028801.7034,1.1854698859327116e-06,-0.56898231996682669
58,2,0,-827100628582.53088,-1.1537927642872898e-07,0,1675486028801.7034,1.1854698859327116e-06,-7.4971193120934414
58,2,1,31243761483.391087,-4.8223952923595135e-07,0,1675486028801.7034,1.1854698859327116e-06,0.30420175090336099
58,2,2,708353154890.23596,2.6797753869910882e-07,1,1675486028801.7034,1.1854698859327116e-06,-1.4019959513772509
59,0,0,138255821081.00476,6.9211169309823536e-07,1,232720077036.94519,2.4210965380988931e-06,0.020173781306612459
59,0,1,59858116838.54438,-8.1100635524320383e-07,0,232720077036.94519,2.4210965380988931e-06,0.39284342644916126
59,0,2,-97351112569.594742,7.3411124509145713e-07,0,232720077036.94519,2.4210965380988931e-06,-0.09785539369213675
59,1,0,59858116838.54438,-8.1100635524320383e-07,0,232720077036.94519,2.4210965380988931e-06,-0.51035649702582564
59,1,1,25915683863.737904,9.5032538072075355e-07,1,232720077036.94519,2.4210965380988931e-06,-0.97237607812600091
59,1,2,-42148346630.113113,-8.6022081574652566e-07,0,232720077036.94519,2.4210965380988931e-06,-1.0369950553859764
59,2,0,-97351112569.594742,7.3411124509145713e-07,0,232720077036.94519,2.4210965380988931e-06,0.55739289955584814
59,2,1,-42148346630.113113,-8.6022081574652566e-07,0,232720077036.94519,2.4210965380988931e-06,-1.8041062806793873
59,2,2,68548572092.202522,7.7865946427990434e-07,1,232720077036.94519,2.4210965380988931e-06,-0.80339099683247595
60,0,0,709927323207.7948,1.3687928796418181e-07,1,1427322525827.7527,1.3186486500273202e-06,-0.60612802030559543
60,0,1,-554691065061.65479,-2.4791607753824123e-07,0,1427322525827.7527,1.3186486500273202e-06,-4.9542078620644316
60,0,2,-449017013284.42706,-3.1669759600467534e-07,0,1427322525827.7527,1.3186486500273202e-06,-5.3224841045732099
60,1,0,-554691065061.65479,-2.4791607753824123e-07,0,1427322525827.7527,1.3186486500273202e-06,-4.5951104651921764
60,1,1,433399543306.73761,4.4902616324268526e-07,1,1427322525827.7527,1.3186486500273202e-06,-2.6451843185926207
60,1,2,350832708063.8941,5.7360340585505611e-07,0,1427322525827.7527,1.3186486500273202e-06,2.7161262583153731
60,2,0,-449017013284.42706,-3.1669759600467534e-07,0,1427322525827.7527,1.3186486500273202e-06,-4.3898157982409156
60,2,1,350832708063.8941,5.7360340585505611e-07,0,1427322525827.7527,1.3186486500273202e-06,3.8422085575791889
60,2,2,283995659313.2204,7.3274319882045325e-07,1,1427322525827.7527,1.3186486500273202e-06,-4.1752894595440617
61,0,0,804308832319.45972,1.8596554405530475e-08,1,2501234880532.8159,7.0138346449096519e-07,-4.2150214918827658
61,0,1,974933208755.38293,-5.3423362826863939e-08,0,2501234880532.8159,7.0138346449096519e-07,8.1025915632746894
61,0,2,-643706335868.22217,-9.9214052558380471e-08,0,2501234880532.8159,7.0138346449096519e-07,-6.0280567059679537
61,1,0,974933208755.38293,-5.3423362826863939e-08,0,2501234880532.8159,7.0138346449096519e-07,8.6018583778943949
61,1,1,1181753479932.6245,1.5347228489176326e-07,1,2501234880532.8159,7.0138346449096519e-07,-0.71858907365766589
61,1,2,-780260838009.68909,2.8501776252560123e-07,0,2501234880532.8159,7.0138346449096519e-07,-6.8976617035463095
61,2,0,-643706335868.22217,-9.9214052558380471e-08,0,2501234880532.8159,7.0138346449096519e-07,-5.6557974611948776
61,2,1,-780260838009.68909,2.8501776252560123e-07,0,2501234880532.8159,7.0138346449096519e-07,-6.306217564480681
61,2,2,515172568280.73169,5.293146251936714e-07,1,2501234880532.8159,7.0138346449096519e-07,-6.4447508365406296
62,0,0,3970242556.717422,1.0003206396844356e-06,1,1931815152246.1833,1.2861566830156063e-06,-7.8471317456615628
62,0,1,55048951912.185013,5.2544507280571775e-07,0,1931815152246.1833,1.2861566830156063e-06,1.5788716522802428
62,0,2,67997241095.283524,9.9172421439122395e-08,0,1931815152246.1833,1.2861566830156063e-06,0.48840870226548605
62,1,0,55048951912.185013,5.2544507280571775e-07,0,1931815152246.1833,1.2861566830156063e-06,0.61182129245100858
62,1,1,763275055198.53369,2.760040266917846e-07,1,1931815152246.1833,1.2861566830156063e-06,-2.5223273158137802
62,1,2,942808103470.22083,5.2092957134062212e-08,0,1931815152246.1833,1.2861566830156063e-06,8.3309895819109965
62,2,0,67997241095.283524,9.9172421439122395e-08,0,1931815152246.1833,1.2861566830156063e-06,0.51772310651253473
62,2,1,942808103470.22083,5.2092957134062212e-08,0,1931815152246.1833,1.2861566830156063e-06,8.7466143287456131
62,2,2,1164569854490.9321,9.8320166393862862e-09,1,1931815152246.1833,1.2861566830156063e-06,0.84764948277884078
63,0,0,847511025969.98132,2.0597256384790652e-07,1,2371331148079.0688,6.9172212515737172e-07,-3.180052416874537
63,0,1,-653522773454.10815,-3.0025741469753857e-07,0,2371331148079.0688,6.9172212515737172e-07,-5.5791325613996046
63,0,2,929710890362.81897,-9.9481493002752729e-08,0,2371331148079.0688,6.9172212515737172e-07,7.8244448409977663
63,1,0,-653522773454.10815,-3.0025741469753857e-07,0,2371331148079.0688,6.9172212515737172e-07,-6.3762863644064769
63,1,1,503936824815.15826,4.3770157246487063e-07,1,2371331148079.0688,6.9172212515737172e-07,-6.3421248653847631
63,1,2,-716907769884.18591,1.4501958581879061e-07,0,2371331148079.0688,6.9172212515737172e-07,-5.0294144819530242
63,2,0,929710890362.81897,-9.9481493002752729e-08,0,2371331148079.0688,6.9172212515737172e-07,7.816756903282112
63,2,1,-716907769884.18591,1.4501958581879061e-07,0,2371331148079.0688,6.9172212515737172e-07,-6.8288785743495124
63,2,2,1019883297293.9294,4.8047988844594496e-08,1,2371331148079.0688,6.9172212515737172e-07,-1.9217488782901937
64,0,0,882251831438.09546,1.7524320639966049e-07,1,2757074814433.9419,3.5585441930889803e-07,-4.6047962067846013
64,0,1,894866351009.9425,-1.6430562183002595e-07,0,2757074814433.9419,3.5585441930889803e-07,7.6683456060839426
64,0,2,-923731684094.72083,-6.8224267654516009e-08,0,2757074814433.9419,3.5585441930889803e-07,-7.8622835204128485
64,1,0,894866351009.9425,-1.6430562183002595e-07,0,2757074814433.9419,3.5585441930889803e-07,7.6550221219984511
64,1,1,907661234167.73889,1.5405069286043264e-07,1,2757074814433.9419,3.5585441930889803e-07,-4.42997156999831
64,1,2,-936939286496.80859,6.3966135698913439e-08,0,2757074814433.9419,3.5585441930889803e-07,-8.9108338989139426
64,2,0,-923731684094.72083,-6.8224267654516009e-08,0,2757074814433.9419,3.5585441930889803e-07,-8.2231939274068857
64,2,1,-936939286496.80859,6.3966135698913439e-08,0,2757074814433.9419,3.5585441930889803e-07,-8.2252349617641087
64,2,2,967161748828.10754,2.6560520048804905e-08,1,2757074814433.9419,3.5585441930889803e-07,-3.3496489988100788
65,0,0,4585300899.714819,9.5457999137223062e-07,1,1198577088445.0952,1.8767700492469773e-06,-5.2277151913893576
65,0,1,8532024756.3137655,-9.3743358437627541e-07,0,1198577088445.0952,1.8767700492469773e-06,-0.71603555282909137
65,0,2,73498409310.961197,3.9018615724817336e-08,0,1198577088445.0952,1.8767700492469773e-06,0.20988847273958006
65,1,0,8532024756.3137655,-9.3743358437627541e-07,0,1198577088445.0952,1.8767700492469773e-06,-0.81133093832026359
65,1,1,15875827570.417126,9.2059516547511397e-07,1,1198577088445.0952,1.8767700492469773e-06,-5.2945988301783951
65,1,2,136760980687.17905,-3.8317753490448954e-08,0,1198577088445.0952,1.8767700492469773e-06,1.0105065881884256
65,2,0,73498409310.961197,3.9018615724817336e-08,0,1198577088445.0952,1.8767700492469773e-06,0.25094141485217564
65,2,1,136760980687.17905,-3.8317753490448954e-08,0,1198577088445.0952,1.8767700492469773e-06,1.4274499664051783
65,2,2,1178115959974.9631,1.5948923996326412e-09,1,1198577088445.0952,1.8767700492469773e-06,4.3410248845078394
66,0,0,139701374416.07166,9.8033627947069722e-07,1,2100435825203.2063,1.286827071716085e-06,-7.8475618331222474
66,0,1,-383503554929.32715,3.8008001219296849e-07,0,2100435825203.2063,1.286827071716085e-06,-3.8823803723510495
66,0,2,356149295937.07275,-3.9497243865017063e-07,0,2100435825203.2063,1.286827071716085e-06,3.0607642169791345
66,1,0,-383503554929.32715,3.8008001219296849e-07,0,2100435825203.2063,1.286827071716085e-06,-2.8688176152013822
66,1,1,1052781171682.6713,1.4735843066687721e-07,1,2100435825203.2063,1.286827071716085e-06,-0.59195392666798818
66,1,2,-977689171980.9115,-1.5313227964907786e-07,0,2100435825203.2063,1.286827071716085e-06,-8.323913236167968
66,2,0,356149295937.07275,-3.9497243865017063e-07,0,2100435825203.2063,1.286827071716085e-06,2.2260357525539773
66,2,1,-977689171980.9115,-1.5313227964907786e-07,0,2100435825203.2063,1.286827071716085e-06,-8.7883556828316607
66,2,2,907953279104.46338,1.5913236157851057e-07,1,2100435825203.2063,1.286827071716085e-06,-1.7181755700264136
67,0,0,832098376735.41284,1.2933439804428696e-07,1,2645709459186.7041,8.0886969887344543e-07,-4.918841262258451
67,0,1,727175621927.41394,-2.5479245928374597e-07,0,2645709459186.7041,8.0886969887344543e-07,6.3230113685808975
67,0,2,-990110323454.69104,-1.5155227406648607e-07,0,2645709459186.7041,8.0886969887344543e-07,-8.1223040936359236
67,1,0,727175621927.41394,-2.5479245928374597e-07,0,2645709459186.7041,8.0886969887344543e-07,6.2668003226412168
67,1,1,635483014881.13831,5.0194842431345748e-07,1,2645709459186.7041,8.0886969887344543e-07,-6.1297290668409126
67,1,2,-865263183254.41895,2.9856230982125763e-07,0,2645709459186.7041,8.0886969887344543e-07,-7.2182949906397731
67,2,0,-990110323454.69104,-1.5155227406648607e-07,0,2645709459186.7041,8.0886969887344543e-07,-8.8395525961010559
67,2,1,-865263183254.41895,2.9856230982125763e-07,0,2645709459186.7041,8.0886969887344543e-07,-7.4107107576683546
67,2,2,1178128067570.1528,1.7758687651570096e-07,1,2645709459186.7041,8.0886969887344543e-07,-1.5767630827279002
68,0,0,4979066290.0512943,1.141020834293013e-06,1,1759145276823.5366,1.5494017714103656e-06,-7.069149870145421
68,0,1,67579910562.967079,4.6447130196288713e-07,0,1759145276823.5366,1.5494017714103656e-06,1.1781169767299533
68,0,2,-64552811978.376816,-5.0023751082051468e-07,0,1759145276823.5366,1.5494017714103656e-06,-1.2070870854580955
68,1,0,67579910562.967079,4.6447130196288713e-07,0,1759145276823.5366,1.5494017714103656e-06,0.91823255704981566
68,1,1,917249147862.13452,1.8907068465649006e-07,1,1759145276823.5366,1.5494017714103656e-06,-0.32659223830027917
68,1,2,-876162920104.80408,-2.0362990837537333e-07,0,1759145276823.5366,1.5494017714103656e-06,-8.1987586641996959
68,2,0,-64552811978.376816,-5.0023751082051468e-07,0,1759145276823.5366,1.5494017714103656e-06,-1.2574182498485666
68,2,1,-876162920104.80408,-2.0362990837537333e-07,0,1759145276823.5366,1.5494017714103656e-06,-8.4401700514414486
68,2,2,836917062671.35083,2.1931025246086238e-07,1,1759145276823.5366,1.5494017714103656e-06,-0.60988869570651294
69,0,0,78403193163.619202,1.0410822183134231e-06,1,1506734543502.8711,1.7033558722104077e-06,-5.9037976275427049
69,0,1,-291720405325.28101,2.0267684915375487e-07,0,1506734543502.8711,1.7033558722104077e-06,-2.1664381618783604
69,0,2,-163966288849.73636,-8.0523500889287911e-07,0,1506734543502.8711,1.7033558722104077e-06,-2.3935399874039081
69,1,0,-291720405325.28101,2.0267684915375487e-07,0,1506734543502.8711,1.7033558722104077e-06,-2.4494035714091531
69,1,1,1085425114070.9263,3.9456927090197588e-08,1,1506734543502.8711,1.7033558722104077e-06,2.1073610293056455
69,1,2,610081175432.56433,-1.5676234937053891e-07,0,1506734543502.8711,1.7033558722104077e-06,5.607195128138887
69,2,0,-163966288849.73636,-8.0523500889287911e-07,0,1506734543502.8711,1.7033558722104077e-06,-2.2041243308332721
69,2,1,610081175432.56433,-1.5676234937053891e-07,0,1506734543502.8711,1.7033558722104077e-06,4.9414846944105761
69,2,2,342906236268.32562,6.2281672680678702e-07,1,1506734543502.8711,1.7033558722104077e-06,-4.2593605585848637
70,0,0,156877502.40948826,9.6476415473446973e-07,1,484439754723.12469,2.2057793116972832e-06,-2.1788948314215388
70,0,1,-1411222455.8910282,9.473816404185567e-07,0,484439754723.12469,2.2057793116972832e-06,0.41520445477294493
70,0,2,8601252200.584259,-5.4749882768617751e-07,0,484439754723.12469,2.2057793116972832e-06,-0.36661770199128046
70,1,0,-1411222455.8910282,9.473816404185567e-07,0,484439754723.12469,2.2057793116972832e-06,0.51497149376903206
70,1,1,12694929415.772318,9.3031231332302289e-07,1,484439754723.12469,2.2057793116972832e-06,-1.9194931756986617
70,1,2,-77374257416.227722,-5.376343378380654e-07,0,484439754723.12469,2.2057793116972832e-06,-0.8631781448869098
70,2,0,8601252200.584259,-5.4749882768617751e-07,0,484439754723.12469,2.2057793116972832e-06,-0.15865841510857523
70,2,1,-77374257416.227722,-5.376343378380654e-07,0,484439754723.12469,2.2057793116972832e-06,-1.3956696060150677
70,2,2,471587947804.94287,3.107028436397906e-07,1,484439754723.12469,2.2057793116972832e-06,1.5262518725628378
71,0,0,990134234852.87305,1.8852940616715361e-09,1,3068328038561.7803,2.0803650356426924e-08,-4.3617459335838449
71,0,1,1083652892291.3412,5.7660909010762531e-09,0,3068328038561.7803,2.0803650356426924e-08,9.2160393931037383
71,0,2,-939886823367.53259,1.5552686261910854e-09,0,3068328038561.7803,2.0803650356426924e-08,-8.2431116565288942
71,1,0,1083652892291.3412,5.7660909010762531e-09,0,3068328038561.7803,2.0803650356426924e-08,8.8398063099735555
71,1,1,1186004432162.5566,1.7635341327069287e-08,1,3068328038561.7803,2.0803650356426924e-08,-2.7103437847870375
71,1,2,-1028659588485.0818,4.7567222835565229e-09,0,3068328038561.7803,2.0803650356426924e-08,-9.2865841664703801
71,2,0,-939886823367.53259,1.5552686261910854e-09,0,3068328038561.7803,2.0803650356426924e-08,-7.969013589807
71,2,1,-1028659588485.0818,4.7567222835565229e-09,0,3068328038561.7803,2.0803650356426924e-08,-9.8948236649280403
71,2,2,892189371546.35046,1.2830149676861021e-09,1,3068328038561.7803,2.0803650356426924e-08,-5.2062307936503895
72,0,0,580616448002.72632,1.2672435277563881e-07,1,1421284705658.4604,1.1742233678720031e-06,-1.6137333766161137
72,0,1,-564224436806.1394,-1.9681029530536577e-07,0,1421284705658.4604,1.1742233678720031e-06,-4.9009910774863279
72,0,2,-412015294157.27753,3.0660942970336151e-07,0,1421284705658.4604,1.1742233678720031e-06,-3.3362491890851249
72,1,0,-564224436806.1394,-1.9681029530536577e-07,0,1421284705658.4604,1.1742233678720031e-06,-5.26990109523949
72,1,1,548295206214.53412,3.0565784310426145e-07,1,1421284705658.4604,1.1742233678720031e-06,-1.2196194452605669
72,1,2,400383244568.90723,-4.7618228920975592e-07,0,1421284705658.4604,1.1742233678720031e-06,2.4097064591454735
72,2,0,-412015294157.27753,3.0660942970336151e-07,0,1421284705658.4604,1.1742233678720031e-06,-3.2698197923076116
72,2,1,400383244568.90723,-4.7618228920975592e-07,0,1421284705658.4604,1.1742233678720031e-06,3.5839903931706432
72,2,2,292373051441.20001,7.4184117199210289e-07,1,1421284705658.4604,1.1742233678720031e-06,-3.5882833086022985
73,0,0,557446038290.43909,1.4309633965052603e-07,1,1497542049702.0361,1.1700918444911341e-06,-2.0775117343541027
73,0,1,475219769073.69427,-2.5343163756213667e-07,0,1497542049702.0361,1.1700918444911341e-06,3.9402153425877593
73,0,2,546094285133.60474,2.8763119208946889e-07,0,1497542049702.0361,1.1700918444911341e-06,4.5125976546100697
73,1,0,475219769073.69427,-2.5343163756213667e-07,0,1497542049702.0361,1.1700918444911341e-06,4.0234785554664301
73,1,1,405122313921.24811,4.4884163406474724e-07,1,1497542049702.0361,1.1700918444911341e-06,-3.0166916791393725
73,1,2,465542460162.65363,-5.0941096189608653e-07,0,1497542049702.0361,1.1700918444911341e-06,3.7480194517349963
73,2,0,546094285133.60474,2.8763119208946889e-07,0,1497542049702.0361,1.1700918444911341e-06,4.9417116546936564
73,2,1,465542460162.65363,-5.0941096189608653e-07,0,1497542049702.0361,1.1700918444911341e-06,3.4917825823939492
73,2,2,534973697490.34888,5.7815387077586088e-07,1,1497542049702.0361,1.1700918444911341e-06,-1.9738147682984919
74,0,0,929088024310.73145,2.658486691538799e-08,1,1837008401516.2375,8.7332396162375576e-07,0.10613973552904238
74,0,1,243601021742.83957,1.3676436267642141e-07,0,1837008401516.2375,8.7332396162375576e-07,1.3048063436074573
74,0,2,885548695270.43091,-6.1692424547835179e-08,0,1837008401516.2375,8.7332396162375576e-07,7.8095535545933794
74,1,0,243601021742.83957,1.3676436267642141e-07,0,1837008401516.2375,8.7332396162375576e-07,2.1147498059846037
74,1,1,63870651909.628723,7.0357662341582376e-07,1,1837008401516.2375,8.7332396162375576e-07,-6.9730148087769352
74,1,2,232185284199.47449,-3.1737323162464869e-07,0,1837008401516.2375,8.7332396162375576e-07,1.8286784692495239
74,2,0,885548695270.43091,-6.1692424547835179e-08,0,1837008401516.2375,8.7332396162375576e-07,8.4585308336089504
74,2,1,232185284199.47449,-3.1737323162464869e-07,0,1837008401516.2375,8.7332396162375576e-07,0.82847458536748964
74,2,2,844049725295.87756,1.4316247129254401e-07,1,1837008401516.2375,8.7332396162375576e-07,-0.76875959629901613
75,0,0,108705790794.88805,9.0162152847716302e-07,1,1505698524136.7847,1.9171812541269237e-06,-5.6731503609958098
75,0,1,137011277518.87206,-9.4386378754921744e-07,0,1505698524136.7847,1.9171812541269237e-06,1.1023193570469891
75,0,2,-364813801336.0921,1.5739016059916639e-07,0,1505698524136.7847,1.9171812541269237e-06,-3.842049916985899
75,1,0,137011277518.87206,-9.4386378754921744e-07,0,1505698524136.7847,1.9171812541269237e-06,0.39060275850137005
75,1,1,172687122094.29181,9.8808515691883133e-07,1,1505698524136.7847,1.9171812541269237e-06,-5.0959729394300268
75,1,2,-459806277219.26733,-1.6476411489088741e-07,0,1505698524136.7847,1.9171812541269237e-06,-4.429779869252771
75,2,0,-364813801336.0921,1.5739016059916639e-07,0,1505698524136.7847,1.9171812541269237e-06,-2.5583706899027168
75,2,1,-459806277219.26733,-1.6476411489088741e-07,0,1505698524136.7847,1.9171812541269237e-06,-4.3576744171501653
75,2,2,1224305611247.605,2.7474568730929351e-08,1,1505698524136.7847,1.9171812541269237e-06,3.9824002533529042
76,0,0,107134443712.02075,9.5060713840586294e-07,1,1055363882256.8015,1.8124582126320611e-06,-3.4042814103072514
76,0,1,57446892703.00621,-8.9401501799959278e-07,0,1055363882256.8015,1.8124582126320611e-06,0.23504791124855123
76,0,2,-313508991782.73364,-1.4148827157532538e-07,0,1055363882256.8015,1.8124582126320611e-06,-2.6371841198680048
76,1,0,57446892703.00621,-8.9401501799959278e-07,0,1055363882256.8015,1.8124582126320611e-06,-0.69261899551948403
76,1,1,30803776702.304596,8.4079197401057792e-07,1,1055363882256.8015,1.8124582126320611e-06,-4.5644049015162
76,1,2,-168107629893.35028,1.3306510602399832e-07,0,1055363882256.8015,1.8124582126320611e-06,-1.1196770697084149
76,2,0,-313508991782.73364,-1.4148827157532538e-07,0,1055363882256.8015,1.8124582126320611e-06,-2.5840667935598529
76,2,1,-168107629893.35028,1.3306510602399832e-07,0,1055363882256.8015,1.8124582126320611e-06,-0.78261723572873176
76,2,2,917425661842.4762,2.1059100215620216e-08,1,1055363882256.8015,1.8124582126320611e-06,2.6202551912531793
77,0,0,998764845925.41663,8.0557561549732914e-08,1,1930979164667.457,1.2128761794192135e-06,-0.35553608995241059
77,0,1,-934649889354.73254,-1.1884663318889105e-08,0,1930979164667.457,1.2128761794192135e-06,-7.8892403166977871
77,0,2,239775884435.96127,3.0178731174574892e-07,0,1930979164667.457,1.2128761794192135e-06,1.9994748259016843
77,1,0,-934649889354.73254,-1.1884663318889105e-08,0,1930979164667.457,1.2128761794192135e-06,-7.8826978650308561
77,1,1,874650744101.22766,1.7533453034840087e-09,1,1930979164667.457,1.2128761794192135e-06,-0.97107895605205918
77,1,2,-224383652240.3389,-4.4522705566213159e-08,0,1930979164667.457,1.2128761794192135e-06,-1.8127764033902072
77,2,0,239775884435.96127,3.0178731174574892e-07,0,1930979164667.457,1.2128761794192135e-06,2.2025185633824913
77,2,1,-224383652240.3389,-4.4522705566213159e-08,0,1930979164667.457,1.2128761794192135e-06,-2.0032686574091612
77,2,2,57563574640.812637,1.1305652725659966e-06,1,1930979164667.457,1.2128761794192135e-06,-7.461541860119115
78,0,0,948311025978.36243,3.4591610464775592e-08,1,2614487399877.9258,6.9932751116431568e-07,-3.4259729845286739
78,0,1,-946565808706.43591,9.1432140005353248e-08,0,2614487399877.9258,6.9932751116431568e-07,-7.2958448253281736
78,0,2,827083185889.7467,-1.2097292719030867e-07,0,2614487399877.9258,6.9932751116431568e-07,6.7817530557578483
78,1,0,-946565808706.43591,9.1432140005353248e-08,0,2614487399877.9258,6.9932751116431568e-07,-8.7698513087571222
78,1,1,944823803232.37195,2.4167236256523193e-07,1,2614487399877.9258,6.9932751116431568e-07,-3.5508062317946441
78,1,2,-825561069388.10046,-3.1975422557977924e-07,0,2614487399877.9258,6.9932751116431568e-07,-7.8345513581490644
78,2,0,827083185889.7467,-1.2097292719030867e-07,0,2614487399877.9258,6.9932751116431568e-07,6.2480285075965689
78,2,1,-825561069388.10046,-3.1975422557977924e-07,0,2614487399877.9258,6.9932751116431568e-07,-7.8529412822868272
78,2,2,721352570667.19128,4.2306353813430814e-07,1,2614487399877.9258,6.9932751116431568e-07,-5.3053604263322374
79,0,0,74923739830.886139,9.6736178923920616e-07,1,412990426468.27649,2.6176626446649776e-06,-1.4155197576065941
79,0,1,-24724434848.913349,-9.8282556021985831e-07,0,412990426468.27649,2.6176626446649776e-06,-0.80862565038345724
79,0,2,-157219346126.71365,7.9403520480277722e-07,0,412990426468.27649,2.6176626446649776e-06,-1.3172081799128641
79,1,0,-24724434848.913349,-9.8282556021985831e-07,0,412990426468.27649,2.6176626446649776e-06,-0.58655354485584121
79,1,1,8158931734.8272963,9.9853652745697014e-07,1,412990426468.27649,2.6176626446649776e-06,-1.530701465431302
79,1,2,51881546343.956902,-8.0672826203765333e-07,0,412990426468.27649,2.6176626446649776e-06,-0.27820493475242808
79,2,0,-157219346126.71365,7.9403520480277722e-07,0,412990426468.27649,2.6176626446649776e-06,-0.052995182932394358
79,2,1,51881546343.956902,-8.0672826203765333e-07,0,412990426468.27649,2.6176626446649776e-06,-0.091290667903137432
79,2,2,329907754902.56311,6.5176432796880127e-07,1,412990426468.27649,2.6176626446649776e-06,1.1064802499975293
80,0,0,511927044880.21576,3.6387406587125329e-07,1,1119017201279.3516,1.8539486952840589e-06,-0.56846005815817402
80,0,1,-553446297941.26135,3.6166448523448661e-07,0,1119017201279.3516,1.8539486952840589e-06,-5.3325696536683225
80,0,2,66955694577.758888,-6.4140339411022169e-07,0,1119017201279.3516,1.8539486952840589e-06,0.090779871147198224
80,1,0,-553446297941.26135,3.6166448523448661e-07,0,1119017201279.3516,1.8539486952840589e-06,-4.1269058900724618
80,1,1,598332922177.53076,3.5946832200513718e-07,1,1119017201279.3516,1.8539486952840589e-06,-0.09985141488947713
80,1,2,-72386059030.769028,-6.375085506659961e-07,0,1119017201279.3516,1.8539486952840589e-06,-1.1651466493009162
80,2,0,66955694577.758888,-6.4140339411022169e-07,0,1119017201279.3516,1.8539486952840589e-06,0.65274644523500935
80,2,1,-72386059030.769028,-6.375085506659961e-07,0,1119017201279.3516,1.8539486952840589e-06,-1.4739992432782907
80,2,2,8757234221.6049747,1.1306063074076684e-06,1,1119017201279.3516,1.8539486952840589e-06,-4.7095808134896586
81,0,0,498688944497.36255,3.8617824449016914e-07,1,1209227966758.2871,1.8467406632801558e-06,-1.278179137156163
81,0,1,-125953126047.15038,-6.2529576435073258e-07,0,1209227966758.2871,1.8467406632801558e-06,-1.7664903257219704
81,0,2,581784981822.69971,-4.1598393952370966e-07,0,1209227966758.2871,1.8467406632801558e-06,4.8110534478060325
81,1,0,-125953126047.15038,-6.2529576435073258e-07,0,1209227966758.2871,1.8467406632801558e-06,-1.2558944922044719
81,1,1,31811793977.183811,1.0124723453315103e-06,1,1209227966758.2871,1.8467406632801558e-06,-4.8872567189222851
81,1,2,-146940568778.22192,6.735568332325583e-07,0,1209227966758.2871,1.8467406632801558e-06,-1.1361644537471309
81,2,0,581784981822.69971,-4.1598393952370966e-07,0,1209227966758.2871,1.8467406632801558e-06,4.3241613606307219
81,2,1,-146940568778.22192,6.735568332325583e-07,0,1209227966758.2871,1.8467406632801558e-06,-1.1271622004546895
81,2,2,678727228283.74072,4.4809007345847637e-07,1,1209227966758.2871,1.8467406632801558e-06,0.27831955622074783
82,0,0,191976393301.54843,1.0677724668786572e-06,1,981098630000.1582,2.1903530025530661e-06,-2.7084501076967928
82,0,1,-164439990272.40173,-9.2229310650376779e-07,0,981098630000.1582,2.1903530025530661e-06,-2.5729957924638818
82,0,2,-352778018695.41467,-5.8994577169656683e-07,0,981098630000.1582,2.1903530025530661e-06,-3.8616284926084008
82,1,0,-164439990272.40173,-9.2229310650376779e-07,0,981098630000.1582,2.1903530025530661e-06,-2.8898493181771796
82,1,1,140853309804.1564,7.9663467704026893e-07,1,981098630000.1582,2.1903530025530661e-06,-3.2242783905052415
82,1,2,302176809163.56317,5.0956822293547821e-07,0,981098630000.1582,2.1903530025530661e-06,3.0626088152414082
82,2,0,-352778018695.41467,-5.8994577169656683e-07,0,981098630000.1582,2.1903530025530661e-06,-4.158812337412094
82,2,1,302176809163.56317,5.0956822293547821e-07,0,981098630000.1582,2.1903530025530661e-06,3.0941100464628182
82,2,2,648268926894.45337,3.2594585863413999e-07,1,981098630000.1582,2.1903530025530661e-06,1.1466241267492037
83,0,0,23086004906.798943,1.1558141499657321e-06,1,588519041701.80078,2.442658177119489e-06,-2.6523990189738051
83,0,1,-97451107754.115158,-7.4047508455482297e-07,0,588519041701.80078,2.442658177119489e-06,-0.84647811979838727
83,0,2,-59639512568.526855,-9.690455017886035e-07,0,588519041701.80078,2.442658177119489e-06,-1.4444757869351741
83,1,0,-97451107754.115158,-7.4047508455482297e-07,0,588519041701.80078,2.442658177119489e-06,-1.360985926635264
83,1,1,411362574028.87994,4.7438712431642112e-07,1,588519041701.80078,2.442658177119489e-06,0.46804932308801361
83,1,2,251751508724.95795,6.2082130582642669e-07,0,588519041701.80078,2.442658177119489e-06,3.3662557533443787
83,2,0,-59639512568.526855,-9.690455017886035e-07,0,588519041701.80078,2.442658177119489e-06,-1.2280272832166221
83,2,1,251751508724.95795,6.2082130582642669e-07,0,588519041701.80078,2.442658177119489e-06,2.1989784635812466
83,2,2,154070462766.12183,8.1245690283733579e-07,1,588519041701.80078,2.442658177119489e-06,-1.9203717940015304
84,0,0,925434811201.33093,4.3179399921702748e-09,1,1178190266202.2458,1.5959011925766724e-06,1.9335232964715439
84,0,1,-6995032726.8612795,-6.2988212582362305e-08,0,1178190266202.2458,1.5959011925766724e-06,-0.9004004559519212
84,0,2,483590494422.73816,5.3896623761439836e-08,0,1178190266202.2458,1.5959011925766724e-06,4.3453220416407685
84,1,0,-6995032726.8612795,-6.2988212582362305e-08,0,1178190266202.2458,1.5959011925766724e-06,-0.55337855800219526
84,1,1,52872965.505093135,9.1884438679443534e-07,1,1178190266202.2458,1.5959011925766724e-06,-5.1403533118442164
84,1,2,-3655288621.0265517,-7.8622028122508892e-07,0,1178190266202.2458,1.5959011925766724e-06,-0.98104662972452694
84,2,0,483590494422.73816,5.3896623761439836e-08,0,1178190266202.2458,1.5959011925766724e-06,3.9783908146457381
84,2,1,-3655288621.0265517,-7.8622028122508892e-07,0,1178190266202.2458,1.5959011925766724e-06,-0.87869690898050101
84,2,2,252702582035.40982,6.7273886579006679e-07,1,1178190266202.2458,1.5959011925766724e-06,-2.888196141393006
85,0,0,263337895291.86298,8.564126420540339e-07,1,1247047725132.063,1.5699551306961083e-06,-2.881985308376426
85,0,1,-428300233152.4519,-2.5203715337168967e-07,0,1247047725132.063,1.5699551306961083e-06,-3.8218144885392147
85,0,2,-274967246139.5907,-7.3997573016691891e-07,0,1247047725132.063,1.5699551306961083e-06,-3.4680071861203672
85,1,0,-428300233152.4519,-2.5203715337168967e-07,0,1247047725132.063,1.5699551306961083e-06,-3.6963504696700324
85,1,1,696599665289.84753,7.4173037109016383e-08,1,1247047725132.063,1.5699551306961083e-06,0.26190404735119877
85,1,2,447214539708.95056,2.1777046185131023e-07,0,1247047725132.063,1.5699551306961083e-06,4.2589801223158208
85,2,0,-274967246139.5907,-7.3997573016691891e-07,0,1247047725132.063,1.5699551306961083e-06,-3.294538882659543
85,2,1,447214539708.95056,2.1777046185131023e-07,0,1247047725132.063,1.5699551306961083e-06,4.4582571889965728
85,2,2,287110164550.35242,6.3936945153305796e-07,1,1247047725132.063,1.5699551306961083e-06,-2.9803797801677225
86,0,0,28844678451.685604,9.6518543857626997e-07,1,1312560166896.4922,1.7893411431652144e-06,-6.3386901419153858
86,0,1,47375963677.70372,8.7698011308539796e-07,0,1312560166896.4922,1.7893411431652144e-06,1.4141079203584619
86,0,2,-186504366043.39285,-1.6238524083652966e-07,0,1312560166896.4922,1.7893411431652144e-06,-2.6401171157674233
86,1,0,47375963677.70372,8.7698011308539796e-07,0,1312560166896.4922,1.7893411431652144e-06,1.4229076389414548
86,1,1,77812686945.031296,7.9683560071291185e-07,1,1312560166896.4922,1.7893411431652144e-06,-5.2399808916371233
86,1,2,-306324235376.89313,-1.4754535364964076e-07,0,1312560166896.4922,1.7893411431652144e-06,-2.2818124845250871
86,2,0,-186504366043.39285,-1.6238524083652966e-07,0,1312560166896.4922,1.7893411431652144e-06,-1.8246222632812712
86,2,1,-306324235376.89313,-1.4754535364964076e-07,0,1312560166896.4922,1.7893411431652144e-06,-3.2365096568826752
86,2,2,1205902801499.7754,2.7320103876032558e-08,1,1312560166896.4922,1.7893411431652144e-06,4.136380320983525
87,0,0,398378744730.06946,6.3153169537274998e-07,1,1500171367688.3208,1.3336866962905186e-06,-2.8566661995816531
87,0,1,632853958828.23828,1.5592641379400263e-07,0,1500171367688.3208,1.3336866962905186e-06,5.7394575060822319
87,0,2,-196027112620.64108,6.4739484986011017e-07,0,1500171367688.3208,1.3336866962905186e-06,-1.271798904798269
87,1,0,632853958828.23828,1.5592641379400263e-07,0,1500171367688.3208,1.3336866962905186e-06,6.0697688472463325
87,1,1,1005335095063.729,3.8498537281344542e-08,1,1500171367688.3208,1.3336866962905186e-06,1.8150838138300103
87,1,2,-311403497050.77496,1.5984305773887132e-07,0,1500171367688.3208,1.3336866962905186e-06,-2.6326878178267568
87,2,0,-196027112620.64108,6.4739484986011017e-07,0,1500171367688.3208,1.3336866962905186e-06,-0.60685782937391242
87,2,1,-311403497050.77496,1.5984305773887132e-07,0,1500171367688.3208,1.3336866962905186e-06,-1.9162647517285332
87,2,2,96457527894.52243,6.6365646363642406e-07,1,1500171367688.3208,1.3336866962905186e-06,-5.6242525429953822
88,0,0,781861721260.46973,2.1270295960375043e-07,1,2061138290260.5315,1.1230060289267721e-06,-2.5566417451218335
88,0,1,-217953899812.6488,4.2894328351972896e-07,0,2061138290260.5315,1.1230060289267721e-06,-0.89911180436723737
88,0,2,-976070426640.94385,9.8141818327857014e-08,0,2061138290260.5315,1.1230060289267721e-06,-8.0326134012595674
88,1,0,-217953899812.6488,4.2894328351972896e-07,0,2061138290260.5315,1.1230060289267721e-06,-1.2573779688381503
88,1,1,60757421871.17086,8.6502012392987131e-07,1,2061138290260.5315,1.1230060289267721e-06,-8.6638648446802549
88,1,2,272092046705.17169,1.9791578773784696e-07,0,2061138290260.5315,1.1230060289267721e-06,2.6311592081296444
88,2,0,-976070426640.94385,9.8141818327857014e-08,0,2061138290260.5315,1.1230060289267721e-06,-8.8980599671126495
88,2,1,272092046705.17169,1.9791578773784696e-07,0,2061138290260.5315,1.1230060289267721e-06,2.493622410017863
88,2,2,1218519147128.8909,4.5282945393150331e-08,1,2061138290260.5315,1.1230060289267721e-06,1.3180942358344485
89,0,0,179875696247.28851,5.9215409190496157e-07,1,949005158978.92432,1.7128712625974961e-06,-2.7919581569693008
89,0,1,-371779885038.48438,-2.8914143374980375e-07,0,949005158978.92432,1.7128712625974961e-06,-3.7406430595700439
89,0,2,-11287811742.196424,7.6159995390155019e-07,0,949005158978.92432,1.7128712625974961e-06,1.0778854154952242
89,1,0,-371779885038.48438,-2.8914143374980375e-07,0,949005158978.92432,1.7128712625974961e-06,-4.3028789287166003
89,1,1,768421114152.11401,1.4118414421817432e-07,1,949005158978.92432,1.7128712625974961e-06,2.2245263883697093
89,1,2,23330452303.464542,-3.7187972797158605e-07,0,949005158978.92432,1.7128712625974961e-06,-0.94183649603594444
89,2,0,-11287811742.196424,7.6159995390155019e-07,0,949005158978.92432,1.7128712625974961e-06,0.67796922623974432
89,2,1,23330452303.464542,-3.7187972797158605e-07,0,949005158978.92432,1.7128712625974961e-06,-0.49639979780921972
89,2,2,708348579.52183282,9.795330264743601e-07,1,949005158978.92432,1.7128712625974961e-06,-3.8600044676748761
90,0,0,17309599312.184299,9.6657543395399491e-07,1,1182377466911.6416,1.7764414073371761e-06,-4.9954881047906721
90,0,1,-90057096209.190994,-7.1449137110278251e-07,0,1182377466911.6416,1.7764414073371761e-06,-1.2518738402703145
90,0,2,-109802447067.52263,-5.218224173864982e-07,0,1182377466911.6416,1.7764414073371761e-06,-1.8448189400904325
90,1,0,-90057096209.190994,-7.1449137110278251e-07,0,1182377466911.6416,1.7764414073371761e-06,-1.6673615014667207
90,1,1,468542363769.36951,5.2815114211213413e-07,1,1182377466911.6416,1.7764414073371761e-06,-1.3181421506177973
90,1,2,571272007007.34521,3.8573048866498828e-07,0,1182377466911.6416,1.7764414073371761e-06,5.6328200193883342
90,2,0,-109802447067.52263,-5.218224173864982e-07,0,1182377466911.6416,1.7764414073371761e-06,-0.071797719330406684
90,2,1,571272007007.34521,3.8573048866498828e-07,0,1182377466911.6416,1.7764414073371761e-06,5.4672753343448095
90,2,2,696525503830.08765,2.8171483127104705e-07,1,1182377466911.6416,1.7764414073371761e-06,0.71339521907532988
91,0,0,68919663262.32164,9.4060496990259351e-07,1,111877127559.39117,2.7361737935961027e-06,-0.64458767076371404
91,0,1,-5710526345.6899891,9.443936690270605e-07,0,111877127559.39117,2.7361737935961027e-06,0.088564132465238865
91,0,2,54111032727.276764,8.9277183942476349e-07,0,111877127559.39117,2.7361737935961027e-06,1.0298686852543748
91,1,0,-5710526345.6899891,9.443936690270605e-07,0,111877127559.39117,2.7361737935961027e-06,0.14956231381635543
91,1,1,473161208.29985827,9.4819762879921164e-07,1,111877127559.39117,2.7361737935961027e-06,-0.43570452048266251
91,1,2,-4483516943.5678129,8.9636786963362747e-07,0,111877127559.39117,2.7361737935961027e-06,0.48534439988477923
91,2,0,54111032727.276764,8.9277183942476349e-07,0,111877127559.39117,2.7361737935961027e-06,1.8103714638143269
91,2,1,-4483516943.5678129,8.9636786963362747e-07,0,111877127559.39117,2.7361737935961027e-06,1.3559525460676245
91,2,2,42484303088.769676,8.4737119489429764e-07,1,111877127559.39117,2.7361737935961027e-06,-0.52195222886117976
92,0,0,166538334811.02118,1.0100209573107778e-06,1,787860638079.87903,2.1988852892443632e-06,-1.9493339059883248
92,0,1,-135430883845.55515,-8.5806048241641177e-07,0,787860638079.87903,2.1988852892443632e-06,-1.9077610256693081
92,0,2,291774668996.73737,-6.8154977746861092e-07,0,787860638079.87903,2.1988852892443632e-06,2.2828596589000325
92,1,0,-135430883845.55515,-8.5806048241641177e-07,0,787860638079.87903,2.1988852892443632e-06,-1.6593546766368692
92,1,1,110133947958.59604,7.2896288552767111e-07,1,787860638079.87903,2.1988852892443632e-06,-2.8399549180959016
92,1,2,-237274507102.59769,5.7900870928717892e-07,0,787860638079.87903,2.1988852892443632e-06,-1.4083174894605173
92,2,0,291774668996.73737,-6.8154977746861092e-07,0,787860638079.87903,2.1988852892443632e-06,2.8152361230562351
92,2,1,-237274507102.59769,5.7900870928717892e-07,0,787860638079.87903,2.1988852892443632e-06,-1.3128369164006641
92,2,2,511188355310.26184,4.5990144640591437e-07,1,787860638079.87903,2.1988852892443632e-06,0.61718955332836578
93,0,0,474450180891.52673,6.4648284067732585e-07,1,1058884101401.1008,1.8302505330406983e-06,-0.66707156817637658
93,0,1,165247104723.96832,7.699839833245527e-07,0,1058884101401.1008,1.8302505330406983e-06,1.6095076561320254
93,0,2,499978173208.84869,4.1522303149605115e-07,0,1058884101401.1008,1.8302505330406983e-06,4.2958053827131124
93,1,0,165247104723.96832,7.699839833245527e-07,0,1058884101401.1008,1.8302505330406983e-06,2.2247335081460515
93,1,1,57554210577.690239,9.1707822276486775e-07,1,1058884101401.1008,1.8302505330406983e-06,-4.5354012762024283
93,1,2,174138294968.48761,4.9454535162055864e-07,0,1058884101401.1008,1.8302505330406983e-06,1.5836693958127428
93,2,0,499978173208.84869,4.1522303149605115e-07,0,1058884101401.1008,1.8302505330406983e-06,5.3328402162021575
93,2,1,174138294968.48761,4.9454535162055864e-07,0,1058884101401.1008,1.8302505330406983e-06,2.8138821436973309
93,2,2,526879709931.88397,2.6668946959850479e-07,1,1058884101401.1008,1.8302505330406983e-06,-0.98825703857464942
94,0,0,473038975031.74207,6.0911009794046948e-07,1,1917458581862.5513,8.9663028039740601e-07,-3.7342253408936017
94,0,1,-602319890614.01147,-1.2135528198598876e-07,0,1917458581862.5513,8.9663028039740601e-07,-5.5268766082664538
94,0,2,-566107339381.60803,4.0050510861948741e-07,0,1917458581862.5513,8.9663028039740601e-07,-4.7003422973886755
94,1,0,-602319890614.01147,-1.2135528198598876e-07,0,1917458581862.5513,8.9663028039740601e-07,-5.4817364908248702
94,1,1,766933106526.64648,2.4178066519820164e-08,1,1917458581862.5513,8.9663028039740601e-07,-1.7525153060393106
94,1,2,720823713752.63269,-7.9794130088608608e-08,0,1917458581862.5513,8.9663028039740601e-07,5.5808492512012151
94,2,0,-566107339381.60803,4.0050510861948741e-07,0,1917458581862.5513,8.9663028039740601e-07,-4.4887100149904624
94,2,1,720823713752.63269,-7.9794130088608608e-08,0,1917458581862.5513,8.9663028039740601e-07,5.8850370636759433
94,2,2,677486500304.16272,2.6334211593711635e-07,1,1917458581862.5513,8.9663028039740601e-07,-2.4832922065526857
95,0,0,643515515203.0802,3.2977096717237939e-07,1,1752417287956.0283,1.2752361861360168e-06,-1.8897067097275195
95,0,1,836829847128.45996,-4.9498277612670316e-08,0,1752417287956.0283,1.2752361861360168e-06,7.3697098148160736
95,0,2,115374618342.51404,-5.5618063630340744e-07,0,1752417287956.0283,1.2752361861360168e-06,0.74698958880169786
95,1,0,836829847128.45996,-4.9498277612670316e-08,0,1752417287956.0283,1.2752361861360168e-06,7.5584957378807349
95,1,1,1088216486628.215,7.4296397515802611e-09,1,1752417287956.0283,1.2752361861360168e-06,1.1660892050164264
95,1,2,150033560884.0784,8.3482132385981342e-08,0,1752417287956.0283,1.2752361861360168e-06,2.0885806309099086
95,2,0,115374618342.51404,-5.5618063630340744e-07,0,1752417287956.0283,1.2752361861360168e-06,1.3454174473555145
95,2,1,150033560884.0784,8.3482132385981342e-08,0,1752417287956.0283,1.2752361861360168e-06,1.7169059984457029
95,2,2,20685286124.733143,9.3803557921205708e-07,1,1752417287956.0283,1.2752361861360168e-06,-7.3159629644514395
96,0,0,279157951.23955184,1.0848713503353486e-06,1,964959131897.11255,1.9974146680734632e-06,-4.3252412817463695
96,0,1,10245500565.817289,7.2929147821166438e-07,0,964959131897.11255,1.9974146680734632e-06,0.38257404371962961
96,0,2,-12819040653.823975,6.7685008765744625e-07,0,964959131897.11255,1.9974146680734632e-06,1.1935675655232658
96,1,0,10245500565.817289,7.2929147821166438e-07,0,964959131897.11255,1.9974146680734632e-06,1.3223867762789991
96,1,1,376024689169.91364,4.9025726417030685e-07,1,964959131897.11255,1.9974146680734632e-06,-1.3638462168447247
96,1,2,-470477332595.42609,4.5500418165048653e-07,0,964959131897.11255,1.9974146680734632e-06,-4.5286174898668676
96,2,0,-12819040653.823975,6.7685008765744625e-07,0,964959131897.11255,1.9974146680734632e-06,-0.84691897332090671
96,2,1,-470477332595.42609,4.5500418165048653e-07,0,964959131897.11255,1.9974146680734632e-06,-4.3007524147857383
96,2,2,588655284775.95947,4.2228605356780751e-07,1,964959131897.11255,1.9974146680734632e-06,0.44613018385073006
97,0,0,531909899618.72321,5.0156227656276228e-07,1,1616908504420.2656,1.3697688327446091e-06,-2.2171466480808228
97,0,1,367684243373.59137,-5.8569778306602332e-07,0,1616908504420.2656,1.3697688327446091e-06,2.4893128284979134
97,0,2,664778005157.53589,3.0400290090199512e-07,0,1616908504420.2656,1.3697688327446091e-06,6.3546074933519661
97,1,0,367684243373.59137,-5.8569778306602332e-07,0,1616908504420.2656,1.3697688327446091e-06,3.3894922213515919
97,1,1,254162787573.82919,6.8394675819589577e-07,1,1616908504420.2656,1.3697688327446091e-06,-4.8747587704568236
97,1,2,459529702329.21405,-3.5499843872659756e-07,0,1616908504420.2656,1.3697688327446091e-06,3.7208022957980278
97,2,0,664778005157.53589,3.0400290090199512e-07,0,1616908504420.2656,1.3697688327446091e-06,5.5400120879962822
97,2,1,459529702329.21405,-3.5499843872659756e-07,0,1616908504420.2656,1.3697688327446091e-06,3.2343141796851471
97,2,2,830835817227.71326,1.84259797985951e-07,1,1616908504420.2656,1.3697688327446091e-06,-0.087932797366227236
98,0,0,16719054377.052452,1.0916204585147482e-06,1,360718240828.63208,2.8308594880003239e-06,-1.7606606193015735
98,0,1,-8062983466.428874,-1.0274914992960584e-06,0,360718240828.63208,2.8308594880003239e-06,-0.83261718877529023
98,0,2,-75407754253.563736,-9.1806869334931997e-07,0,360718240828.63208,2.8308594880003239e-06,-1.4194715838824832
98,1,0,-8062983466.428874,-1.0274914992960584e-06,0,360718240828.63208,2.8308594880003239e-06,-0.58321093269708757
98,1,1,3888479630.1121221,9.6712989655955468e-07,1,360718240828.63208,2.8308594880003239e-06,-2.1248506680254868
98,1,2,36366379465.906593,8.6413530529624244e-07,0,360718240828.63208,2.8308594880003239e-06,0.85563384753262606
98,2,0,-75407754253.563736,-9.1806869334931997e-07,0,360718240828.63208,2.8308594880003239e-06,-0.54653824774106841
98,2,1,36366379465.906593,8.6413530529624244e-07,0,360718240828.63208,2.8308594880003239e-06,0.64259176177278032
98,2,2,340110706821.46753,7.7210913292602096e-07,1,360718240828.63208,2.8308594880003239e-06,0.82651863035257478
99,0,0,737473457677.88428,4.4105544882659834e-07,1,1596885080407.4587,1.4874957464938138e-06,-0.93944005512988449
99,0,1,-782143287787.88501,-3.7260522928741403e-08,0,1596885080407.4587,1.4874957464938138e-06,-6.7499310961465726
99,0,2,148476053124.0592,6.7834345916278261e-07,0,1596885080407.4587,1.4874957464938138e-06,2.3136379480410523
99,1,0,-782143287787.88501,-3.7260522928741403e-08,0,1596885080407.4587,1.4874957464938138e-06,-7.1841682089948096
99,1,1,829518833881.67078,3.1477823766079225e-09,1,1596885080407.4587,1.4874957464938138e-06,-0.42725707621818587
99,1,2,-157469461631.72116,-5.7306699375192825e-08,0,1596885080407.4587,1.4874957464938138e-06,-1.5678734228201843
99,2,0,148476053124.0592,6.7834345916278261e-07,0,1596885080407.4587,1.4874957464938138e-06,2.0923981072508848
99,2,1,-157469461631.72116,-5.7306699375192825e-08,0,1596885080407.4587,1.4874957464938138e-06,-1.7791753041284328
99,2,2,29892788847.903713,1.0432925152906076e-06,1,1596885080407.4587,1.4874957464938138e-06,-6.6678229232748381
100,0,0,218555831017.87323,4.655927523226141e-07,1,878106773226.54944,1.733590160562571e-06,-2.9104763330930927
100,0,1,-80674581306.296295,-6.7031520814250913e-07,0,878106773226.54944,1.733590160562571e-06,-1.8839898687797547
100,0,2,-370999078441.02832,-3.7556347662312346e-07,0,878106773226.54944,1.733590160562571e-06,-3.6341955097713954
100,1,0,-80674581306.296295,-6.7031520814250913e-07,0,878106773226.54944,1.733590160562571e-06,-0.83425680621295506
100,1,1,29779063951.919746,9.6505470934778454e-07,1,878106773226.54944,1.733590160562571e-06,-3.4681952355357053
100,1,2,136945306738.59753,5.4069980416902203e-07,0,878106773226.54944,1.733590160562571e-06,1.1385210921541749
100,2,0,-370999078441.02832,-3.7556347662312346e-07,0,878106773226.54944,1.733590160562571e-06,-4.2126352267430613
100,2,1,136945306738.59753,5.4069980416902203e-07,0,878106773226.54944,1.733590160562571e-06,1.7229565160016309
100,2,2,629771878256.75647,3.0294269889217226e-07,1,878106773226.54944,1.733590160562571e-06,0.79391000328993777
101,0,0,242988580396.42691,7.700546035072872e-07,1,1650190065462.1292,1.0512694984554559e-06,-4.6723717334973625
101,0,1,-390156319260.2605,4.618655295482348e-07,0,1650190065462.1292,1.0512694984554559e-06,-3.0574796999626423
101,0,2,435559338930.00665,5.6842387747032821e-08,0,1650190065462.1292,1.0512694984554559e-06,3.1797248652797689
101,1,0,-390156319260.2605,4.618655295482348e-07,0,1650190065462.1292,1.0512694984554559e-06,-3.5317134658610838
101,1,1,626457231901.06226,2.7701901451310868e-07,1,1650190065462.1292,1.0512694984554559e-06,-2.1463930726998544
101,1,2,-699358909044.6925,3.4093088201791347e-08,0,1650190065462.1292,1.0512694984554559e-06,-6.5198416941191351
101,2,0,435559338930.00665,5.6842387747032821e-08,0,1650190065462.1292,1.0512694984554559e-06,3.23245101363828
101,2,1,-699358909044.6925,3.4093088201791347e-08,0,1650190065462.1292,1.0512694984554559e-06,-6.566410257375308
101,2,2,780744253164.64001,4.1958804350598889e-09,1,1650190065462.1292,1.0512694984554559e-06,-0.99231666796981566
102,0,0,517260985787.29266,5.6287448803752773e-07,1,2775350691298.3799,7.423551654826404e-07,-7.745678180779513
102,0,1,799719138053.30359,2.4875342025922985e-07,0,2775350691298.3799,7.423551654826404e-07,7.798075613451843
102,0,2,-726960113967.80469,-1.9785557949899069e-07,0,2775350691298.3799,7.423551654826404e-07,-6.5468683823265668
102,1,0,799719138053.30359,2.4875342025922985e-07,0,2775350691298.3799,7.423551654826404e-07,6.821281731407713
102,1,1,1236417818744.4314,1.0993261447397399e-07,1,2775350691298.3799,7.423551654826404e-07,-1.6348166876338479
102,1,2,-1123927633661.7656,-8.7439123932126938e-08,0,2775350691298.3799,7.423551654826404e-07,-10.424500319014276
102,2,0,-726960113967.80469,-1.9785557949899069e-07,0,2775350691298.3799,7.423551654826404e-07,-6.7287056763697173
102,2,1,-1123927633661.7656,-8.7439123932126938e-08,0,2775350691298.3799,7.423551654826404e-07,-9.6190316659511197
102,2,2,1021671886766.6555,6.9548062971138688e-08,1,2775350691298.3799,7.423551654826404e-07,-3.412548043621213
103,0,0,1212172954.034081,1.1088197569922417e-06,1,600153422947.46057,2.4065091388355968e-06,-2.1056939404448318
103,0,1,3921803023.3577704,-1.0030029872154351e-06,0,600153422947.46057,2.4065091388355968e-06,-0.5903306401609294
103,0,2,26657828969.054821,6.5794272749523948e-07,0,600153422947.46057,2.4065091388355968e-06,0.34924832583695231
103,1,0,3921803023.3577704,-1.0030029872154351e-06,0,600153422947.46057,2.4065091388355968e-06,-0.39056474487260262
103,1,1,12688403006.21467,9.0728451222043431e-07,1,600153422947.46057,2.4065091388355968e-06,-2.4970565196061982
103,1,2,86247390604.669586,-5.9515400671113197e-07,0,600153422947.46057,2.4065091388355968e-06,0.79218197994665474
103,2,0,26657828969.054821,6.5794272749523948e-07,0,600153422947.46057,2.4065091388355968e-06,0.26810834522618671
103,2,1,86247390604.669586,-5.9515400671113197e-07,0,600153422947.46057,2.4065091388355968e-06,0.22226929318769326
103,2,2,586252846987.21179,3.9040486962292093e-07,1,600153422947.46057,2.4065091388355968e-06,2.1923797696636509
104,0,0,234155980422.68713,7.3779961468108557e-07,1,1852524642904.5137,1.2983234260103655e-06,-6.5111369429878501
104,0,1,455332999739.94507,4.2728776289360514e-07,0,1852524642904.5137,1.2983234260103655e-06,4.1415676669082471
104,0,2,-414273533063.12982,-4.8060318319762995e-07,0,1852524642904.5137,1.2983234260103655e-06,-4.6913595646633119
104,1,0,455332999739.94507,4.2728776289360514e-07,0,1852524642904.5137,1.2983234260103655e-06,3.9421056183717562
104,1,1,885427484183.48315,2.4745856284777245e-07,1,1852524642904.5137,1.2983234260103655e-06,-0.94653976515527538
104,1,2,-805584423605.11157,-2.7833554653837274e-07,0,1852524642904.5137,1.2983234260103655e-06,-6.7802013925641713
104,2,0,-414273533063.12982,-4.8060318319762995e-07,0,1852524642904.5137,1.2983234260103655e-06,-4.1557758969999616
104,2,1,-805584423605.11157,-2.7833554653837274e-07,0,1852524642904.5137,1.2983234260103655e-06,-7.7503645732183744
104,2,2,732941178298.34326,3.1306524848150758e-07,1,1852524642904.5137,1.2983234260103655e-06,-2.2585825502942098
105,0,0,1137881110443.2188,3.3586767665376199e-11,1,1863994382487.9119,1.282453911845017e-06,1.3508072411599983
105,0,1,-864577543017.81653,-2.7995762981146164e-09,0,1863994382487.9119,1.282453911845017e-06,-7.6623252225760501
105,0,2,-280599801160.0329,5.9358846062540742e-09,0,1863994382487.9119,1.282453911845017e-06,-1.8759964337667308
105,1,0,-864577543017.81653,-2.7995762981146164e-09,0,1863994382487.9119,1.282453911845017e-06,-7.4269456242917249
105,1,1,656917775530.66699,2.3335462129166909e-07,1,1863994382487.9119,1.282453911845017e-06,-3.1353422788898002
105,1,2,213203545108.26999,-4.9477705081883721e-07,0,1863994382487.9119,1.282453911845017e-06,1.2053092359544593
105,2,0,-280599801160.0329,5.9358846062540742e-09,0,1863994382487.9119,1.282453911845017e-06,-1.999068360578709
105,2,1,213203545108.26999,-4.9477705081883721e-07,0,1863994382487.9119,1.282453911845017e-06,1.2089339420795122
105,2,2,69195496514.026215,1.0490657037856826e-06,1,1863994382487.9119,1.282453911845017e-06,-6.8466210017552127
106,0,0,640684784921.77759,3.4915366235056007e-07,1,1711320013288.8132,1.2276367309776178e-06,-2.4098162609216951
106,0,1,120714687269.18938,-5.2369484301589425e-07,0,1711320013288.8132,1.2276367309776178e-06,0.91574640188192458
106,0,2,-819370285825.34912,-1.8019237531775164e-07,0,1711320013288.8132,1.2276367309776178e-06,-7.7849245543807779
106,1,0,120714687269.18938,-5.2369484301589425e-07,0,1711320013288.8132,1.2276367309776178e-06,0.41740219579898435
106,1,1,22744469769.603348,7.8548879239903588e-07,1,1711320013288.8132,1.2276367309776178e-06,-6.950130624533994
106,1,2,-154381733637.00131,2.7027016434370126e-07,0,1711320013288.8132,1.2276367309776178e-06,-1.2101378050880389
106,2,0,-819370285825.34912,-1.8019237531775164e-07,0,1711320013288.8132,1.2276367309776178e-06,-7.0327231248891264
106,2,1,-154381733637.00131,2.7027016434370126e-07,0,1711320013288.8132,1.2276367309776178e-06,-0.93461011240473946
106,2,2,1047890758597.4324,9.2994276228021905e-08,1,1711320013288.8132,1.2276367309776178e-06,1.490984455071477
107,0,0,610613494815.15149,3.0698400785327525e-07,1,2256722049413.2544,5.503964493407029e-07,-4.7980660250565732
107,0,1,735919414002.5365,1.9534650513577916e-07,0,2256722049413.2544,5.503964493407029e-07,6.5692499118047714
107,0,2,680851462113.74817,-1.9121576760403001e-07,0,2256722049413.2544,5.503964493407029e-07,6.0666534142088464
107,1,0,735919414002.5365,1.9534650513577916e-07,0,2256722049413.2544,5.503964493407029e-07,6.2802942871382701
107,1,1,886939755679.3042,1.2430698698481355e-07,1,2256722049413.2544,5.503964493407029e-07,-1.8305951664186209
107,1,2,820571135875.73267,-1.2167842940585958e-07,0,2256722049413.2544,5.503964493407029e-07,6.8118078248191445
107,2,0,680851462113.74817,-1.9121576760403001e-07,0,2256722049413.2544,5.503964493407029e-07,5.741343197036171
107,2,1,820571135875.73267,-1.2167842940585958e-07,0,2256722049413.2544,5.503964493407029e-07,6.7065588350086109
107,2,2,759168798918.79858,1.191054545026141e-07,1,2256722049413.2544,5.503964493407029e-07,-3.9714182062876944
108,0,0,1298237011389.3799,2.8425983829177407e-08,1,3042435188275.6201,3.1918471716724516e-07,-1.5946687396441033
108,0,1,-1127453839050.6875,-4.7882368435669553e-08,0,3042435188275.6201,3.1918471716724516e-07,-10.114675532339801
108,0,2,-996609486830.9574,7.7281186876566632e-08,0,3042435188275.6201,3.1918471716724516e-07,-8.9636694544560402
108,1,0,-1127453839050.6875,-4.7882368435669553e-08,0,3042435188275.6201,3.1918471716724516e-07,-10.112085804321573
108,1,1,979137205331.82129,8.0655826049400492e-08,1,3042435188275.6201,3.1918471716724516e-07,-4.4903081721995433
108,1,2,865505437069.13928,-1.3017689327506654e-07,0,3042435188275.6201,3.1918471716724516e-07,7.1166684313067412
108,2,0,-996609486830.9574,7.7281186876566632e-08,0,3042435188275.6201,3.1918471716724516e-07,-8.4572441786103134
108,2,1,865505437069.13928,-1.3017689327506654e-07,0,3042435188275.6201,3.1918471716724516e-07,7.3651006314042453
108,2,2,765060971554.41895,2.1010290728866726e-07,1,3042435188275.6201,3.1918471716724516e-07,-6.8158284287826536
109,0,0,653509034954.79504,1.6992106379209108e-07,1,1220193742064.0107,1.7392991496416234e-06,-0.019724069714950027
109,0,1,55288384842.042488,-4.3200937659108402e-07,0,1220193742064.0107,1.7392991496416234e-06,0.60081431472309355
109,0,2,-606033638149.02429,2.8291039637477289e-07,0,1220193742064.0107,1.7392991496416234e-06,-5.3715158859607071
109,1,0,55288384842.042488,-4.3200937659108402e-07,0,1220193742064.0107,1.7392991496416234e-06,-0.20830472246289977
109,1,1,4677525994.1941595,1.09834588659928e-06,1,1220193742064.0107,1.7392991496416234e-06,-5.4847635046556524
109,1,2,-51271855813.782463,-7.1927482821403337e-07,0,1220193742064.0107,1.7392991496416234e-06,-0.51990062733141618
109,2,0,-606033638149.02429,2.8291039637477289e-07,0,1220193742064.0107,1.7392991496416234e-06,-5.3990734993794751
109,2,1,-51271855813.782463,-7.1927482821403337e-07,0,1220193742064.0107,1.7392991496416234e-06,-1.8749802593735354
109,2,2,562007181115.02161,4.7103219925025248e-07,1,1220193742064.0107,1.7392991496416234e-06,-0.36251760750529066
110,0,0,796194463855.58167,1.2591561319662218e-07,1,1014186668085.8177,1.8915310125296822e-06,1.5383290097992357
110,0,1,188642819050.95984,-3.5578750980074678e-07,0,1014186668085.8177,1.8915310125296822e-06,1.7460491697132077
110,0,2,371453998487.42529,3.0940878065466196e-07,0,1014186668085.8177,1.8915310125296822e-06,3.617463034872352
110,1,0,188642819050.95984,-3.5578750980074678e-07,0,1014186668085.8177,1.8915310125296822e-06,1.5196984662131399
110,1,1,44695253226.412773,1.0053141855613205e-06,1,1014186668085.8177,1.8915310125296822e-06,-4.1998257264394994
110,1,2,88008812675.101654,-8.7426631840888148e-07,0,1014186668085.8177,1.8915310125296822e-06,0.25129523896911976
110,2,0,371453998487.42529,3.0940878065466196e-07,0,1014186668085.8177,1.8915310125296822e-06,2.78596576062212
110,2,1,88008812675.101654,-8.7426631840888148e-07,0,1014186668085.8177,1.8915310125296822e-06,0.35338455459637602
110,2,2,173296951003.82339,7.6030121377173945e-07,1,1014186668085.8177,1.8915310125296822e-06,-2.6828589931327964
111,0,0,1034829931323.6567,1.0089635853236481e-07,1,2067499285852.2117,1.1270923603404365e-06,-0.12049716196076754
111,0,1,-77772579427.618576,3.0615039398512846e-07,0,2067499285852.2117,1.1270923603404365e-06,-1.3749459952679466
111,0,2,1030819374631.6588,-9.9052390105726988e-08,0,2067499285852.2117,1.1270923603404365e-06,8.6059795492638038
111,1,0,-77772579427.618576,3.0615039398512846e-07,0,2067499285852.2117,1.1270923603404365e-06,-0.53144901568723302
111,1,1,5844993392.3813696,9.2895388000731424e-07,1,2067499285852.2117,1.1270923603404365e-06,-8.6826795454362244
111,1,2,-77471166287.704453,-3.005552301108027e-07,0,2067499285852.2117,1.1270923603404365e-06,-0.97405104885131977
111,2,0,1030819374631.6588,-9.9052390105726988e-08,0,2067499285852.2117,1.1270923603404365e-06,8.8265169309020113
111,2,1,-77471166287.704453,-3.005552301108027e-07,0,2067499285852.2117,1.1270923603404365e-06,-0.65189732829642955
111,2,2,1026824361136.1736,9.7242121800757559e-08,1,2067499285852.2117,1.1270923603404365e-06,-0.11824096386209382
112,0,0,1082094195276.0962,4.3689336463404312e-10,1,2027867046798.2188,1.3318613871551533e-06,0.011345615424101715
112,0,1,-814610944212.64807,1.4821777920471897e-08,0,2027867046798.2188,1.3318613871551533e-06,-6.865106922713851
112,0,2,-599853584010.95508,-1.902644018529292e-08,0,2027867046798.2188,1.3318613871551533e-06,-6.4846625931633444
112,1,0,-814610944212.64807,1.4821777920471897e-08,0,2027867046798.2188,1.3318613871551533e-06,-7.6324824862221945
112,1,1,613246973625.71729,5.0283460108808023e-07,1,2027867046798.2188,1.3318613871551533e-06,-3.7616550627286283
112,1,2,451575562084.80243,-6.4547940955745912e-07,0,2027867046798.2188,1.3318613871551533e-06,3.2603716560480165
112,2,0,-599853584010.95508,-1.902644018529292e-08,0,2027867046798.2188,1.3318613871551533e-06,-5.1767632270489958
112,2,1,451575562084.80243,-6.4547940955745912e-07,0,2027867046798.2188,1.3318613871551533e-06,3.9498436708432854
112,2,2,332525877896.40515,8.2858989270243899e-07,1,2027867046798.2188,1.3318613871551533e-06,-5.7670176619656841
113,0,0,861463750740.07458,3.2406051129385863e-08,1,2586496727968.3569,6.9086937052779341e-07,-4.2397108196216635
113,0,1,-594931664941.14856,-1.3215943812661026e-07,0,2586496727968.3569,6.9086937052779341e-07,-6.0739107931329919
113,0,2,1064006434549.9735,-6.2226030801494968e-08,0,2586496727968.3569,6.9086937052779341e-07,9.6213636152445261
113,1,0,-594931664941.14856,-1.3215943812661026e-07,0,2586496727968.3569,6.9086937052779341e-07,-6.219152745026264
113,1,1,410863121803.53223,5.3897702673507863e-07,1,2586496727968.3569,6.9086937052779341e-07,-7.487488924056807
113,1,2,-734808770619.88684,2.5377227341709031e-07,0,2586496727968.3569,6.9086937052779341e-07,-6.3905379622523473
113,2,0,1064006434549.9735,-6.2226030801494968e-08,0,2586496727968.3569,6.9086937052779341e-07,8.8430516613119448
113,2,1,-734808770619.88684,2.5377227341709031e-07,0,2586496727968.3569,6.9086937052779341e-07,-6.1722176630553136
113,2,2,1314169855424.7502,1.1948629266332891e-07,1,2586496727968.3569,6.9086937052779341e-07,0.0046587458781749492
114,0,0,9855458784.9191685,9.673350568063537e-07,1,2071135244262.0029,1.0846224159989518e-06,-8.7532893399224196
114,0,1,106960952085.51213,-2.667804083697517e-07,0,2071135244262.0029,1.0846224159989518e-06,0.6959513344520416
114,0,2,-94203039754.12471,-2.0563168038341637e-07,0,2071135244262.0029,1.0846224159989518e-06,-0.80927484319997323
114,1,0,106960952085.51213,-2.667804083697517e-07,0,2071135244262.0029,1.0846224159989518e-06,1.1604260979557668
114,1,1,1160843500106.3276,7.357511318250407e-08,1,2071135244262.0029,1.0846224159989518e-06,0.86632647762576176
114,1,2,-1022382320432.2972,5.6710964086798258e-08,0,2071135244262.0029,1.0846224159989518e-06,-8.5425363449717757
114,2,0,-94203039754.12471,-2.0563168038341637e-07,0,2071135244262.0029,1.0846224159989518e-06,-1.017536203446328
114,2,1,-1022382320432.2972,5.6710964086798258e-08,0,2071135244262.0029,1.0846224159989518e-06,-8.2642695304432916
114,2,2,900436285370.7561,4.3712246010093913e-08,1,2071135244262.0029,1.0846224159989518e-06,-1.4391102839420429
115,0,0,87542532328.228195,7.6584681165645161e-07,1,1877821339054.1899,8.3367931082230707e-07,-7.4067204185126769
115,0,1,-300877231316.30212,-1.3763846511308592e-08,0,1877821339054.1899,8.3367931082230707e-07,-3.1786456607843947
115,0,2,257290559464.9476,-2.2750793336073449e-07,0,1877821339054.1899,8.3367931082230707e-07,2.1894421839349008
115,1,0,-300877231316.30212,-1.3763846511308592e-08,0,1877821339054.1899,8.3367931082230707e-07,-3.2765576332525495
115,1,1,1034092867968.9679,2.4736470519099511e-10,1,1877821339054.1899,8.3367931082230707e-07,0.25614822047514202
115,1,2,-884288689358.30347,4.0887867223855068e-09,0,1877821339054.1899,8.3367931082230707e-07,-7.7165118756115616
115,2,0,257290559464.9476,-2.2750793336073449e-07,0,1877821339054.1899,8.3367931082230707e-07,1.8239640535496027
115,2,1,-884288689358.30347,4.0887867223855068e-09,0,1877821339054.1899,8.3367931082230707e-07,-8.2545736856698753
115,2,2,756185938756.99402,6.7585134460664403e-08,1,1877821339054.1899,8.3367931082230707e-07,-1.9050758368351257
116,0,0,130680887551.2343,9.7961525505170657e-07,1,1901664434933.012,1.449571076421902e-06,-7.0392578375352297
116,0,1,-396275363446.93866,1.694660342748609e-07,0,1901664434933.012,1.449571076421902e-06,-3.4685494165052697
116,0,2,272762787299.6622,6.5700620624294724e-07,0,1901664434933.012,1.449571076421902e-06,2.7682899487576536
116,1,0,-396275363446.93866,1.694660342748609e-07,0,1901664434933.012,1.449571076421902e-06,-2.9802124159640204
116,1,1,1201661288177.562,2.9316342946632126e-08,1,1901664434933.012,1.449571076421902e-06,1.7571397564013116
116,1,2,-827123037633.15503,1.1365710741212049e-07,0,1901664434933.012,1.449571076421902e-06,-7.3354409179892794
116,2,0,272762787299.6622,6.5700620624294724e-07,0,1901664434933.012,1.449571076421902e-06,4.0447567293531126
116,2,1,-827123037633.15503,1.1365710741212049e-07,0,1901664434933.012,1.449571076421902e-06,-7.1439449458990421
116,2,2,569322259204.2157,4.406394784235635e-07,1,1901664434933.012,1.449571076421902e-06,-3.2985317868154884
117,0,0,20426652294.394722,9.8837137890870825e-07,1,796400117409.14404,2.1551012684645534e-06,-3.5668663951069712
117,0,1,-125895508709.25755,4.3268086821818394e-07,0,796400117409.14404,2.1551012684645534e-06,-1.3979805229415154
117,0,2,-927926943.71457767,-9.8282739890189972e-07,0,796400117409.14404,2.1551012684645534e-06,-1.1459540280300535
117,1,0,-125895508709.25755,4.3268086821818394e-07,0,796400117409.14404,2.1551012684645534e-06,-0.89377767422092858
117,1,1,775931311931.71851,1.894153733273306e-07,1,796400117409.14404,2.1551012684645534e-06,2.5075365764880169
117,1,2,5719088617.1803312,-4.3025387151034857e-07,0,796400117409.14404,2.1551012684645534e-06,0.32157162739850176
117,2,0,-927926943.71457767,-9.8282739890189972e-07,0,796400117409.14404,2.1551012684645534e-06,-0.84424327698642077
117,2,1,5719088617.1803312,-4.3025387151034857e-07,0,796400117409.14404,2.1551012684645534e-06,-0.07996219670806487
117,2,2,42153183.030767955,9.7731451622851433e-07,1,796400117409.14404,2.1551012684645534e-06,-3.6175984878270366
118,0,0,57318644125.452682,1.1227826940019376e-06,1,1486199909613.2288,1.9531169582200413e-06,-6.0723192789646481
118,0,1,118763736429.22751,9.4856050384364671e-07,0,1486199909613.2288,1.9531169582200413e-06,1.8238713021176785
118,0,2,-260378016858.93011,1.8032723767863233e-07,0,1486199909613.2288,1.9531169582200413e-06,-1.3919959260434294
118,1,0,118763736429.22751,9.4856050384364671e-07,0,1486199909613.2288,1.9531169582200413e-06,1.452743345147312
118,1,1,246077437905.89227,8.0137237085928952e-07,1,1486199909613.2288,1.9531169582200413e-06,-4.3390497464282287
118,1,2,-539501005964.43073,1.5234586028352279e-07,0,1486199909613.2288,1.9531169582200413e-06,-5.1263838424631416
118,2,0,-260378016858.93011,1.8032723767863233e-07,0,1486199909613.2288,1.9531169582200413e-06,-2.3683350149917599
118,2,1,-539501005964.43073,1.5234586028352279e-07,0,1486199909613.2288,1.9531169582200413e-06,-4.653864449614014
118,2,2,1182803827581.8838,2.896189335881395e-08,1,1486199909613.2288,1.9531169582200413e-06,3.2271375946449345
119,0,0,656096255236.73169,6.3474006530225482e-07,1,1301665732185.3147,1.8633176947842041e-06,0.20978595862492649
119,0,1,-586523705042.19727,4.8607047360738745e-07,0,1301665732185.3147,1.8633176947842041e-06,-4.8293407555698025
119,0,2,-282038401187.9845,7.3726721034734203e-07,0,1301665732185.3147,1.8633176947842041e-06,-2.2893916346361047
119,1,0,-586523705042.19727,4.8607047360738745e-07,0,1301665732185.3147,1.8633176947842041e-06,-4.5069416525342181
119,1,1,524328639023.09766,3.7222245487277374e-07,1,1301665732185.3147,1.8633176947842041e-06,-1.660687521600309
119,1,2,252131004724.70599,5.6458358578338967e-07,0,1301665732185.3147,1.8633176947842041e-06,2.791189580870955
119,2,0,-282038401187.9845,7.3726721034734203e-07,0,1301665732185.3147,1.8633176947842041e-06,-1.9626724008248377
119,2,1,252131004724.70599,5.6458358578338967e-07,0,1301665732185.3147,1.8633176947842041e-06,1.7897207786030109
119,2,2,121240837925.4854,8.563551746091755e-07,1,1301665732185.3147,1.8633176947842041e-06,-4.6117671212509217
120,0,0,821410881722.85046,1.3550933137609214e-07,1,1383835016131.0369,1.5099329575303093e-06,0.81070974640028526
120,0,1,606631858983.25952,-2.4440471172057239e-07,0,1383835016131.0369,1.5099329575303093e-06,5.6033179242785494
120,0,2,-306560094945.43488,-3.5568745198059193e-07,0,1383835016131.0369,1.5099329575303093e-06,-2.1886260920683798
120,1,0,606631858983.25952,-2.4440471172057239e-07,0,1383835016131.0369,1.5099329575303093e-06,4.6262962390121141
120,1,1,448012341352.99872,4.4080848532439054e-07,1,1383835016131.0369,1.5099329575303093e-06,-2.2741802172079626
120,1,2,-226402065549.43225,6.4151810271037036e-07,0,1383835016131.0369,1.5099329575303093e-06,-1.3062184955686909
120,2,0,-306560094945.43488,-3.5568745198059193e-07,0,1383835016131.0369,1.5099329575303093e-06,-3.1855669416004635
120,2,1,-226402065549.43225,6.4151810271037036e-07,0,1383835016131.0369,1.5099329575303093e-06,-1.3118123950873923
120,2,2,114411793055.18774,9.3361514082982644e-07,1,1383835016131.0369,1.5099329575303093e-06,-4.8362408776071053
121,0,0,72862242862.976669,9.691704700177176e-07,1,549123385830.05127,2.3269160048225466e-06,-2.2686951115674767
121,0,1,174437849904.84286,7.7677972500361393e-07,0,549123385830.05127,2.3269160048225466e-06,2.2759970566342527
121,0,2,65367358717.033653,8.4409723193158463e-07,0,549123385830.05127,2.3269160048225466e-06,0.83814780921157639
121,1,0,174437849904.84286,7.7677972500361393e-07,0,549123385830.05127,2.3269160048225466e-06,1.8624421804520286
121,1,1,417617716444.00049,6.2258060871959858e-07,1,549123385830.05127,2.3269160048225466e-06,0.37111468379330709
121,1,2,156494517057.3645,6.7653486768343389e-07,0,549123385830.05127,2.3269160048225466e-06,1.7067279243039022
121,2,0,65367358717.033653,8.4409723193158463e-07,0,549123385830.05127,2.3269160048225466e-06,1.1590370969974233
121,2,1,156494517057.3645,6.7653486768343389e-07,0,549123385830.05127,2.3269160048225466e-06,2.1763226516501462
121,2,2,58643426523.074127,7.3516492608523036e-07,1,549123385830.05127,2.3269160048225466e-06,-2.2523222847404796
122,0,0,877607877155.92969,1.6834869664992176e-08,1,1875803026804.4551,8.3546338523941676e-07,-1.2682617472929865
122,0,1,800557194259.27295,-6.4121288038875948e-08,0,1875803026804.4551,8.3546338523941676e-07,7.4341162798583449
122,0,2,484904222491.52332,-9.8335979091973026e-08,0,1875803026804.4551,8.3546338523941676e-07,4.1618237912422291
122,1,0,800557194259.27295,-6.4121288038875948e-08,0,1875803026804.4551,8.3546338523941676e-07,7.2619961780628879
122,1,1,730271272583.85852,2.4422758605101488e-07,1,1875803026804.4551,8.3546338523941676e-07,-1.723296655294819
122,1,2,442331448870.20599,3.7454579485419595e-07,0,1875803026804.4551,8.3546338523941676e-07,4.8673457682322159
122,2,0,484904222491.52332,-9.8335979091973026e-08,0,1875803026804.4551,8.3546338523941676e-07,5.0960023633150291
122,2,1,442331448870.20599,3.7454579485419595e-07,0,1875803026804.4551,8.3546338523941676e-07,4.1813035254798736
122,2,2,267923877064.66705,5.7440092952340965e-07,1,1875803026804.4551,8.3546338523941676e-07,-5.7233510800034182
123,0,0,826674005719.33594,1.7253792562570628e-07,1,1785181549633.3049,1.4305006935036892e-06,-1.3059485858876076
123,0,1,370290091579.64655,4.1863702827765238e-07,0,1785181549633.3049,1.4305006935036892e-06,4.1005435532726464
123,0,2,-809480400576.50562,2.0442437486487539e-07,0,1785181549633.3049,1.4305006935036892e-06,-7.5366731689273223
123,1,0,370290091579.64655,4.1863702827765238e-07,0,1785181549633.3049,1.4305006935036892e-06,2.7803921850628823
123,1,1,165863146746.40298,1.015759061722674e-06,1,1785181549633.3049,1.4305006935036892e-06,-5.9776995501972188
123,1,2,-362588601537.77332,4.9600464646016241e-07,0,1785181549633.3049,1.4305006935036892e-06,-3.0550784931859192
123,2,0,-809480400576.50562,2.0442437486487539e-07,0,1785181549633.3049,1.4305006935036892e-06,-6.6551900834381703
123,2,1,-362588601537.77332,4.9600464646016241e-07,0,1785181549633.3049,1.4305006935036892e-06,-2.6283700796304053
123,2,2,792644397167.56604,2.4220370615530882e-07,1,1785181549633.3049,1.4305006935036892e-06,-1.70122294814703
124,0,0,887496025095.39575,5.1009931695447285e-09,1,2131850853680.7761,6.1653999198630174e-07,-2.553583850044546
124,0,1,586653737084.27271,5.5751631268895129e-08,0,2131850853680.7761,6.1653999198630174e-07,4.7336257940929771
124,0,2,-871892973330.35364,-3.2713555928239592e-09,0,2131850853680.7761,6.1653999198630174e-07,-7.7149362563939308
124,1,0,586653737084.27271,5.5751631268895129e-08,0,2131850853680.7761,6.1653999198630174e-07,4.6759843772236538
124,1,1,387790590045.68427,6.0934102160741768e-07,1,2131850853680.7761,6.1653999198630174e-07,-5.935682759103023
124,1,2,-576339788211.20874,-3.5754490292100742e-08,0,2131850853680.7761,6.1653999198630174e-07,-5.800930056118105
124,2,0,-871892973330.35364,-3.2713555928239592e-09,0,2131850853680.7761,6.1653999198630174e-07,-7.6460404883978015
124,2,1,-576339788211.20874,-3.5754490292100742e-08,0,2131850853680.7761,6.1653999198630174e-07,-5.08968142834446
124,2,2,856564238539.69604,2.0979772093393619e-09,1,2131850853680.7761,6.1653999198630174e-07,-2.227232582950136
125,0,0,783875662277.20715,2.7233659177461278e-07,1,930639974875.44934,2.3149999516411796e-06,2.492385465732029
125,0,1,279195200103.21301,-5.0679950651240048e-07,0,930639974875.44934,2.3149999516411796e-06,2.7583761218599299
125,0,2,-192600656738.06247,5.4721681056755508e-07,0,930639974875.44934,2.3149999516411796e-06,-1.0159269171634211
125,1,0,279195200103.21301,-5.0679950651240048e-07,0,930639974875.44934,2.3149999516411796e-06,1.2399227295007678
125,1,1,99441739949.195145,9.4311872718808036e-07,1,930639974875.44934,2.3149999516411796e-06,-3.6995785177165126
125,1,2,-68599117801.130836,-1.0183325264658e-06,0,930639974875.44934,2.3149999516411796e-06,-1.2308918081634144
125,2,0,-192600656738.06247,5.4721681056755508e-07,0,930639974875.44934,2.3149999516411796e-06,-1.5521507037364703
125,2,1,-68599117801.130836,-1.0183325264658e-06,0,930639974875.44934,2.3149999516411796e-06,-1.6412852042147004
125,2,2,47322572649.046989,1.0995446326784864e-06,1,930639974875.44934,2.3149999516411796e-06,-3.5044805292619623
126,0,0,60979667207.141441,1.0392900866804105e-06,1,1165524986951.0024,1.570619620684355e-06,-4.2801555517987788
126,0,1,-200794944027.83035,5.423763314668835e-07,0,1165524986951.0024,1.570619620684355e-06,-0.74107649226669037
126,0,2,-164426872700.44019,-5.0796991300208621e-07,0,1165524986951.0024,1.570619620684355e-06,-2.0528507499327828
126,1,0,-200794944027.83035,5.423763314668835e-07,0,1165524986951.0024,1.570619620684355e-06,-0.71295402534615282
126,1,1,661181200123.33777,2.8305098711668436e-07,1,1165524986951.0024,1.570619620684355e-06,0.14941960608674756
126,1,2,541427761296.30133,-2.6509524283988013e-07,0,1165524986951.0024,1.570619620684355e-06,5.271020691071735
126,2,0,-164426872700.44019,-5.0796991300208621e-07,0,1165524986951.0024,1.570619620684355e-06,-1.8125279724456376
126,2,1,541427761296.30133,-2.6509524283988013e-07,0,1165524986951.0024,1.570619620684355e-06,4.1879236756152309
126,2,2,443364119620.52332,2.4827854688726025e-07,1,1165524986951.0024,1.570619620684355e-06,-2.1017766385661796
127,0,0,107937555876.46069,9.1931998066828272e-07,1,1451150080391.9922,1.8473429792935744e-06,-5.5532233565498794
127,0,1,335787189334.24066,3.1341280515602501e-07,0,1451150080391.9922,1.8473429792935744e-06,3.1044736338233618
127,0,2,-179527269231.91309,8.6886276172946697e-07,0,1451150080391.9922,1.8473429792935744e-06,-0.51288408793243534
127,1,0,335787189334.24066,3.1341280515602501e-07,0,1451150080391.9922,1.8473429792935744e-06,3.1715401418692242
127,1,1,1044613578706.9336,1.0684809261337252e-07,1,1451150080391.9922,1.8473429792935744e-06,2.0614373793072058
127,1,2,-558498445279.15857,2.962110268192915e-07,0,1451150080391.9922,1.8473429792935744e-06,-4.2149333020885056
127,2,0,-179527269231.91309,8.6886276172946697e-07,0,1451150080391.9922,1.8473429792935744e-06,-0.9990995488810922
127,2,1,-558498445279.15857,2.962110268192915e-07,0,1451150080391.9922,1.8473429792935744e-06,-4.9736879313482323
127,2,2,298598945808.59802,8.2117490601191923e-07,1,1451150080391.9922,1.8473429792935744e-06,-3.7069512733842154
128,0,0,922491431133.04492,2.245274498504503e-07,1,2334636250025.6572,6.6812740856463704e-07,-2.3867915682998158
128,0,1,-766410575291.9762,-2.8927872944734124e-07,0,2334636250025.6572,6.6812740856463704e-07,-6.7126293391355256
128,0,2,845757840654.15698,1.2616728646203559e-07,0,2334636250025.6572,6.6812740856463704e-07,7.3206266441168895
128,1,0,-766410575291.9762,-2.8927872944734124e-07,0,2334636250025.6572,6.6812740856463704e-07,-7.1186699985676594
128,1,1,636737806006.42053,3.7270357529293522e-07,1,2334636250025.6572,6.6812740856463704e-07,-4.6271302567162271
128,1,2,-702659917845.85669,-1.6255256250345371e-07,0,2334636250025.6572,6.6812740856463704e-07,-6.522407355697954
128,2,0,845757840654.15698,1.2616728646203559e-07,0,2334636250025.6572,6.6812740856463704e-07,7.5826987342840981
128,2,1,-702659917845.85669,-1.6255256250345371e-07,0,2334636250025.6572,6.6812740856463704e-07,-5.9764541008358503
128,2,2,775407012886.19177,7.0896383421251535e-08,1,2334636250025.6572,6.6812740856463704e-07,-3.5686012503360769
129,0,0,810489849894.39197,2.9155891694115634e-07,1,1686158087439.6926,1.3920642578286812e-06,-0.48087034244592308
129,0,1,-587775498542.78357,-3.7983777603382163e-07,0,1686158087439.6926,1.3920642578286812e-06,-5.799037762560884
129,0,2,603523140996.39929,-4.2022066723901753e-07,0,1686158087439.6926,1.3920642578286812e-06,5.3922538184577178
129,1,0,-587775498542.78357,-3.7983777603382163e-07,0,1686158087439.6926,1.3920642578286812e-06,-5.1981040248573986
129,1,1,426260781343.81854,4.9484590495799583e-07,1,1686158087439.6926,1.3920642578286812e-06,-3.5873913143372262
129,1,2,-437681132129.52374,5.4745601802235856e-07,0,1686158087439.6926,1.3920642578286812e-06,-3.7729348210268352
129,2,0,603523140996.39929,-4.2022066723901753e-07,0,1686158087439.6926,1.3920642578286812e-06,4.9317306183067124
129,2,1,-437681132129.52374,5.4745601802235856e-07,0,1686158087439.6926,1.3920642578286812e-06,-3.1488235618170561
129,2,2,449407456201.48193,6.0565943592952887e-07,1,1686158087439.6926,1.3920642578286812e-06,-3.7217744009268681
130,0,0,42690999799.546707,1.1142620796409304e-06,1,1488317081299.1135,1.3419587339077774e-06,-5.9189440303277143
130,0,1,-149986119323.13315,4.9790432651441449e-07,0,1488317081299.1135,1.3419587339077774e-06,-0.044946665465325331
130,0,2,198038851657.70972,-7.6190741884339942e-08,0,1488317081299.1135,1.3419587339077774e-06,2.5694672083261438
130,1,0,-149986119323.13315,4.9790432651441449e-07,0,1488317081299.1135,1.3419587339077774e-06,-0.36077947109954234
130,1,1,526945634799.86707,2.2248690222111929e-07,1,1488317081299.1135,1.3419587339077774e-06,-2.0341379087112683
130,1,2,-695769107653.10547,-3.4045581122872467e-08,0,1488317081299.1135,1.3419587339077774e-06,-6.6552065711458148
130,2,0,198038851657.70972,-7.6190741884339942e-08,0,1488317081299.1135,1.3419587339077774e-06,1.9230301172008617
130,2,1,-695769107653.10547,-3.4045581122872467e-08,0,1488317081299.1135,1.3419587339077774e-06,-6.35224496484323
130,2,2,918680446699.69971,5.209752045727677e-09,1,1488317081299.1135,1.3419587339077774e-06,0.72975678840815272
131,0,0,520346778411.13385,2.5927452231968586e-07,1,1526138490455.1313,1.271781016259028e-06,-2.5858613199044918
131,0,1,-711055770621.17126,7.200179090531885e-08,0,1526138490455.1313,1.271781016259028e-06,-6.1851281900422688
131,0,2,133267280984.66315,5.0727988297204291e-07,0,1526138490455.1313,1.271781016259028e-06,1.3377762831630473
131,1,0,-711055770621.17126,7.200179090531885e-08,0,1526138490455.1313,1.271781016259028e-06,-6.4920272084037922
131,1,1,971660304071.65381,1.9995246147560383e-08,1,1526138490455.1313,1.271781016259028e-06,1.5643124894368705
131,1,2,-182110225547.06036,1.408740810220921e-07,0,1526138490455.1313,1.271781016259028e-06,-1.4341637941857086
131,2,0,133267280984.66315,5.0727988297204291e-07,0,1526138490455.1313,1.271781016259028e-06,1.6884901066435318
131,2,1,-182110225547.06036,1.408740810220921e-07,0,1526138490455.1313,1.271781016259028e-06,-1.4489572799701735
131,2,2,34131407972.34375,9.9251124779178168e-07,1,1526138490455.1313,1.271781016259028e-06,-6.3525655592476227
132,0,0,760984264629.40674,3.5449518443590815e-07,1,1051908209532.4076,1.866684649312024e-06,1.2511766575294887
132,0,1,-470122359962.27026,-4.2028017518415449e-07,0,1051908209532.4076,1.866684649312024e-06,-4.3539003365251707
132,0,2,-19326431088.064453,-5.9952352547708446e-07,0,1051908209532.4076,1.866684649312024e-06,-0.87594477092477818
132,1,0,-470122359962.27026,-4.2028017518415449e-07,0,1051908209532.4076,1.866684649312024e-06,-5.4228531605651149
132,1,1,290433118803.22119,4.9827313150641358e-07,1,1051908209532.4076,1.866684649312024e-06,-2.5343954223383842
132,1,2,11939520716.888611,7.107793374273216e-07,0,1051908209532.4076,1.866684649312024e-06,0.17007114298702553
132,2,0,-19326431088.064453,-5.9952352547708446e-07,0,1051908209532.4076,1.866684649312024e-06,-0.3343929567346533
132,2,1,11939520716.888611,7.107793374273216e-07,0,1051908209532.4076,1.866684649312024e-06,0.91072699168603666
132,2,2,490826099.77960712,1.0139163333697021e-06,1,1051908209532.4076,1.866684649312024e-06,-4.4542455962672278
133,0,0,860767490813.69873,1.8614356558077212e-07,1,1655968277988.1675,1.1104062985267501e-06,-0.18254612761813477
133,0,1,-703521837215.42737,2.0931660015966592e-07,0,1655968277988.1675,1.1104062985267501e-06,-5.7255426390310182
133,0,2,-435361930846.36511,3.580951291788145e-07,0,1655968277988.1675,1.1104062985267501e-06,-3.426156131105432
133,1,0,-703521837215.42737,2.0931660015966592e-07,0,1655968277988.1675,1.1104062985267501e-06,-6.2511466554523523
133,1,1,575001938062.38196,2.3537444856448588e-07,1,1655968277988.1675,1.1104062985267501e-06,-2.6132168844604595
133,1,2,355829685381.30139,4.0267443432483818e-07,0,1655968277988.1675,1.1104062985267501e-06,3.8806529089298372
133,2,0,-435361930846.36511,3.580951291788145e-07,0,1655968277988.1675,1.1104062985267501e-06,-3.7824576453527143
133,2,1,355829685381.30139,4.0267443432483818e-07,0,1655968277988.1675,1.1104062985267501e-06,3.6103140185169211
133,2,2,220198849112.08679,6.8888828438149204e-07,1,1655968277988.1675,1.1104062985267501e-06,-4.9959325425750549
134,0,0,342331881125.93427,6.5468127022441618e-07,1,1495501831489.9443,1.4205915274468246e-06,-3.1195763210628105
134,0,1,520420022035.61346,-2.3944401190435545e-07,0,1495501831489.9443,1.4205915274468246e-06,5.1834492760949837
134,0,2,-352036701254.94495,6.6640353033235231e-07,0,1495501831489.9443,1.4205915274468246e-06,-2.1820082101672824
134,1,0,520420022035.61346,-2.3944401190435545e-07,0,1495501831489.9443,1.4205915274468246e-06,3.723801021064066
134,1,1,791153305513.8241,8.7574576277705296e-08,1,1495501831489.9443,1.4205915274468246e-06,-0.29183194869788398
134,1,2,-535173490771.21582,-2.4373132714688332e-07,0,1495501831489.9443,1.4205915274468246e-06,-5.1839199951979067
134,2,0,-352036701254.94495,6.6640353033235231e-07,0,1495501831489.9443,1.4205915274468246e-06,-1.8440895514545306
134,2,1,-535173490771.21582,-2.4373132714688332e-07,0,1495501831489.9443,1.4205915274468246e-06,-5.2533257120998123
134,2,2,362016644850.18579,6.7833568094470302e-07,1,1495501831489.9443,1.4205915274468246e-06,-3.336516564712023
135,0,0,68898473618.677963,1.0000294973247871e-06,1,1575316854808.1565,1.9593974611649828e-06,-6.3205544874976569
135,0,1,-136320733869.62897,-9.4804907119274181e-07,0,1575316854808.1565,1.9593974611649828e-06,-2.3920322756446777
135,0,2,291901669423.66162,-2.461690907469808e-07,0,1575316854808.1565,1.9593974611649828e-06,2.5601040572659715
135,1,0,-136320733869.62897,-9.4804907119274181e-07,0,1575316854808.1565,1.9593974611649828e-06,-1.7780066214015346
135,1,1,269720670237.26303,8.9877053006318613e-07,1,1575316854808.1565,1.9593974611649828e-06,-4.9793078794788173
135,1,2,-577549076251.46497,2.3337349394528932e-07,0,1575316854808.1565,1.9593974611649828e-06,-4.3666804314936742
135,2,0,291901669423.66162,-2.461690907469808e-07,0,1575316854808.1565,1.9593974611649828e-06,1.4514158781224005
135,2,1,-577549076251.46497,2.3337349394528932e-07,0,1575316854808.1565,1.9593974611649828e-06,-5.19902839442919
135,2,2,1236697710952.2156,6.0597433777009891e-08,1,1575316854808.1565,1.9593974611649828e-06,3.5066841860243958
136,0,0,476938186236.35651,7.4487699915528205e-07,1,1219232340856.7837,1.9271487537295074e-06,-1.6701555782709465
136,0,1,-591065446042.65332,-1.3942986532996098e-07,0,1219232340856.7837,1.9271487537295074e-06,-5.1829549080957777
136,0,2,-68337882999.954376,-9.2801204161765484e-07,0,1219232340856.7837,1.9271487537295074e-06,-1.9258312814253924
136,1,0,-591065446042.65332,-1.3942986532996098e-07,0,1219232340856.7837,1.9271487537295074e-06,-5.3870847387819101
136,1,1,732502390430.25366,2.6099191367135127e-08,1,1219232340856.7837,1.9271487537295074e-06,-0.26432814725291909
136,1,2,84690558362.968903,1.7371001404804785e-07,0,1219232340856.7837,1.9271487537295074e-06,0.50139508100026786
136,2,0,-68337882999.954376,-9.2801204161765484e-07,0,1219232340856.7837,1.9271487537295074e-06,-2.0365777716310092
136,2,1,84690558362.968903,1.7371001404804785e-07,0,1219232340856.7837,1.9271487537295074e-06,0.70369912130419709
136,2,2,9791764190.1734943,1.1561725632070902e-06,1,1219232340856.7837,1.9271487537295074e-06,-5.2696314693595436
137,0,0,140095820039.8494,6.6704646279378159e-07,1,1984971661463.27,7.9525601409303369e-07,-7.5141087889183682
137,0,1,322430108750.89899,-2.8963129975300841e-07,0,1984971661463.27,7.9525601409303369e-07,2.9917445060360928
137,0,2,393062614409.97498,-4.0440547646230555e-08,0,1984971661463.27,7.9525601409303369e-07,3.0496399331936965
137,1,0,322430108750.89899,-2.8963129975300841e-07,0,1984971661463.27,7.9525601409303369e-07,2.9164424764167021
137,1,1,742071926196.98035,1.2575779121184034e-07,1,1984971661463.27,7.9525601409303369e-07,-2.0065467458099366
137,1,2,904632425678.88086,1.755926915262313e-08,0,1984971661463.27,7.9525601409303369e-07,8.0874107054711732
137,2,0,393062614409.97498,-4.0440547646230555e-08,0,1984971661463.27,7.9525601409303369e-07,3.0627597602570606
137,2,1,904632425678.88086,1.755926915262313e-08,0,1984971661463.27,7.9525601409303369e-07,7.4502183349083895
137,2,2,1102803915226.4402,2.4517600874118445e-09,1,1984971661463.27,7.9525601409303369e-07,0.47074826112064333
138,0,0,961977415906.21558,8.0369904109988003e-09,1,1556698096236.6504,1.3364243851575753e-06,1.2902825952475425
138,0,1,91442414808.878799,8.581291708937376e-08,0,1556698096236.6504,1.3364243851575753e-06,0.94956658332891763
138,0,2,750830305744.36658,5.7553279787360315e-08,0,1556698096236.6504,1.3364243851575753e-06,7.1144261856140227
138,1,0,91442414808.878799,8.581291708937376e-08,0,1556698096236.6504,1.3364243851575753e-06,1.2326471478914049
138,1,1,8692215729.6198444,9.1624555496671159e-07,1,1556698096236.6504,1.3364243851575753e-06,-6.5802623008384815
138,1,2,71371463751.335312,6.1451047892945148e-07,0,1556698096236.6504,1.3364243851575753e-06,1.3382371526762327
138,2,0,750830305744.36658,5.7553279787360315e-08,0,1556698096236.6504,1.3364243851575753e-06,7.526961824378561
138,2,1,71371463751.335312,6.1451047892945148e-07,0,1556698096236.6504,1.3364243851575753e-06,1.7706349388771323
138,2,2,586028464600.81494,4.1214183977986486e-07,1,1556698096236.6504,1.3364243851575753e-06,-1.9882773190349912
139,0,0,3213745146.9243388,9.3870060843140763e-07,1,948831690313.34644,1.9974582585613028e-06,-3.9532333087495322
139,0,1,39446009084.262589,6.3011512479423159e-07,0,948831690313.34644,1.9974582585613028e-06,1.120462014475738
139,0,2,-38509576074.626274,-7.7253568193572138e-07,0,948831690313.34644,1.9974582585613028e-06,-0.44530289506261889
139,1,0,39446009084.262589,6.3011512479423159e-07,0,948831690313.34644,1.9974582585613028e-06,1.1599561352744718
139,1,1,484166466704.69763,4.2297306183482982e-07,1,948831690313.34644,1.9974582585613028e-06,-0.62712888119618104
139,1,2,-472672541917.20514,-5.1857473326277729e-07,0,948831690313.34644,1.9974582585613028e-06,-5.3410480414517734
139,2,0,-38509576074.626274,-7.7253568193572138e-07,0,948831690313.34644,1.9974582585613028e-06,-0.6985243852304357
139,2,1,-472672541917.20514,-5.1857473326277729e-07,0,948831690313.34644,1.9974582585613028e-06,-3.7245253249671837
139,2,2,461451478461.72455,6.3578458829506553e-07,1,948831690313.34644,1.9974582585613028e-06,-0.61292295452205092
140,0,0,45015008840.254929,1.0376949089052224e-06,1,1507229401226.8115,1.8413279939962292e-06,-6.2314713308912726
140,0,1,-228693565110.62943,-6.7808439130898419e-08,0,1507229401226.8115,1.8413279939962292e-06,-2.5557626426393263
140,0,2,-116279177313.1335,-9.1067446247787484e-07,0,1507229401226.8115,1.8413279939962292e-06,-1.2251882726949723
140,1,0,-228693565110.62943,-6.7808439130898419e-08,0,1507229401226.8115,1.8413279939962292e-06,-3.1403151351984362
140,1,1,1161851304053.0486,4.4309597916594491e-09,1,1507229401226.8115,1.8413279939962292e-06,2.2922005958053302
140,1,2,590742960914.20972,5.9508255583659856e-08,0,1507229401226.8115,1.8413279939962292e-06,5.4499046728472438
140,2,0,-116279177313.1335,-9.1067446247787484e-07,0,1507229401226.8115,1.8413279939962292e-06,-1.7912133952923452
140,2,1,590742960914.20972,5.9508255583659856e-08,0,1507229401226.8115,1.8413279939962292e-06,5.0576755513303819
140,2,2,300363088333.50812,7.9920212529934715e-07,1,1507229401226.8115,1.8413279939962292e-06,-4.1909970344453393
141,0,0,727199124209.31714,2.310973053706601e-07,1,1336887489229.7861,1.6248588303051111e-06,0.20224252056923533
141,0,1,-662688460386.50281,-3.2832027217540263e-07,0,1336887489229.7861,1.6248588303051111e-06,-6.3192644413988139
141,0,2,64875646848.891785,-4.6292583814291814e-07,0,1336887489229.7861,1.6248588303051111e-06,-0.28667552523885736
141,1,0,-662688460386.50281,-3.2832027217540263e-07,0,1336887489229.7861,1.6248588303051111e-06,-6.5557522578022454
141,1,1,603900611138.56177,4.6644508012950598e-07,1,1336887489229.7861,1.6248588303051111e-06,-0.61399382482281062
141,1,2,-59120454213.439957,6.5767940016580362e-07,0,1336887489229.7861,1.6248588303051111e-06,-0.24091250278059229
141,2,0,64875646848.891785,-4.6292583814291814e-07,0,1336887489229.7861,1.6248588303051111e-06,-0.41619330014461203
141,2,1,-59120454213.439957,6.5767940016580362e-07,0,1336887489229.7861,1.6248588303051111e-06,0.046805772762957581
141,2,2,5787753881.9073801,9.2731644480494508e-07,1,1336887489229.7861,1.6248588303051111e-06,-5.6394582092342604
142,0,0,964789082.43693137,9.6064229019078342e-07,1,1672651570699.8286,1.1498667939030406e-06,-6.7314079273046845
142,0,1,-28434851838.634598,4.1860247991074009e-07,0,1672651570699.8286,1.1498667939030406e-06,0.18169302329833537
142,0,2,28359907564.614681,8.0926042896804854e-08,0,1672651570699.8286,1.1498667939030406e-06,0.019178606434037626
142,1,0,-28434851838.634598,4.1860247991074009e-07,0,1672651570699.8286,1.1498667939030406e-06,0.29962610688609709
142,1,1,838049283313.64685,1.8240716443226888e-07,1,1672651570699.8286,1.1498667939030406e-06,-0.10654031387202176
142,1,2,-835840479994.14038,3.5263742385563423e-08,0,1672651570699.8286,1.1498667939030406e-06,-7.3903247845601729
142,2,0,28359907564.614681,8.0926042896804854e-08,0,1672651570699.8286,1.1498667939030406e-06,0.29546505360350328
142,2,1,-835840479994.14038,3.5263742385563423e-08,0,1672651570699.8286,1.1498667939030406e-06,-7.2530844351136476
142,2,2,833637498303.74487,6.81733927998825e-09,1,1672651570699.8286,1.1498667939030406e-06,-0.49474539009751672
143,0,0,916520954179.01062,4.4715929709803064e-08,1,1449325154127.3645,1.3967365852244461e-06,1.2459194755828122
143,0,1,76858954841.808823,-2.1352413549699498e-07,0,1449325154127.3645,1.3967365852244461e-06,0.040013080569557213
143,0,2,-694563830607.2915,1.2191925261604731e-07,0,1449325154127.3645,1.3967365852244461e-06,-6.5693837755035487
143,1,0,76858954841.808823,-2.1352413549699498e-07,0,1449325154127.3645,1.3967365852244461e-06,0.12557267831049812
143,1,1,6445350662.6771793,1.019604349850828e-06,1,1449325154127.3645,1.3967365852244461e-06,-5.9351670154190499
143,1,2,-58245749699.436722,-5.8217962109315382e-07,0,1449325154127.3645,1.3967365852244461e-06,-0.86021934870156935
143,2,0,-694563830607.2915,1.2191925261604731e-07,0,1449325154127.3645,1.3967365852244461e-06,-5.5854094180915776
143,2,1,-58245749699.436722,-5.8217962109315382e-07,0,1449325154127.3645,1.3967365852244461e-06,-1.0646714675113671
143,2,2,526358849285.67657,3.3241630566381495e-07,1,1449325154127.3645,1.3967365852244461e-06,-2.3556102439463844
144,0,0,1007722317078.9927,2.6858922740445039e-12,1,1239552685415.0862,1.6136932823442366e-06,3.1010805342609329
144,0,1,-483287146450.50903,-1.3986767167323254e-09,0,1239552685415.0862,1.6136932823442366e-06,-4.2887794333150238
144,0,2,7360028848.3674021,-1.542044924047116e-09,0,1239552685415.0862,1.6136932823442366e-06,0.64042109525294721
144,1,0,-483287146450.50903,-1.3986767167323254e-09,0,1239552685415.0862,1.6136932823442366e-06,-4.0047901402111918
144,1,1,231776613423.92111,7.2836002278798132e-07,1,1239552685415.0862,1.6136932823442366e-06,-2.9242613506974848
144,1,2,-3529749495.1102519,8.0301892680608337e-07,0,1239552685415.0862,1.6136932823442366e-06,0.5069073237070354
144,2,0,7360028848.3674021,-1.542044924047116e-09,0,1239552685415.0862,1.6136932823442366e-06,0.46851183406202473
144,2,1,-3529749495.1102519,8.0301892680608337e-07,0,1239552685415.0862,1.6136932823442366e-06,1.0168516615257783
144,2,2,53754912.17245131,8.8533057366398125e-07,1,1239552685415.0862,1.6136932823442366e-06,-5.5743701120422768
145,0,0,215156571974.52319,8.2711764476368484e-07,1,2192139283675.0374,1.0640364268724091e-06,-7.611227868091766
145,0,1,-486676843513.42932,3.7168173819034329e-07,0,2192139283675.0374,1.0640364268724091e-06,-4.686375058341314
145,0,2,434173321485.99908,2.4044207317741566e-07,0,2192139283675.0374,1.0640364268724091e-06,3.3398439711190129
145,1,0,-486676843513.42932,3.7168173819034329e-07,0,2192139283675.0374,1.0640364268724091e-06,-3.9549784071270029
145,1,1,1100846457249.9373,1.6702256973814752e-07,1,2192139283675.0374,1.0640364268724091e-06,-0.040346213228805522
145,1,2,-982085277244.36804,1.0804742016863248e-07,0,2192139283675.0374,1.0640364268724091e-06,-8.3165874175687211
145,2,0,434173321485.99908,2.4044207317741566e-07,0,2192139283675.0374,1.0640364268724091e-06,4.1882353108101196
145,2,1,-982085277244.36804,1.0804742016863248e-07,0,2192139283675.0374,1.0640364268724091e-06,-8.2133292613647875
145,2,2,876136254450.5769,6.9896212370576657e-08,1,2192139283675.0374,1.0640364268724091e-06,-2.474166232968066
146,0,0,1012949371309.1294,4.6269970109258648e-08,1,2135033448769.7817,4.8808755631513607e-07,-0.71392643587140825
146,0,1,768230332178.66113,-8.3851988335329211e-08,0,2135033448769.7817,4.8808755631513607e-07,7.0748040015527405
146,0,2,-739213445183.74121,1.1580902624451417e-07,0,2135033448769.7817,4.8808755631513607e-07,-6.2582963640122369
146,1,0,768230332178.66113,-8.3851988335329211e-08,0,2135033448769.7817,4.8808755631513607e-07,6.6383946065741091
146,1,1,582633110790.71399,1.5195937951084275e-07,1,2135033448769.7817,4.8808755631513607e-07,-4.0203126815374883
146,1,2,-560626430727.23914,-2.0987299310655261e-07,0,2135033448769.7817,4.8808755631513607e-07,-5.7237480243482617
146,2,0,-739213445183.74121,1.1580902624451417e-07,0,2135033448769.7817,4.8808755631513607e-07,-6.6858100345397578
146,2,1,-560626430727.23914,-2.0987299310655261e-07,0,2135033448769.7817,4.8808755631513607e-07,-5.2608603791924802
146,2,2,539450966669.93817,2.8985820669503472e-07,1,2135033448769.7817,4.8808755631513607e-07,-4.4186928402714125
147,0,0,793668600095.31628,3.4213601958372389e-07,1,1585766449609.3765,1.5016601493887635e-06,-0.31763225578892912
147,0,1,-759623992137.13794,-3.0447726907306906e-07,0,1585766449609.3765,1.5016601493887635e-06,-7.5489081654392418
147,0,2,-227232440316.01639,5.5136971534586776e-07,0,1585766449609.3765,1.5016601493887635e-06,-1.3422774855304269
147,1,0,-759623992137.13794,-3.0447726907306906e-07,0,1585766449609.3765,1.5016601493887635e-06,-6.4672039251268725
147,1,1,727039735931.42517,2.7096359949177459e-07,1,1585766449609.3765,1.5016601493887635e-06,-0.77110289193520942
147,1,2,217485249429.27869,-4.9068071050327863e-07,0,1585766449609.3765,1.5016601493887635e-06,1.8192975431758545
147,2,0,-227232440316.01639,5.5136971534586776e-07,0,1585766449609.3765,1.5016601493887635e-06,-2.4150251504594942
147,2,1,217485249429.27869,-4.9068071050327863e-07,0,1585766449609.3765,1.5016601493887635e-06,1.1221499404801296
147,2,2,65058113582.634941,8.8856053031326489e-07,1,1585766449609.3765,1.5016601493887635e-06,-6.2044707961276275
148,0,0,1189392312003.6721,2.1707507501292587e-08,1,2269171481834.8081,8.6911023973081584e-07,0.14194016075618324
148,0,1,-629534374496.90881,1.3117965613172592e-07,0,2269171481834.8081,8.6911023973081584e-07,-5.2288763040071089
148,0,2,-942320282380.48999,3.4451400314796364e-08,0,2269171481834.8081,8.6911023973081584e-07,-8.8846844817199067
148,1,0,-629534374496.90881,1.3117965613172592e-07,0,2269171481834.8081,8.6911023973081584e-07,-5.4978255097796174
148,1,1,333206734795.16376,7.9272584297451891e-07,1,2269171481834.8081,8.6911023973081584e-07,-7.1745903112024907
148,1,2,498761429309.05444,2.0819169802347486e-07,0,2269171481834.8081,8.6911023973081584e-07,3.6850877610557933
148,2,0,-942320282380.48999,3.4451400314796364e-08,0,2269171481834.8081,8.6911023973081584e-07,-8.1830347419506424
148,2,1,498761429309.05444,2.0819169802347486e-07,0,2269171481834.8081,8.6911023973081584e-07,4.9684043895526857
148,2,2,746572435035.97241,5.4676889255004359e-08,1,2269171481834.8081,8.6911023973081584e-07,-3.6714872636723315
149,0,0,7652377902.1491508,9.7548541491737464e-07,1,1531319860788.7842,1.6759849742030946e-06,-6.6108727130080558
149,0,1,-91495836494.980057,-2.2778794048242891e-07,0,1531319860788.7842,1.6759849742030946e-06,-1.7106611468041364
149,0,2,57342752640.144341,7.9463183765190415e-07,0,1531319860788.7842,1.6759849742030946e-06,1.5919682972635945
149,1,0,-91495836494.980057,-2.2778794048242891e-07,0,1531319860788.7842,1.6759849742030946e-06,-1.0116541740726013
149,1,1,1093972122516.9778,5.3191308691808087e-08,1,1531319860788.7842,1.6759849742030946e-06,2.7958709070007171
149,1,2,-685619971572.65735,-1.8555638759173729e-07,0,1531319860788.7842,1.6759849742030946e-06,-5.785675360752748
149,2,0,57342752640.144341,7.9463183765190415e-07,0,1531319860788.7842,1.6759849742030946e-06,0.23942937083185978
149,2,1,-685619971572.65735,-1.8555638759173729e-07,0,1531319860788.7842,1.6759849742030946e-06,-5.8716184342176954
149,2,2,429695360369.65717,6.4730825059391186e-07,1,1531319860788.7842,1.6759849742030946e-06,-3.5032295577270842
