p,i,j,EE,BB,delta,E2,B2,T
0,0,0,91154702605.80925,9.0884529739419079e-07,1,500330196508.37909,2.4996698034916211e-06,-1.6792289484483089
0,0,1,65510827188.068619,9.306211974297075e-07,0,500330196508.37909,2.4996698034916211e-06,1.3205976825083425
0,0,2,181677191692.87286,7.6141812313641647e-07,0,500330196508.37909,2.4996698034916211e-06,2.2144871455332669
0,1,0,65510827188.068619,9.306211974297075e-07,0,500330196508.37909,2.4996698034916211e-06,1.3205976825083425
0,1,1,47081152767.553261,9.529188472324469e-07,1,500330196508.37909,2.4996698034916211e-06,-2.0343835421344001
0,1,2,130567296790.75177,7.7966167347681943e-07,0,500330196508.37909,2.4996698034916211e-06,1.7764778921509914
0,2,0,181677191692.87286,7.6141812313641647e-07,0,500330196508.37909,2.4996698034916211e-06,2.2144871455332669
0,2,1,130567296790.75177,7.7966167347681943e-07,0,500330196508.37909,2.4996698034916211e-06,1.7764778921509914
0,2,2,362094341135.01654,6.3790565886498343e-07,1,500330196508.37909,2.4996698034916211e-06,0.50406369733201895
1,0,0,77443204562.840393,9.2255679543715957e-07,1,1494234600251.2664,1.5057653997487337e-06,-5.7942720869956412
1,0,1,246878130507.53278,-4.4327482848773678e-07,0,1494234600251.2664,1.5057653997487337e-06,1.8331120670035179
1,0,2,220843959745.96301,5.8442320923645029e-07,0,1494234600251.2664,1.5057653997487337e-06,2.4204216326288068
1,1,0,246878130507.53278,-4.4327482848773678e-07,0,1494234600251.2664,1.5057653997487337e-06,1.8331120670035179
1,1,1,787013033189.22168,2.1298696681077846e-07,1,1494234600251.2664,1.5057653997487337e-06,-0.076398552811450138
1,1,2,704019729345.3075,-2.8080666590915187e-07,0,1494234600251.2664,1.5057653997487337e-06,6.0099318389603722
1,2,0,220843959745.96301,5.8442320923645029e-07,0,1494234600251.2664,1.5057653997487337e-06,2.4204216326288068
1,2,1,704019729345.3075,-2.8080666590915187e-07,0,1494234600251.2664,1.5057653997487337e-06,6.0099318389603722
1,2,2,629778362499.20435,3.7022163750079568e-07,1,1494234600251.2664,1.5057653997487337e-06,-1.3434309517721506
2,0,0,146059352372.73801,8.5394064762726215e-07,1,801896252774.29248,2.1981037472257075e-06,-2.4518385212381779
2,0,1,297168030459.39233,5.8106816859504814e-07,0,801896252774.29248,2.1981037472257075e-06,3.093525098213743
2,0,2,-86500142240.811295,-9.0010848859088155e-07,0,801896252774.29248,2.1981037472257075e-06,-1.4821558357912115
2,1,0,297168030459.39233,5.8106816859504814e-07,0,801896252774.29248,2.1981037472257075e-06,3.093525098213743
2,1,1,604609269399.97302,3.9539073060002691e-07,1,801896252774.29248,2.1981037472257075e-06,1.2432600143746457
2,1,2,-175990626321.28333,-6.1248330601854205e-07,0,801896252774.29248,2.1981037472257075e-06,-2.0456197340192275
2,2,0,-86500142240.811295,-9.0010848859088155e-07,0,801896252774.29248,2.1981037472257075e-06,-1.4821558357912115
2,2,1,-175990626321.28333,-6.1248330601854205e-07,0,801896252774.29248,2.1981037472257075e-06,-2.0456197340192275
2,2,2,51227631001.581467,9.4877236899841844e-07,1,801896252774.29248,2.1981037472257075e-06,-3.2160138961677336
3,0,0,447059791115.05432,5.5294020888494571e-07,1,546831204133.89996,2.4531687958660997e-06,1.0013766369712309
3,0,1,173289818057.48654,7.1819132279201755e-07,0,546831204133.89996,2.4531687958660997e-06,2.1058265446212685
3,0,2,-120724587475.22041,7.3137816188395784e-07,0,546831204133.89996,2.4531687958660997e-06,-0.48688324883911993
3,1,0,173289818057.48654,7.1819132279201755e-07,0,546831204133.89996,2.4531687958660997e-06,2.1058265446212685
3,1,1,67170793793.594604,9.3282920620640536e-07,1,546831204133.89996,2.4531687958660997e-06,-2.0598544865633031
3,1,2,-46795400110.724899,9.4995704979366146e-07,0,546831204133.89996,2.4531687958660997e-06,0.34162532841791665
3,2,0,-120724587475.22041,7.3137816188395784e-07,0,546831204133.89996,2.4531687958660997e-06,-0.48688324883911993
3,2,1,-46795400110.724899,9.4995704979366146e-07,0,546831204133.89996,2.4531687958660997e-06,0.34162532841791665
3,2,2,32600619225.251019,9.6739938077474876e-07,1,546831204133.89996,2.4531687958660997e-06,-2.3384287413609091
4,0,0,171918353116.94861,8.2808164688305141e-07,1,1155166244718.3479,1.8448337552816523e-06,-3.6668254582847353
4,0,1,-370141442788.03485,4.1008433669390986e-07,0,1155166244718.3479,1.8448337552816523e-06,-2.9508975880982757
4,0,2,-178979525534.67255,-8.2084383240226888e-07,0,1155166244718.3479,1.8448337552816523e-06,-2.2378914862505725
4,1,0,-370141442788.03485,4.1008433669390986e-07,0,1155166244718.3479,1.8448337552816523e-06,-2.9508975880982757
4,1,1,796917171350.57544,2.0308282864942459e-07,1,1155166244718.3479,1.8448337552816523e-06,1.3695558216134227
4,1,2,385344197462.47888,-4.0650001096753077e-07,0,1155166244718.3479,1.8448337552816523e-06,3.0883550937708266
4,2,0,-178979525534.67255,-8.2084383240226888e-07,0,1155166244718.3479,1.8448337552816523e-06,-2.2378914862505725
4,2,1,385344197462.47888,-4.0650001096753077e-07,0,1155166244718.3479,1.8448337552816523e-06,3.0883550937708266
4,2,2,186330720250.82385,8.1366927974917617e-07,1,1155166244718.3479,1.8448337552816523e-06,-3.5506873570364608
5,0,0,270931907173.54355,7.2906809282645652e-07,1,2008752674776.7332,9.9124732522326663e-07,-6.3081478100922412
5,0,1,516316804739.63885,1.0817873482799664e-07,0,2008752674776.7332,9.9124732522326663e-07,4.6575548910912774
5,0,2,-451938106421.63513,4.236081612448711e-07,0,2008752674776.7332,9.9124732522326663e-07,-3.664363330276208
5,1,0,516316804739.63885,1.0817873482799664e-07,0,2008752674776.7332,9.9124732522326663e-07,4.6575548910912774
5,1,1,983948497014.02075,1.6051502985979184e-08,1,2008752674776.7332,9.9124732522326663e-07,-0.56249949754284956
5,1,2,-861261567461.80188,6.2854753070632853e-08,0,2008752674776.7332,9.9124732522326663e-07,-7.575591695066735
5,2,0,-451938106421.63513,4.236081612448711e-07,0,2008752674776.7332,9.9124732522326663e-07,-3.664363330276208
5,2,1,-861261567461.80188,6.2854753070632853e-08,0,2008752674776.7332,9.9124732522326663e-07,-7.575591695066735
5,2,2,753872270589.16882,2.4612772941083101e-07,1,2008752674776.7332,9.9124732522326663e-07,-2.4165055626912619
6,0,0,969026581274.2124,3.0973418725787774e-08,1,1455647735411.5515,1.5443522645884482e-06,1.5457784474472231
6,0,1,-673917108622.38074,-1.2828393645400753e-07,0,1455647735411.5515,1.5443522645884482e-06,-6.068947192772268
6,0,2,131850536879.7093,1.7440684714631412e-07,0,1455647735411.5515,1.5443522645884482e-06,1.3061932126949887
6,1,0,-673917108622.38074,-1.2828393645400753e-07,0,1455647735411.5515,1.5443522645884482e-06,-6.068947192772268
6,1,1,468680919667.60162,5.3131908033239835e-07,1,1455647735411.5515,1.5443522645884482e-06,-2.486119613921324
6,1,2,-91696486248.541779,-7.2234831726320902e-07,0,1455647735411.5515,1.5443522645884482e-06,-1.3867072158773506
6,2,0,131850536879.7093,1.7440684714631412e-07,0,1455647735411.5515,1.5443522645884482e-06,1.3061932126949887
6,2,1,-91696486248.541779,-7.2234831726320902e-07,0,1455647735411.5515,1.5443522645884482e-06,-1.3867072158773506
6,2,2,17940234469.737572,9.8205976553026225e-07,1,1455647735411.5515,1.5443522645884482e-06,-6.1182896001538722
7,0,0,907593386489.45691,9.2406613510543088e-08,1,2813802702058.2202,1.8619729794177991e-07,-4.4214234223556348
7,0,1,924909173223.0979,7.2857861264087087e-08,0,2813802702058.2202,1.8619729794177991e-07,8.2471242635337223
7,0,2,935203715434.54041,5.7953529479658535e-08,0,2813802702058.2202,1.8619729794177991e-07,8.3264116498889678
7,1,0,924909173223.0979,7.2857861264087087e-08,0,2813802702058.2202,1.8619729794177991e-07,8.2471242635337223
7,1,1,942555324274.80078,5.7444675725199237e-08,1,2813802702058.2202,1.8619729794177991e-07,-4.1396922512972445
7,1,2,953046273930.48804,4.5693376806968406e-08,0,2813802702058.2202,1.8619729794177991e-07,8.4746333433074881
7,2,0,935203715434.54041,5.7953529479658535e-08,0,2813802702058.2202,1.8619729794177991e-07,8.3264116498889678
7,2,1,953046273930.48804,4.5693376806968406e-08,0,2813802702058.2202,1.8619729794177991e-07,8.4746333433074881
7,2,2,963653991293.9624,3.6346008706037599e-08,1,2813802702058.2202,1.8619729794177991e-07,-3.9696744392533341
8,0,0,457792261401.83954,5.4220773859816046e-07,1,1478886592144.4187,1.5211134078555814e-06,-2.6674948467275117
8,0,1,-431541937465.04926,-5.6713256450099024e-07,0,1478886592144.4187,1.5211134078555814e-06,-4.2721820694591246
8,0,2,530302403336.20465,4.5730830247385087e-07,0,1478886592144.4187,1.5211134078555814e-06,5.0592118634171399
8,1,0,-431541937465.04926,-5.6713256450099024e-07,0,1478886592144.4187,1.5211134078555814e-06,-4.2721820694591246
8,1,1,406796836671.77899,5.9320316332822096e-07,1,1478886592144.4187,1.5211134078555814e-06,-3.0784274676831687
8,1,2,-499894266183.76245,-4.7833037392666516e-07,0,1478886592144.4187,1.5211134078555814e-06,-4.8067070499981499
8,2,0,530302403336.20465,4.5730830247385087e-07,0,1478886592144.4187,1.5211134078555814e-06,5.0592118634171399
8,2,1,-499894266183.76245,-4.7833037392666516e-07,0,1478886592144.4187,1.5211134078555814e-06,-4.8067070499981499
8,2,2,614297494070.80005,3.8570250592919996e-07,1,1478886592144.4187,1.5211134078555814e-06,-1.4063404236715968
9,0,0,116072713928.72792,8.8392728607127211e-07,1,1358332493546.6162,1.6416675064533841e-06,-4.9354219016591845
9,0,1,337489304724.45831,-1.2865933954604567e-07,0,1358332493546.6162,1.6416675064533841e-06,2.8857464547118949
9,0,2,-174050088254.36853,-8.0822894707934287e-07,0,1358332493546.6162,1.6416675064533841e-06,-2.184207641792355
9,1,0,337489304724.45831,-1.2865933954604567e-07,0,1358332493546.6162,1.6416675064533841e-06,2.8857464547118949
9,1,1,981273091222.24585,1.8726908777754331e-08,1,1358332493546.6162,1.6416675064533841e-06,2.0365576548414426
9,1,2,-506062461055.79614,1.1764112746807955e-07,0,1358332493546.6162,1.6416675064533841e-06,-4.3870611954507757
9,2,0,-174050088254.36853,-8.0822894707934287e-07,0,1358332493546.6162,1.6416675064533841e-06,-2.184207641792355
9,2,1,-506062461055.79614,1.1764112746807955e-07,0,1358332493546.6162,1.6416675064533841e-06,-4.3870611954507757
9,2,2,260986688395.64255,7.3901331160435763e-07,1,1358332493546.6162,1.6416675064533841e-06,-3.767672448526632
10,0,0,991659165301.04919,8.3408346989510393e-09,1,1088672558246.2197,1.9113274417537807e-06,3.2067412340229748
10,0,1,151043196617.72507,9.0271512616490596e-08,0,1088672558246.2197,1.9113274417537807e-06,1.4091722501198221
10,0,2,270906207065.34158,8.7883734181546963e-08,0,1088672558246.2197,1.9113274417537807e-06,2.468539210918371
10,1,0,151043196617.72507,9.0271512616490596e-08,0,1088672558246.2197,1.9113274417537807e-06,1.4091722501198221
10,1,1,23005935953.382565,9.769940640466175e-07,1,1088672558246.2197,1.9113274417537807e-06,-4.5988847106582229
10,1,2,41262704899.531105,9.5115152203550371e-07,0,1088672558246.2197,1.9113274417537807e-06,1.1222423209870995
10,2,0,270906207065.34158,8.7883734181546963e-08,0,1088672558246.2197,1.9113274417537807e-06,2.468539210918371
10,2,1,41262704899.531105,9.5115152203550371e-07,0,1088672558246.2197,1.9113274417537807e-06,1.1222423209870995
10,2,2,74007456991.787949,9.2599254300821205e-07,1,1088672558246.2197,1.9113274417537807e-06,-4.1879029642765184
11,0,0,173768520739.46332,8.2623147926053672e-07,1,1613688527670.3394,1.3863114723296606e-06,-5.4993543177728395
11,0,1,-413953797901.26276,-1.0706402368751297e-07,0,1613688527670.3394,1.3863114723296606e-06,-3.7503457696036575
11,0,2,280811365137.98126,6.717834591663992e-07,0,1613688527670.3394,1.3863114723296606e-06,3.02089211800021
11,1,0,-413953797901.26276,-1.0706402368751297e-07,0,1613688527670.3394,1.3863114723296606e-06,-3.7503457696036575
11,1,1,986126520889.25586,1.3873479110744203e-08,1,1613688527670.3394,1.3863114723296606e-06,1.0468094591329926
11,1,2,-668952757369.62927,-8.7050471920340515e-08,0,1613688527670.3394,1.3863114723296606e-06,-5.992180278273719
11,2,0,280811365137.98126,6.717834591663992e-07,0,1613688527670.3394,1.3863114723296606e-06,3.02089211800021
11,2,1,-668952757369.62927,-8.7050471920340515e-08,0,1613688527670.3394,1.3863114723296606e-06,-5.992180278273719
11,2,2,453793486041.62024,5.4620651395837974e-07,1,1613688527670.3394,1.3863114723296606e-06,-3.2428500620724163
12,0,0,419274912040.29315,5.8072508795970692e-07,1,1089673226290.3595,1.910326773709641e-06,-1.4096918323430552
12,0,1,480468545156.95111,5.1086363613355853e-07,0,1089673226290.3595,1.910326773709641e-06,4.6606008635024203
12,0,2,224123116509.47601,-7.1494853044460769e-07,0,1089673226290.3595,1.910326773709641e-06,1.4154481101921716
12,1,0,480468545156.95111,5.1086363613355853e-07,0,1089673226290.3595,1.910326773709641e-06,4.6606008635024203
12,1,1,550593456121.34326,4.4940654387865693e-07,1,1089673226290.3595,1.910326773709641e-06,-0.35149742010008811
12,1,2,256834131098.69339,-6.2893994677326292e-07,0,1089673226290.3595,1.910326773709641e-06,1.7735148895632391
12,2,0,224123116509.47601,-7.1494853044460769e-07,0,1089673226290.3595,1.910326773709641e-06,1.4154481101921716
12,2,1,256834131098.69339,-6.2893994677326292e-07,0,1089673226290.3595,1.910326773709641e-06,1.7735148895632391
12,2,2,119804858128.72305,8.8019514187127716e-07,1,1089673226290.3595,1.910326773709641e-06,-3.8228889927359826
13,0,0,827440420816.95801,1.7255957918304198e-07,1,1379246576597.3428,1.6207534234026574e-06,0.71267414417199071
13,0,1,577654898908.24084,-3.2089062447572949e-07,0,1379246576597.3428,1.6207534234026574e-06,4.8591998295477765
13,0,2,-350573152873.43304,3.8331309325091552e-07,0,1379246576597.3428,1.6207534234026574e-06,-2.798943827827737
13,1,0,577654898908.24084,-3.2089062447572949e-07,0,1379246576597.3428,1.6207534234026574e-06,4.8591998295477765
13,1,1,403273968539.30829,5.9672603146069182e-07,1,1379246576597.3428,1.6207534234026574e-06,-2.7053546864256171
13,1,2,-244743058337.78513,-7.1280643152552138e-07,0,1379246576597.3428,1.6207534234026574e-06,-2.734188373747656
13,2,0,-350573152873.43304,3.8331309325091552e-07,0,1379246576597.3428,1.6207534234026574e-06,-2.798943827827737
13,2,1,-244743058337.78513,-7.1280643152552138e-07,0,1379246576597.3428,1.6207534234026574e-06,-2.734188373747656
13,2,2,148532187241.07642,8.5146781275892357e-07,1,1379246576597.3428,1.6207534234026574e-06,-4.7581213495119208
14,0,0,895582205678.59863,1.0441779432140139e-07,1,2509639480954.4985,4.9036051904550159e-07,-3.2927043438002306
14,0,1,-879401465693.93835,-1.1938033513640248e-07,0,2509639480954.4985,4.9036051904550159e-07,-7.8812204294787565
14,0,2,819862205994.72217,1.6139276202110976e-07,0,2509639480954.4985,4.9036051904550159e-07,7.3874922511518371
14,1,0,-879401465693.93835,-1.1938033513640248e-07,0,2509639480954.4985,4.9036051904550159e-07,-7.8812204294787565
14,1,1,863513067768.76868,1.3648693223123138e-07,1,2509639480954.4985,4.9036051904550159e-07,-3.5511246817586395
14,1,2,-805049520911.95117,-1.8451952700097167e-07,0,2509639480954.4985,4.9036051904550159e-07,-7.2747444322503307
14,2,0,819862205994.72217,1.6139276202110976e-07,0,2509639480954.4985,4.9036051904550159e-07,7.3874922511518371
14,2,1,-805049520911.95117,-1.8451952700097167e-07,0,2509639480954.4985,4.9036051904550159e-07,-7.2747444322503307
14,2,2,750544207507.13123,2.4945579249286888e-07,1,2509639480954.4985,4.9036051904550159e-07,-4.4614532078846922
15,0,0,771288696593.78906,2.2871130340621101e-07,1,1356642079592.355,1.6433579204076452e-06,0.35126696492126075
15,0,1,-216361715475.25601,-4.6349752978542085e-07,0,1356642079592.355,1.6433579204076452e-06,-2.28450624369908
15,0,2,-636132105695.29749,-3.2972065679359233e-07,0,1356642079592.355,1.6433579204076452e-06,-5.8946970256671962
15,1,0,-216361715475.25601,-4.6349752978542085e-07,0,1356642079592.355,1.6433579204076452e-06,-2.28450624369908
15,1,1,60693735212.419556,9.3930626478758046e-07,1,1356642079592.355,1.6433579204076452e-06,-5.3748673199491872
15,1,2,178447621837.25977,6.6819919989536641e-07,0,1356642079592.355,1.6433579204076452e-06,2.1117112719140829
15,2,0,-636132105695.29749,-3.2972065679359233e-07,0,1356642079592.355,1.6433579204076452e-06,-5.8946970256671962
15,2,1,178447621837.25977,6.6819919989536641e-07,0,1356642079592.355,1.6433579204076452e-06,2.1117112719140829
15,2,2,524659647786.1463,4.7534035221385372e-07,1,1356642079592.355,1.6433579204076452e-06,-1.6361254720826648
16,0,0,840306651646.25342,1.5969334835374655e-07,1,1451853618496.0493,1.5481463815039508e-06,0.52381118032542862
16,0,1,-600623140129.23083,-3.0188762254325836e-07,0,1451853618496.0493,1.5481463815039508e-06,-5.5581518196343085
16,0,2,-391329563896.31042,3.6137318280532485e-07,0,1451853618496.0493,1.5481463815039508e-06,-3.1772603170163394
16,1,0,-600623140129.23083,-3.0188762254325836e-07,0,1451853618496.0493,1.5481463815039508e-06,-5.5581518196343085
16,1,1,429305368167.62341,5.7069463183237653e-07,1,1451853618496.0493,1.5481463815039508e-06,-2.7881297541806744
16,1,2,279709307349.08746,-6.8314737046109643e-07,0,1451853618496.0493,1.5481463815039508e-06,1.9329148029232517
16,2,0,-391329563896.31042,3.6137318280532485e-07,0,1451853618496.0493,1.5481463815039508e-06,-3.1772603170163394
16,2,1,279709307349.08746,-6.8314737046109643e-07,0,1451853618496.0493,1.5481463815039508e-06,1.9329148029232517
16,2,2,182241598682.17233,8.1775840131782763e-07,1,1451853618496.0493,1.5481463815039508e-06,-4.7790252683422274
17,0,0,141586740490.75607,8.5841325950924398e-07,1,1494020288049.2705,1.5059797119507293e-06,-5.2765255359390233
17,0,1,375276628125.71722,6.7620461258895366e-08,0,1494020288049.2705,1.5059797119507293e-06,3.3765099187426362
17,0,2,225064679840.60083,-7.4250057401207949e-07,0,1494020288049.2705,1.5059797119507293e-06,1.4018594922957188
17,1,0,375276628125.71722,6.7620461258895366e-08,0,1494020288049.2705,1.5059797119507293e-06,3.3765099187426362
17,1,1,994673280345.78601,5.3267196542139718e-09,1,1494020288049.2705,1.5059797119507293e-06,1.5978379894219652
17,1,2,596535479720.92126,-5.8489580331500824e-08,0,1494020288049.2705,1.5059797119507293e-06,5.2351806083033923
17,2,0,225064679840.60083,-7.4250057401207949e-07,0,1494020288049.2705,1.5059797119507293e-06,1.4018594922957188
17,2,1,596535479720.92126,-5.8489580331500824e-08,0,1494020288049.2705,1.5059797119507293e-06,5.2351806083033923
17,2,2,357760267212.72858,6.4223973278727138e-07,1,1494020288049.2705,1.5059797119507293e-06,-3.5345505570597284
18,0,0,934709805230.31836,6.5290194769681673e-08,1,1887364684952.2993,1.1126353150477007e-06,-0.47019008423057762
18,0,1,511305515763.62622,2.1686142278238265e-07,0,1887364684952.2993,1.1126353150477007e-06,4.6996718735799341
18,0,2,-793109403945.21716,-1.4612491301221784e-07,0,1887364684952.2993,1.1126353150477007e-06,-7.1384731736047904
18,1,0,511305515763.62622,2.1686142278238265e-07,0,1887364684952.2993,1.1126353150477007e-06,4.6996718735799341
18,1,1,279694648528.79016,7.2030535147120987e-07,1,1887364684952.2993,1.1126353150477007e-06,-5.7484497817201046
18,1,2,-433847179704.36658,-4.8535399000672884e-07,0,1887364684952.2993,1.1126353150477007e-06,-4.2275153623971873
18,2,0,-793109403945.21716,-1.4612491301221784e-07,0,1887364684952.2993,1.1126353150477007e-06,-7.1384731736047904
18,2,1,-433847179704.36658,-4.8535399000672884e-07,0,1887364684952.2993,1.1126353150477007e-06,-4.2275153623971873
18,2,2,672960231193.19104,3.2703976880680905e-07,1,1887364684952.2993,1.1126353150477007e-06,-2.5794271199542687
19,0,0,999572326252.27673,4.276737477234043e-10,1,2954204715479.3696,4.5795284520630447e-08,-4.2459319315890021
19,0,1,-977471148084.56934,-4.3448936050872387e-09,0,2954204715479.3696,4.5795284520630447e-08,-8.657987101613065
19,0,2,999172957465.32532,-7.2417931824781034e-10,0,2954204715479.3696,4.5795284520630447e-08,8.8461010818070687
19,1,0,-977471148084.56934,-4.3448936050872387e-09,0,2954204715479.3696,4.5795284520630447e-08,-8.657987101613065
19,1,1,955858640985.04993,4.4141359014950088e-08,1,2954204715479.3696,4.5795284520630447e-08,-4.5981866554898163
19,1,2,-977080609594.81921,7.357201851974131e-09,0,2954204715479.3696,4.5795284520630447e-08,-8.6452170421421961
19,2,0,999172957465.32532,-7.2417931824781034e-10,0,2954204715479.3696,4.5795284520630447e-08,8.8461010818070687
19,2,1,-977080609594.81921,7.357201851974131e-09,0,2954204715479.3696,4.5795284520630447e-08,-8.6452170421421961
19,2,2,998773748242.04297,1.226251757956954e-09,1,2954204715479.3696,4.5795284520630447e-08,-4.2523670531027458
20,0,0,707013843565.81934,2.9298615643418079e-07,1,1990191767112.6777,1.0098082328873223e-06,-2.7193173364033565
20,0,1,646614113990.59485,3.4600820090528716e-07,0,1990191767112.6777,1.0098082328873223e-06,6.0004659428947766
20,0,2,-699367387925.56616,-3.0049504144571327e-07,0,1990191767112.6777,1.0098082328873223e-06,-6.4313252087964079
20,1,0,646614113990.59485,3.4600820090528716e-07,0,1990191767112.6777,1.0098082328873223e-06,6.0004659428947766
20,1,1,591374293752.3092,4.0862570624769082e-07,1,1990191767112.6777,1.0098082328873223e-06,-3.6511668806034674
20,1,2,-639620890047.40564,-3.5487597754451786e-07,0,1990191767112.6777,1.0098082328873223e-06,-5.9456046905336208
20,2,0,-699367387925.56616,-3.0049504144571327e-07,0,1990191767112.6777,1.0098082328873223e-06,-6.4313252087964079
20,2,1,-639620890047.40564,-3.5487597754451786e-07,0,1990191767112.6777,1.0098082328873223e-06,-5.9456046905336208
20,2,2,691803629794.54907,3.0819637020545089e-07,1,1990191767112.6777,1.0098082328873223e-06,-2.8418846655982737
21,0,0,582452579180.34338,4.1754742081965662e-07,1,1230320167093.5271,1.7696798329064731e-06,-0.66145179640944496
21,0,1,251368098559.11896,6.1012361554950246e-07,0,1230320167093.5271,1.7696798329064731e-06,2.7111340912014512
21,0,2,560505331441.32947,-4.3855281896518941e-07,0,1230320167093.5271,1.7696798329064731e-06,4.6137249598555554
21,1,0,251368098559.11896,6.1012361554950246e-07,0,1230320167093.5271,1.7696798329064731e-06,2.7111340912014512
21,1,1,108482515541.68642,8.915174844583136e-07,1,1230320167093.5271,1.7696798329064731e-06,-4.4808093473377504
21,1,2,241896361065.01187,-6.4081687055141672e-07,0,1230320167093.5271,1.7696798329064731e-06,1.631804518044929
21,2,0,560505331441.32947,-4.3855281896518941e-07,0,1230320167093.5271,1.7696798329064731e-06,4.6137249598555554
21,2,1,241896361065.01187,-6.4081687055141672e-07,0,1230320167093.5271,1.7696798329064731e-06,1.631804518044929
21,2,2,539385072371.49713,4.6061492762850297e-07,1,1230320167093.5271,1.7696798329064731e-06,-1.0084994687186108
22,0,0,813878793832.29309,1.8612120616770695e-07,1,2210103730434.4976,7.8989626956550267e-07,-2.7442255637413111
22,0,1,-739392924801.62036,2.4718238211805175e-07,0,2210103730434.4976,7.8989626956550267e-07,-6.3498834663969577
22,0,2,767890597724.49194,2.2644251593732769e-07,0,2210103730434.4976,7.8989626956550267e-07,6.9791005809406066
22,1,0,-739392924801.62036,2.4718238211805175e-07,0,2210103730434.4976,7.8989626956550267e-07,-6.3498834663969577
22,1,1,671723973384.84705,3.2827602661515303e-07,1,2210103730434.4976,7.8989626956550267e-07,-3.8897411321902386
22,1,2,-697613550422.80554,3.0073198887266351e-07,0,2210103730434.4976,7.8989626956550267e-07,-5.9373554625688127
22,2,0,767890597724.49194,2.2644251593732769e-07,0,2210103730434.4976,7.8989626956550267e-07,6.9791005809406066
22,2,1,-697613550422.80554,3.0073198887266351e-07,0,2210103730434.4976,7.8989626956550267e-07,-5.9373554625688127
22,2,2,724500963217.35754,2.7549903678264261e-07,1,2210103730434.4976,7.8989626956550267e-07,-3.4644522582799642
23,0,0,322371906388.49615,6.7762809361150371e-07,1,1338951893919.5312,1.6610481060804686e-06,-3.1949299138273215
23,0,1,561578651451.64832,-1.2131296433224322e-07,0,1338951893919.5312,1.6610481060804686e-06,4.8756795902798569
23,0,2,111113666173.5249,-8.0726463625856276e-07,0,1338951893919.5312,1.6610481060804686e-06,0.34139961408123365
23,1,0,561578651451.64832,-1.2131296433224322e-07,0,1338951893919.5312,1.6610481060804686e-06,4.8756795902798569
23,1,1,978281840062.67969,2.171815993732034e-08,1,1338951893919.5312,1.6610481060804686e-06,2.0905400980872817
23,1,2,193562347000.48126,1.4452126018444314e-07,0,1338951893919.5312,1.6610481060804686e-06,1.828807385043381
23,2,0,111113666173.5249,-8.0726463625856276e-07,0,1338951893919.5312,1.6610481060804686e-06,0.34139961408123365
23,2,1,193562347000.48126,1.4452126018444314e-07,0,1338951893919.5312,1.6610481060804686e-06,1.828807385043381
23,2,2,38298147468.355537,9.6170185253164445e-07,1,1338951893919.5312,1.6610481060804686e-06,-5.4840602606320674
24,0,0,21169114922.940193,9.7883088507705985e-07,1,1641910150498.407,1.3580898495015931e-06,-6.8427428054513566
24,0,1,115050974331.68845,-6.0562593163815506e-07,0,1641910150498.407,1.3580898495015931e-06,0.53671952330853601
24,0,2,145165169885.03586,-6.6690469697639104e-08,0,1641910150498.407,1.3580898495015931e-06,1.2322218246146097
24,1,0,115050974331.68845,-6.0562593163815506e-07,0,1641910150498.407,1.3580898495015931e-06,0.53671952330853601
24,1,1,625284842699.14746,3.7471515730085267e-07,1,1641910150498.407,1.3580898495015931e-06,-1.9746421730965238
24,1,2,788950992759.72876,4.1262978577590671e-08,0,1641910150498.407,1.3580898495015931e-06,7.0182081249312303
24,2,0,145165169885.03586,-6.6690469697639104e-08,0,1641910150498.407,1.3580898495015931e-06,1.2322218246146097
24,2,1,788950992759.72876,4.1262978577590671e-08,0,1641910150498.407,1.3580898495015931e-06,7.0182081249312303
24,2,2,995456192876.31934,4.5438071236805892e-09,1,1641910150498.407,1.3580898495015931e-06,1.0082819605136661
25,0,0,59411013984.110039,9.4058898601589013e-07,1,571140521649.54626,2.4288594783504539e-06,-2.220329518953811
25,0,1,-49888384590.298424,9.4930804141738714e-07,0,571140521649.54626,2.4288594783504539e-06,0.3137235793798121
25,0,2,167073391115.8909,7.0616221635161212e-07,0,571140521649.54626,2.4288594783504539e-06,2.0412138417255354
25,1,0,-49888384590.298424,9.4930804141738714e-07,0,571140521649.54626,2.4288594783504539e-06,0.3137235793798121
25,1,1,41892079433.203896,9.5810792056679603e-07,1,571140521649.54626,2.4288594783504539e-06,-2.3615010403101335
25,1,2,-140294215362.56195,7.1270818656639581e-07,0,571140521649.54626,2.4288594783504539e-06,-0.67500982844961011
25,2,0,167073391115.8909,7.0616221635161212e-07,0,571140521649.54626,2.4288594783504539e-06,2.0412138417255354
25,2,1,-140294215362.56195,7.1270818656639581e-07,0,571140521649.54626,2.4288594783504539e-06,-0.67500982844961011
25,2,2,469837428232.23236,5.3016257176776759e-07,1,571140521649.54626,2.4288594783504539e-06,1.0869789897837108
26,0,0,918282058697.29846,8.1717941302701638e-08,1,2286023754496.3252,7.1397624550367457e-07,-2.2088108637665154
26,0,1,703770543127.54382,-1.9401496842714842e-07,0,2286023754496.3252,7.1397624550367457e-07,6.0767921825562796
26,0,2,872169526416.98425,1.1842735755328408e-07,0,2286023754496.3252,7.1397624550367457e-07,7.8164304836555605
26,1,0,703770543127.54382,-1.9401496842714842e-07,0,2286023754496.3252,7.1397624550367457e-07,6.0767921825562796
26,1,1,539369110702.95227,4.6063088929704764e-07,1,2286023754496.3252,7.1397624550367457e-07,-5.2621767619343442
26,1,2,668429939899.44482,-2.8117056879223422e-07,0,2286023754496.3252,7.1397624550367457e-07,5.6945302584934643
26,2,0,872169526416.98425,1.1842735755328408e-07,0,2286023754496.3252,7.1397624550367457e-07,7.8164304836555605
26,2,1,668429939899.44482,-2.8117056879223422e-07,0,2286023754496.3252,7.1397624550367457e-07,5.6945302584934643
26,2,2,828372585096.07471,1.7162741490392537e-07,1,2286023754496.3252,7.1397624550367457e-07,-2.9333216572596252
27,0,0,263191385659.91885,7.3680861434008107e-07,1,1984289562786.2515,1.0157104372137483e-06,-6.2719580424787402
27,0,1,471912737300.60181,-3.3667749045420879e-07,0,1984289562786.2515,1.0157104372137483e-06,3.9103959418917191
27,0,2,-479871422850.01001,3.0355482712341363e-07,0,1984289562786.2515,1.0157104372137483e-06,-4.0072203217335032
27,1,0,471912737300.60181,-3.3667749045420879e-07,0,1984289562786.2515,1.0157104372137483e-06,3.9103959418917191
27,1,1,846158513388.08398,1.5384148661191582e-07,1,1984289562786.2515,1.0157104372137483e-06,-1.5742775937636748
27,1,2,-860428756593.49426,-1.3870640953717278e-07,0,1984289562786.2515,1.0157104372137483e-06,-7.7286152644606467
27,2,0,-479871422850.01001,3.0355482712341363e-07,0,1984289562786.2515,1.0157104372137483e-06,-4.0072203217335032
27,2,1,-860428756593.49426,-1.3870640953717278e-07,0,1984289562786.2515,1.0157104372137483e-06,-7.7286152644606467
27,2,2,874939663738.24866,1.2506033626175127e-07,1,1984289562786.2515,1.0157104372137483e-06,-1.3423526002938155
28,0,0,165130311568.37003,8.3486968843162988e-07,1,195636789476.67035,2.8043632105233291e-06,0.1445272324209374
28,0,1,39232008394.496216,-9.0944379455269595e-07,0,195636789476.67035,2.8043632105233291e-06,-0.37635217451168895
28,0,2,59147220722.409332,9.0398143106283124e-07,0,195636789476.67035,2.8043632105233291e-06,1.2430550583608873
28,1,0,39232008394.496216,-9.0944379455269595e-07,0,195636789476.67035,2.8043632105233291e-06,-0.37635217451168895
28,1,1,9320823463.8893452,9.906791765361104e-07,1,195636789476.67035,2.8043632105233291e-06,-1.1110207241939047
28,1,2,14052321695.837931,-9.8472889154159726e-07,0,195636789476.67035,2.8043632105233291e-06,-0.65920309717629144
28,2,0,59147220722.409332,9.0398143106283124e-07,0,195636789476.67035,2.8043632105233291e-06,1.2430550583608873
28,2,1,14052321695.837931,-9.8472889154159726e-07,0,195636789476.67035,2.8043632105233291e-06,-0.65920309717629144
28,2,2,21185654444.41098,9.7881434555558892e-07,1,195636789476.67035,2.8043632105233291e-06,-1.0154112431898654
29,0,0,309764728188.97687,6.9023527181102316e-07,1,1283533178552.7488,1.7164668214472512e-06,-3.0732331492587153
29,0,1,-494391727348.42834,-3.8157270591025974e-07,0,1283533178552.7488,1.7164668214472512e-06,-4.680990265415824
29,0,2,-239198535270.12302,7.5016230424390947e-07,0,1283533178552.7488,1.7164668214472512e-06,-1.5209036370735467
29,1,0,-494391727348.42834,-3.8157270591025974e-07,0,1283533178552.7488,1.7164668214472512e-06,-4.680990265415824
29,1,1,789060721985.90833,2.1093927801409173e-07,1,1283533178552.7488,1.7164668214472512e-06,0.7890419467346953
29,1,2,381766438428.28052,-4.1470129388083926e-07,0,1283533178552.7488,1.7164668214472512e-06,3.0501512417052936
29,2,0,-239198535270.12302,7.5016230424390947e-07,0,1283533178552.7488,1.7164668214472512e-06,-1.5209036370735467
29,2,1,381766438428.28052,-4.1470129388083926e-07,0,1283533178552.7488,1.7164668214472512e-06,3.0501512417052936
29,2,2,184707728377.86359,8.1529227162213635e-07,1,1283533178552.7488,1.7164668214472512e-06,-4.0809706271454083
30,0,0,825588186847.23779,1.7441181315276242e-07,1,1614212624039.8452,1.385787375960155e-06,-0.248956246690554
30,0,1,-450627435486.77142,3.6264688349355721e-07,0,1614212624039.8452,1.385787375960155e-06,-3.7012700932755225
30,0,2,669338429788.61121,-2.8242777167020199e-07,0,1614212624039.8452,1.385787375960155e-06,5.7015735777096541
30,1,0,-450627435486.77142,3.6264688349355721e-07,0,1614212624039.8452,1.385787375960155e-06,-3.7012700932755225
30,1,1,245964136658.5571,7.5403586334144297e-07,1,1614212624039.8452,1.385787375960155e-06,-4.9196974234487652
30,1,2,-365342267359.97955,-5.8723975949106469e-07,0,1614212624039.8452,1.385787375960155e-06,-3.7020509877207526
30,2,0,669338429788.61121,-2.8242777167020199e-07,0,1614212624039.8452,1.385787375960155e-06,5.7015735777096541
30,2,1,-365342267359.97955,-5.8723975949106469e-07,0,1614212624039.8452,1.385787375960155e-06,-3.7020509877207526
30,2,2,542660300534.05017,4.5733969946594976e-07,1,1614212624039.8452,1.385787375960155e-06,-2.5288528938810892
31,0,0,955901044412.0387,4.4098955587961249e-08,1,1849864060115.4465,1.1501359398845534e-06,-0.14833206322249542
31,0,1,239609097368.272,-2.0359352012966539e-07,0,1849864060115.4465,1.1501359398845534e-06,1.9594843725481026
31,0,2,-892820060726.11584,-8.5584779081034862e-08,0,1849864060115.4465,1.1501359398845534e-06,-7.9731350208899014
31,1,0,239609097368.272,-2.0359352012966539e-07,0,1849864060115.4465,1.1501359398845534e-06,1.9594843725481026
31,1,1,60061153690.810844,9.3993884630918924e-07,1,1849864060115.4465,1.1501359398845534e-06,-7.3672117215323123
31,1,2,-223797023879.65735,3.9512288239734239e-07,0,1849864060115.4465,1.1501359398845534e-06,-1.6670700501192126
31,2,0,-892820060726.11584,-8.5584779081034862e-08,0,1849864060115.4465,1.1501359398845534e-06,-7.9731350208899014
31,2,1,-223797023879.65735,3.9512288239734239e-07,0,1849864060115.4465,1.1501359398845534e-06,-1.6670700501192126
31,2,2,833901862012.59705,1.6609813798740296e-07,1,1849864060115.4465,1.1501359398845534e-06,-1.1314289595269471
32,0,0,267496408383.08603,7.3250359161691408e-07,1,2025132181497.9146,9.7486781850208568e-07,-6.4018267109149773
32,0,1,-513078348899.27606,-1.0784198278067451e-07,0,2025132181497.9146,9.7486781850208568e-07,-4.6286136243160669
32,0,2,454875658223.91296,-4.0731164164896825e-07,0,2025132181497.9146,9.7486781850208568e-07,3.7033407721779854
32,1,0,-513078348899.27606,-1.0784198278067451e-07,0,2025132181497.9146,9.7486781850208568e-07,-4.6286136243160669
32,1,1,984123090476.05383,1.5876909523946088e-08,1,2025132181497.9146,9.7486781850208568e-07,-0.6270874616970421
32,1,2,-872485926397.03589,5.9965979072015839e-08,0,2025132181497.9146,9.7486781850208568e-07,-7.6772709823860721
32,2,0,454875658223.91296,-4.0731164164896825e-07,0,2025132181497.9146,9.7486781850208568e-07,3.7033407721779854
32,2,1,-872485926397.03589,5.9965979072015839e-08,0,2025132181497.9146,9.7486781850208568e-07,-7.6772709823860721
32,2,2,773512682638.77454,2.2648731736122548e-07,1,2025132181497.9146,9.7486781850208568e-07,-2.324233575318797
33,0,0,870147777.94658351,9.9912985222205347e-07,1,1177126661807.075,1.8228733381929253e-06,-5.1336514255444792
33,0,1,-12924732231.690418,-8.9850960284321437e-07,0,1177126661807.075,1.8228733381929253e-06,-0.82944680271955329
33,0,2,29265479471.840935,-1.253283727074021e-07,0,1177126661807.075,1.8228733381929253e-06,0.15938340511344745
33,1,0,-12924732231.690418,-8.9850960284321437e-07,0,1177126661807.075,1.8228733381929253e-06,-0.82944680271955329
33,1,1,191977394523.84366,8.0802260547615637e-07,1,1177126661807.075,1.8228733381929253e-06,-3.5936661777577665
33,1,2,-434694537401.66498,1.127068179735333e-07,0,1177126661807.075,1.8228733381929253e-06,-3.7590961981511097
33,2,0,29265479471.840935,-1.253283727074021e-07,0,1177126661807.075,1.8228733381929253e-06,0.15938340511344745
33,2,1,-434694537401.66498,1.127068179735333e-07,0,1177126661807.075,1.8228733381929253e-06,-3.7590961981511097
33,2,2,984279119505.28467,1.5720880494715334e-08,1,1177126661807.075,1.8228733381929253e-06,2.7908796154727531
34,0,0,991370597555.37646,8.6294024446235832e-09,1,2935920648783.6367,6.4079351216363188e-08,-4.2383547448754149
34,0,1,-967708630216.7467,2.1862531951369448e-08,0,2935920648783.6367,6.4079351216363188e-08,-8.5506945617962504
34,0,2,-995645395342.40112,-7.2775006729790068e-10,0,2935920648783.6367,6.4079351216363188e-08,-8.8160234554643484
34,1,0,-967708630216.7467,2.1862531951369448e-08,0,2935920648783.6367,6.4079351216363188e-08,-8.5506945617962504
34,1,1,944611425137.27112,5.5388574862729014e-08,1,2935920648783.6367,6.4079351216363188e-08,-4.6151506903391812
34,1,2,971881397415.14465,-1.8437498078241082e-09,0,2935920648783.6367,6.4079351216363188e-08,8.6035706832349916
34,2,0,-995645395342.40112,-7.2775006729790068e-10,0,2935920648783.6367,6.4079351216363188e-08,-8.8160234554643484
34,2,1,971881397415.14465,-1.8437498078241082e-09,0,2935920648783.6367,6.4079351216363188e-08,8.6035706832349916
34,2,2,999938626090.98926,6.1373909010590954e-11,1,2935920648783.6367,6.4079351216363188e-08,-4.1693116406910748
35,0,0,212021213590.77899,7.8797878640922113e-07,1,1105549525823.8071,1.8944504741761934e-06,-3.1437562246661503
35,0,1,385579864185.14172,4.8522011437900896e-07,0,1105549525823.8071,1.8944504741761934e-06,3.8000500159504149
35,0,2,201928515748.35779,7.9777042958786257e-07,0,1105549525823.8071,1.8944504741761934e-06,2.4227206150432252
35,1,0,385579864185.14172,4.8522011437900896e-07,0,1105549525823.8071,1.8944504741761934e-06,3.8000500159504149
35,1,1,701212058676.2749,2.9878794132372518e-07,1,1105549525823.8071,1.8944504741761934e-06,0.79825381216753832
35,1,2,367225375040.23242,4.9124959423943691e-07,0,1105549525823.8071,1.8944504741761934e-06,3.6423374766816887
35,2,0,201928515748.35779,7.9777042958786257e-07,0,1105549525823.8071,1.8944504741761934e-06,2.4227206150432252
35,2,1,367225375040.23242,4.9124959423943691e-07,0,1105549525823.8071,1.8944504741761934e-06,3.6423374766816887
35,2,2,192316253556.75317,8.0768374644324697e-07,1,1105549525823.8071,1.8944504741761934e-06,-3.302543231843198
36,0,0,971665727308.53845,2.8334272691461699e-08,1,1992452952335.252,1.007547047664748e-06,-0.59580340519328712
36,0,1,942607197316.9502,-4.9243401075283764e-08,0,1992452952335.252,1.007547047664748e-06,8.3066574715653356
36,0,2,321489709009.6828,-1.5912375447931953e-07,0,1992452952335.252,1.007547047664748e-06,2.7198432231281071
36,1,0,942607197316.9502,-4.9243401075283764e-08,0,1992452952335.252,1.007547047664748e-06,8.3066574715653356
36,1,1,914417688575.71606,8.5582311424283907e-08,1,1992452952335.252,1.007547047664748e-06,-1.0571209984004717
36,1,2,311875272595.29803,2.7654829710138867e-07,0,1992452952335.252,1.007547047664748e-06,2.9814138059954289
36,2,0,321489709009.6828,-1.5912375447931953e-07,0,1992452952335.252,1.007547047664748e-06,2.7198432231281071
36,2,1,311875272595.29803,2.7654829710138867e-07,0,1992452952335.252,1.007547047664748e-06,2.9814138059954289
36,2,2,106369536450.99742,8.9363046354900247e-07,1,1992452952335.252,1.007547047664748e-06,-7.5685550489781264
37,0,0,675804462903.75671,3.2419553709624323e-07,1,1686990560094.8206,1.3130094399051794e-06,-1.749177740421989
37,0,1,256591272707.02429,-5.4093562230469779e-07,0,1686990560094.8206,1.3130094399051794e-06,1.8413962376265769
37,0,2,-785827586738.04663,-1.6720558253600524e-07,0,1686990560094.8206,1.3130094399051794e-06,-7.0907754278444894
37,1,0,256591272707.02429,-5.4093562230469779e-07,0,1686990560094.8206,1.3130094399051794e-06,1.8413962376265769
37,1,1,97423270847.483063,9.0257672915251688e-07,1,1686990560094.8206,1.3130094399051794e-06,-6.4099036863525409
37,1,2,-298365150983.20764,2.7899044092973607e-07,0,1686990560094.8206,1.3130094399051794e-06,-2.4197115080585454
37,2,0,-785827586738.04663,-1.6720558253600524e-07,0,1686990560094.8206,1.3130094399051794e-06,-7.0907754278444894
37,2,1,-298365150983.20764,2.7899044092973607e-07,0,1686990560094.8206,1.3130094399051794e-06,-2.4197115080585454
37,2,2,913762826343.58069,8.6237173656419338e-08,1,1686990560094.8206,1.3130094399051794e-06,0.16834436051668389
38,0,0,847740567219.98486,1.5225943278001522e-07,1,1942916388524.2925,1.0570836114757076e-06,-1.3948318681042373
38,0,1,732824381845.8197,2.3623135017509743e-07,0,1942916388524.2925,1.0570836114757076e-06,6.6764140123310831
38,0,2,625614415858.85706,2.8629139946617284e-07,0,1942916388524.2925,1.0570836114757076e-06,5.7670134949630096
38,1,0,732824381845.8197,2.3623135017509743e-07,0,1942916388524.2925,1.0570836114757076e-06,6.6764140123310831
38,1,1,633485756602.17334,3.665142433978265e-07,1,1942916388524.2925,1.0570836114757076e-06,-3.1213454003591279
38,1,2,540808727697.26819,4.4418268612050854e-07,0,1942916388524.2925,1.0570836114757076e-06,5.1417898256911858
38,2,0,625614415858.85706,2.8629139946617284e-07,0,1942916388524.2925,1.0570836114757076e-06,5.7670134949630096
38,2,1,540808727697.26819,4.4418268612050854e-07,0,1942916388524.2925,1.0570836114757076e-06,5.1417898256911858
38,2,2,461690064702.1344,5.3830993529786584e-07,1,1942916388524.2925,1.0570836114757076e-06,-4.5057137886031544
39,0,0,238873263915.81973,7.6112673608418026e-07,1,1656329047381.6018,1.3436709526183985e-06,-5.1465290872072291
39,0,1,-359907724251.60089,5.9024680364039326e-07,0,1656329047381.6018,1.3436709526183985e-06,-2.7169195083058746
39,0,2,457229394808.40509,3.0821857333344543e-07,0,1656329047381.6018,1.3436709526183985e-06,4.293581609127366
39,1,0,-359907724251.60089,5.9024680364039326e-07,0,1656329047381.6018,1.3436709526183985e-06,-2.7169195083058746
39,1,1,542269016852.4458,4.5773098314755439e-07,1,1656329047381.6018,1.3436709526183985e-06,-2.7016977596710992
39,1,2,-688902509426.17761,2.3902067698821121e-07,0,1656329047381.6018,1.3436709526183985e-06,-5.909336207240151
39,2,0,457229394808.40509,3.0821857333344543e-07,0,1656329047381.6018,1.3436709526183985e-06,4.293581609127366
39,2,1,-688902509426.17761,2.3902067698821121e-07,0,1656329047381.6018,1.3436709526183985e-06,-5.909336207240151
39,2,2,875186766613.33618,1.2481323338666384e-07,1,1656329047381.6018,1.3436709526183985e-06,-0.018971530875557974
40,0,0,976019542143.09473,2.3980457856905309e-08,1,2050177317929.4785,9.4982268207052164e-07,-0.793297355591987
40,0,1,987902808767.61096,1.2885961727829931e-09,0,2050177317929.4785,9.4982268207052164e-07,8.7479169010811653
40,0,2,269159842735.7547,-1.489981877735484e-07,0,2050177317929.4785,9.4982268207052164e-07,2.2645722571028988
40,1,0,987902808767.61096,1.2885961727829931e-09,0,2050177317929.4785,9.4982268207052164e-07,8.7479169010811653
40,1,1,999930756947.74377,6.9243052256103314e-11,1,2050177317929.4785,9.4982268207052164e-07,-0.60061539986908452
40,1,2,272436926890.05222,-8.0064565765290089e-09,0,2050177317929.4785,9.4982268207052164e-07,2.4057852149804959
40,2,0,269159842735.7547,-1.489981877735484e-07,0,2050177317929.4785,9.4982268207052164e-07,2.2645722571028988
40,2,1,272436926890.05222,-8.0064565765290089e-09,0,2050177317929.4785,9.4982268207052164e-07,2.4057852149804959
40,2,2,74227018838.639923,9.2577298116136022e-07,1,2050177317929.4785,9.4982268207052164e-07,-8.0601446682935443
41,0,0,618189664478.3291,3.8181033552167092e-07,1,1790384535870.2554,1.2096154641297445e-06,-2.6300367407888645
41,0,1,697968236046.41919,-2.8447778034779079e-07,0,1790384535870.2554,1.2096154641297445e-06,5.9534305372441878
41,0,2,487318269428.96692,4.8490921458434122e-07,0,1790384535870.2554,1.2096154641297445e-06,4.7005944497836056
41,1,0,697968236046.41919,-2.8447778034779079e-07,0,1790384535870.2554,1.2096154641297445e-06,5.9534305372441878
41,1,1,788042386539.81494,2.1195761346018511e-07,1,1790384535870.2554,1.2096154641297445e-06,-1.2613252412249656
41,1,2,550207634405.46521,-3.6129429772158271e-07,0,1790384535870.2554,1.2096154641297445e-06,4.5840295280594647
41,2,0,487318269428.96692,4.8490921458434122e-07,0,1790384535870.2554,1.2096154641297445e-06,4.7005944497836056
41,2,1,550207634405.46521,-3.6129429772158271e-07,0,1790384535870.2554,1.2096154641297445e-06,4.5840295280594647
41,2,2,384152484852.11145,6.1584751514788855e-07,1,1790384535870.2554,1.2096154641297445e-06,-4.515961059175404
42,0,0,14472651329.450054,9.8552734867054985e-07,1,829734770631.19141,2.1702652293688089e-06,-3.6243583269337734
42,0,1,-38305741239.189102,9.4106763446508693e-07,0,829734770631.19141,2.1702652293688089e-06,0.40971879611279705
42,0,2,-101644845333.53819,-5.3102098809407443e-07,0,829734770631.19141,2.1702652293688089e-06,-1.3225365362867194
42,1,0,-38305741239.189102,9.4106763446508693e-07,0,829734770631.19141,2.1702652293688089e-06,0.40971879611279705
42,1,1,101386385844.7193,8.9861361415528073e-07,1,829734770631.19141,2.1702652293688089e-06,-2.9239878738889891
42,1,2,269030259557.27661,-5.0706524358874624e-07,0,829734770631.19141,2.1702652293688089e-06,1.9784842181839024
42,2,0,-101644845333.53819,-5.3102098809407443e-07,0,829734770631.19141,2.1702652293688089e-06,-1.3225365362867194
42,2,1,269030259557.27661,-5.0706524358874624e-07,0,829734770631.19141,2.1702652293688089e-06,1.9784842181839024
42,2,2,713875733457.02197,2.8612426654297823e-07,1,829734770631.19141,2.1702652293688089e-06,2.0115892735521981
43,0,0,937918218736.54797,6.2081781263452008e-08,1,1669034226464.5806,1.3309657735354198e-06,0.43534204509411301
43,0,1,-714189858642.79358,1.6828519376228586e-07,0,1669034226464.5806,1.3309657735354198e-06,-6.1895199062410677
43,0,2,419117966054.71234,2.2462117446339278e-07,0,1669034226464.5806,1.3309657735354198e-06,3.8896183226432028
43,1,0,-714189858642.79358,1.6828519376228586e-07,0,1669034226464.5806,1.3309657735354198e-06,-6.1895199062410677
43,1,1,543829029012.05536,4.5617097098794467e-07,1,1669034226464.5806,1.3309657735354198e-06,-2.7403174279078804
43,1,2,-319142751416.52722,6.0888101305072653e-07,0,1669034226464.5806,1.3309657735354198e-06,-2.341157806132812
43,2,0,419117966054.71234,2.2462117446339278e-07,0,1669034226464.5806,1.3309657735354198e-06,3.8896183226432028
43,2,1,-319142751416.52722,6.0888101305072653e-07,0,1669034226464.5806,1.3309657735354198e-06,-2.341157806132812
43,2,2,187286978715.97708,8.1271302128402315e-07,1,1669034226464.5806,1.3309657735354198e-06,-5.6134135926056565
44,0,0,565620633261.10767,4.3437936673889223e-07,1,835981364824.21265,2.1640186351757872e-06,0.79174804495715867
44,0,1,-224671850395.05124,6.2897872350256787e-07,0,835981364824.21265,2.1640186351757872e-06,-1.4887191986724626
44,0,2,-320069004803.21979,-5.9641040860419218e-07,0,835981364824.21265,2.1640186351757872e-06,-3.308499291731779
44,1,0,-224671850395.05124,6.2897872350256787e-07,0,835981364824.21265,2.1640186351757872e-06,-1.4887191986724626
44,1,1,89242572479.908737,9.1075742752009122e-07,1,835981364824.21265,2.1640186351757872e-06,-3.0470136894302797
44,1,2,127135559303.48434,-8.6359870245172588e-07,0,835981364824.21265,2.1640186351757872e-06,0.43842823035835488
44,2,0,-320069004803.21979,-5.9641040860419218e-07,0,835981364824.21265,2.1640186351757872e-06,-3.308499291731779
44,2,1,127135559303.48434,-8.6359870245172588e-07,0,835981364824.21265,2.1640186351757872e-06,0.43842823035835488
44,2,2,181118159083.19629,8.1888184091680357e-07,1,835981364824.21265,2.1640186351757872e-06,-2.3066595144316762
45,0,0,292084877102.12408,7.0791512289787593e-07,1,1762902189934.6353,1.237097810065365e-06,-5.1471331163850591
45,0,1,482579271732.38538,3.7879540475240421e-07,0,1762902189934.6353,1.237097810065365e-06,4.574192677352741
45,0,2,443532118963.89301,4.807603023961768e-07,0,1762902189934.6353,1.237097810065365e-06,4.3096102741498381
45,1,0,482579271732.38538,3.7879540475240421e-07,0,1762902189934.6353,1.237097810065365e-06,4.574192677352741
45,1,1,797311917742.09753,2.0268808225790234e-07,1,1762902189934.6353,1.237097810065365e-06,-1.0758998030664433
45,1,2,732798661413.34253,2.5724806187156319e-07,0,1762902189934.6353,1.237097810065365e-06,6.692910851392079
45,2,0,443532118963.89301,4.807603023961768e-07,0,1762902189934.6353,1.237097810065365e-06,4.3096102741498381
45,2,1,732798661413.34253,2.5724806187156319e-07,0,1762902189934.6353,1.237097810065365e-06,6.692910851392079
45,2,2,673505395090.41345,3.2649460490958657e-07,1,1762902189934.6353,1.237097810065365e-06,-2.0735606542892828
46,0,0,667021505100.94556,3.3297849489905443e-07,1,1858816425798.9678,1.1411835742010319e-06,-2.5122585608392658
46,0,1,742054551371.35022,-2.4102989422581503e-07,0,1858816425798.9678,1.1411835742010319e-06,6.3783455023471589
46,0,2,494275110201.51636,-4.5936858944124141e-07,0,1858816425798.9678,1.1411835742010319e-06,4.0107579171705998
46,1,0,742054551371.35022,-2.4102989422581503e-07,0,1858816425798.9678,1.1411835742010319e-06,6.3783455023471589
46,1,1,825528042199.48267,1.7447195780051732e-07,1,1858816425798.9678,1.1411835742010319e-06,-1.2349771758268737
46,1,2,549875967041.12769,3.325186587717942e-07,0,1858816425798.9678,1.1411835742010319e-06,5.1332117532512349
46,2,0,494275110201.51636,-4.5936858944124141e-07,0,1858816425798.9678,1.1411835742010319e-06,4.0107579171705998
46,2,1,549875967041.12769,3.325186587717942e-07,0,1858816425798.9678,1.1411835742010319e-06,5.1332117532512349
46,2,2,366266878498.53967,6.3373312150146028e-07,1,1858816425798.9678,1.1411835742010319e-06,-4.9358070973693167
47,0,0,546667126746.95599,4.5333287325304409e-07,1,1787349076021.1704,1.21265092397883e-06,-3.1941512530972669
47,0,1,-680145446513.29797,-2.6403763760012785e-07,0,1787349076021.1704,1.21265092397883e-06,-6.2321222593605743
47,0,2,-464372919111.11041,-5.2393507191155349e-07,0,1787349076021.1704,1.21265092397883e-06,-4.5284921085794281
47,1,0,-680145446513.29797,-2.6403763760012785e-07,0,1787349076021.1704,1.21265092397883e-06,-6.2321222593605743
47,1,1,846214827596.36108,1.5378517240363903e-07,1,1787349076021.1704,1.21265092397883e-06,-0.78032839618661032
47,1,2,577757671834.01147,3.0515893906101314e-07,0,1787349076021.1704,1.21265092397883e-06,5.3583041943195306
47,2,0,-464372919111.11041,-5.2393507191155349e-07,0,1787349076021.1704,1.21265092397883e-06,-4.5284921085794281
47,2,1,577757671834.01147,3.0515893906101314e-07,0,1787349076021.1704,1.21265092397883e-06,5.3583041943195306
47,2,2,394467121677.85321,6.0553287832214686e-07,1,1787349076021.1704,1.21265092397883e-06,-4.420613182252306
48,0,0,880431447037.70483,1.195685529622952e-07,1,1308898272243.2363,1.6911017277567638e-06,1.4231290139531692
48,0,1,268066858787.73282,-3.3137516493452047e-07,0,1308898272243.2363,1.6911017277567638e-06,2.1097639901204808
48,0,2,-552608203108.70801,2.794574166255669e-07,0,1308898272243.2363,1.6911017277567638e-06,-4.6704078841262495
48,1,0,268066858787.73282,-3.3137516493452047e-07,0,1308898272243.2363,1.6911017277567638e-06,2.1097639901204808
48,1,1,81618893807.236832,9.1838110619276314e-07,1,1308898272243.2363,1.6911017277567638e-06,-5.01388250009696
48,1,2,-168253809704.43784,-7.7449500919923671e-07,0,1308898272243.2363,1.6911017277567638e-06,-2.1060427766933998
48,2,0,-552608203108.70801,2.794574166255669e-07,0,1308898272243.2363,1.6911017277567638e-06,-4.6704078841262495
48,2,1,-168253809704.43784,-7.7449500919923671e-07,0,1308898272243.2363,1.6911017277567638e-06,-2.1060427766933998
48,2,2,346847931398.29468,6.5315206860170545e-07,1,1308898272243.2363,1.6911017277567638e-06,-2.8766071631863492
49,0,0,234837015416.48892,7.6516298458351102e-07,1,284526215280.53925,2.7154737847194608e-06,0.34809404660131449
49,0,1,107965451918.57565,-8.527501421724108e-07,0,284526215280.53925,2.7154737847194608e-06,0.27732910954179024
49,0,2,3510639047.9110789,8.747129973439355e-07,0,284526215280.53925,2.7154737847194608e-06,0.72715768470028097
49,1,0,107965451918.57565,-8.527501421724108e-07,0,284526215280.53925,2.7154737847194608e-06,0.27732910954179024
49,1,1,49636718416.426498,9.5036328158357355e-07,1,284526215280.53925,2.7154737847194608e-06,-1.1442916693890028
49,1,2,1614003357.4285691,-9.7484019466925309e-07,0,284526215280.53925,2.7154737847194608e-06,-0.76146279280471318
49,2,0,3510639047.9110789,8.747129973439355e-07,0,284526215280.53925,2.7154737847194608e-06,0.72715768470028097
49,2,1,1614003357.4285691,-9.7484019466925309e-07,0,284526215280.53925,2.7154737847194608e-06,-0.76146279280471318
49,2,2,52481447.623834185,9.9994751855237618e-07,1,284526215280.53925,2.7154737847194608e-06,-1.5438526214456574
50,0,0,651208064300.38953,3.4879193569961043e-07,1,1835027195023.7048,1.1649728049762951e-06,-2.5438373388673945
50,0,1,545447663654.07886,-4.3524895579232182e-07,0,1835027195023.7048,1.1649728049762951e-06,4.4830335000435451
50,0,2,688040268308.77197,3.0860274100807825e-07,0,1835027195023.7048,1.1649728049762951e-06,6.3374867940215847
50,1,0,545447663654.07886,-4.3524895579232182e-07,0,1835027195023.7048,1.1649728049762951e-06,4.4830335000435451
50,1,1,456863435966.99707,5.4313656403300295e-07,1,1835027195023.7048,1.1649728049762951e-06,-4.1099101368181676
50,1,2,576298079557.92029,-3.850978392289831e-07,0,1835027195023.7048,1.1649728049762951e-06,4.7960920729693219
50,2,0,688040268308.77197,3.0860274100807825e-07,0,1835027195023.7048,1.1649728049762951e-06,6.3374867940215847
50,2,1,576298079557.92029,-3.850978392289831e-07,0,1835027195023.7048,1.1649728049762951e-06,4.7960920729693219
50,2,2,726955694756.31824,2.7304430524368171e-07,1,1835027195023.7048,1.1649728049762951e-06,-1.9334458678833979
51,0,0,440823026322.69336,5.5917697367730638e-07,1,1614598033800.3816,1.3854019661996182e-06,-3.3510334511783628
51,0,1,-472947959871.79993,-5.2482640150188141e-07,0,1614598033800.3816,1.3854019661996182e-06,-4.6051248170256969
51,0,2,541984573831.5426,-4.319296692538815e-07,0,1614598033800.3816,1.3854019661996182e-06,4.4550127070554648
51,1,0,-472947959871.79993,-5.2482640150188141e-07,0,1614598033800.3816,1.3854019661996182e-06,-4.6051248170256969
51,1,1,507413994710.79022,4.9258600528920988e-07,1,1614598033800.3816,1.3854019661996182e-06,-2.8144284259913617
51,1,2,-581481644944.6875,4.0539597423986763e-07,0,1614598033800.3816,1.3854019661996182e-06,-4.8258346182911147
51,2,0,541984573831.5426,-4.319296692538815e-07,0,1614598033800.3816,1.3854019661996182e-06,4.4550127070554648
51,2,1,-581481644944.6875,4.0539597423986763e-07,0,1614598033800.3816,1.3854019661996182e-06,-4.8258346182911147
51,2,2,666361012766.89795,3.3363898723310203e-07,1,1614598033800.3816,1.3854019661996182e-06,-1.5335975461893154
52,0,0,875806816314.01587,1.2419318368598409e-07,1,2002105807265.4539,9.9789419273454582e-07,-1.4071485453511459
52,0,1,849016214188.7594,-1.482450306218766e-07,0,2002105807265.4539,9.9789419273454582e-07,7.3992199133658705
52,0,2,-515355994946.65247,-2.9416172558529187e-07,0,2002105807265.4539,9.9789419273454582e-07,-4.7970484427343649
52,1,0,849016214188.7594,-1.482450306218766e-07,0,2002105807265.4539,9.9789419273454582e-07,7.3992199133658705
52,1,1,823045126537.31641,1.7695487346268352e-07,1,2002105807265.4539,9.9789419273454582e-07,-1.8323141279648285
52,1,2,-499591448295.1554,3.5113049462872464e-07,0,2002105807265.4539,9.9789419273454582e-07,-4.1439619137529871
52,2,0,-515355994946.65247,-2.9416172558529187e-07,0,2002105807265.4539,9.9789419273454582e-07,-4.7970484427343649
52,2,1,-499591448295.1554,3.5113049462872464e-07,0,2002105807265.4539,9.9789419273454582e-07,-4.1439619137529871
52,2,2,303253864414.12158,6.9674613558587829e-07,1,2002105807265.4539,9.9789419273454582e-07,-6.0209092190891873
53,0,0,177272734020.32126,8.2272726597967872e-07,1,365282582331.86316,2.6347174176681365e-06,-0.44114840066199607
53,0,1,-136559695562.16542,-8.5800866497255695e-07,0,365282582331.86316,2.6347174176681365e-06,-1.8918811457377145
53,0,2,121162986843.76187,-8.6867418190755449e-07,0,365282582331.86316,2.6347174176681365e-06,0.38150813558018959
53,1,0,-136559695562.16542,-8.5800866497255695e-07,0,365282582331.86316,2.6347174176681365e-06,-1.8918811457377145
53,1,1,105196947263.7206,8.9480305273627931e-07,1,365282582331.86316,2.6347174176681365e-06,-1.0219513279071866
53,1,2,-93336297249.694733,9.0592594403336385e-07,0,365282582331.86316,2.6347174176681365e-06,-0.10548661550828919
53,2,0,121162986843.76187,-8.6867418190755449e-07,0,365282582331.86316,2.6347174176681365e-06,0.38150813558018959
53,2,1,-93336297249.694733,9.0592594403336385e-07,0,365282582331.86316,2.6347174176681365e-06,-0.10548661550828919
53,2,2,82812901047.82132,9.1718709895217872e-07,1,365282582331.86316,2.6347174176681365e-06,-1.2023270150944696
54,0,0,969487212424.95422,3.051278757504563e-08,1,1438915940192.7104,1.5610840598072892e-06,1.6169046046770874
54,0,1,-657534687304.76221,1.300204805260849e-07,0,1438915940192.7104,1.5610840598072892e-06,-5.718345110501815
54,0,2,150841916279.20749,-1.726171218096738e-07,0,1438915940192.7104,1.5610840598072892e-06,1.1981899857445759
54,1,0,-657534687304.76221,1.300204805260849e-07,0,1438915940192.7104,1.5610840598072892e-06,-5.718345110501815
54,1,1,445959327227.78308,5.5404067277221692e-07,1,1438915940192.7104,1.5610840598072892e-06,-2.6018010369807847
54,1,2,-102305415669.19058,-7.3555262918943426e-07,0,1438915940192.7104,1.5610840598072892e-06,-1.4911463345337053
54,2,0,150841916279.20749,-1.726171218096738e-07,0,1438915940192.7104,1.5610840598072892e-06,1.1981899857445759
54,2,1,-102305415669.19058,-7.3555262918943426e-07,0,1438915940192.7104,1.5610840598072892e-06,-1.4911463345337053
54,2,2,23469400539.973309,9.7653059946002658e-07,1,1438915940192.7104,1.5610840598072892e-06,-6.0063200466801661
55,0,0,619449719535.95874,3.8055028046404135e-07,1,2207868312665.4673,7.9213168733453256e-07,-4.3019720962918848
55,0,1,-784920428888.60449,4.536302945598103e-08,0,2207868312665.4673,7.9213168733453256e-07,-6.9135867255219905
55,0,2,-606502574053.15735,-3.9315342472999769e-07,0,2207868312665.4673,7.9213168733453256e-07,-5.6828353453630873
55,1,0,-784920428888.60449,4.536302945598103e-08,0,2207868312665.4673,7.9213168733453256e-07,-6.9135867255219905
55,1,1,994592555709.28772,5.4074442907121897e-09,1,2207868312665.4673,7.9213168733453256e-07,-1.278986608525722
55,1,2,768514772925.34631,-4.686537181105014e-08,0,2207868312665.4673,7.9213168733453256e-07,6.7671355215631745
55,2,0,-606502574053.15735,-3.9315342472999769e-07,0,2207868312665.4673,7.9213168733453256e-07,-5.6828353453630873
55,2,1,768514772925.34631,-4.686537181105014e-08,0,2207868312665.4673,7.9213168733453256e-07,6.7671355215631745
55,2,2,593826037420.22083,4.0617396257977903e-07,1,2207868312665.4673,7.9213168733453256e-07,-4.5084534993999528
56,0,0,984276830336.0603,1.572316966393975e-08,1,1225143892024.3401,1.7748561079756598e-06,2.5973943395162444
56,0,1,-469024243693.91479,-1.104946843784608e-07,0,1225143892024.3401,1.7748561079756598e-06,-4.2406695296869756
56,0,2,130752158063.45822,1.2429831203441327e-07,0,1225143892024.3401,1.7748561079756598e-06,1.2565930613851373
56,1,0,-469024243693.91479,-1.104946843784608e-07,0,1225143892024.3401,1.7748561079756598e-06,-4.2406695296869756
56,1,1,223497835560.69287,7.7650216443930719e-07,1,1225143892024.3401,1.7748561079756598e-06,-3.5331341921299435
56,1,2,-62305573144.622604,-8.7350725398052654e-07,0,1225143892024.3401,1.7748561079756598e-06,-1.2467685311106309
56,2,0,130752158063.45822,1.2429831203441327e-07,0,1225143892024.3401,1.7748561079756598e-06,1.2565930613851373
56,2,1,-62305573144.622604,-8.7350725398052654e-07,0,1225143892024.3401,1.7748561079756598e-06,-1.2467685311106309
56,2,2,17369226127.586945,9.8263077387241286e-07,1,1225143892024.3401,1.7748561079756598e-06,-5.1941649645309758
57,0,0,112105348556.41608,8.8789465144358393e-07,1,221091997850.78473,2.7789080021492152e-06,-0.38532176710558408
57,0,1,103472445725.51265,8.9615671684334581e-07,0,221091997850.78473,2.7789080021492152e-06,1.6292838908068012
57,0,2,38877233475.672035,9.3590799695081969e-07,0,221091997850.78473,2.7789080021492152e-06,1.0889909451633875
57,1,0,103472445725.51265,8.9615671684334581e-07,0,221091997850.78473,2.7789080021492152e-06,1.6292838908068012
57,1,1,95504337324.558426,9.0449566267544156e-07,1,221091997850.78473,2.7789080021492152e-06,-0.51909645556308059
57,1,2,35883412188.359215,9.4461683765213025e-07,0,221091997850.78473,2.7789080021492152e-06,1.0694139267165872
57,2,0,38877233475.672035,9.3590799695081969e-07,0,221091997850.78473,2.7789080021492152e-06,1.0889909451633875
57,2,1,35883412188.359215,9.4461683765213025e-07,0,221091997850.78473,2.7789080021492152e-06,1.0694139267165872
57,2,2,13482311969.810213,9.8651768803018974e-07,1,221091997850.78473,2.7789080021492152e-06,-1.1800484141659366
58,0,0,926491677644.41309,7.3508322355587028e-08,1,1635100589109.8503,1.3648994108901497e-06,0.47998685001478847
58,0,1,-156994881997.43158,2.6749352445091025e-07,0,1635100589109.8503,1.3648994108901497e-06,-1.1771681018980835
58,0,2,-794904312608.76111,-1.5288952482090244e-07,0,1635100589109.8503,1.3648994108901497e-06,-7.1597484019490585
58,1,0,-156994881997.43158,2.6749352445091025e-07,0,1635100589109.8503,1.3648994108901497e-06,-1.1771681018980835
58,1,1,26602929705.804783,9.7339707029419533e-07,1,1635100589109.8503,1.3648994108901497e-06,-6.7715194118976179
58,1,2,134697279822.90468,-5.56358199118385e-07,0,1635100589109.8503,1.3648994108901497e-06,0.74987392795501817
58,2,0,-794904312608.76111,-1.5288952482090244e-07,0,1635100589109.8503,1.3648994108901497e-06,-7.1597484019490585
58,2,1,134697279822.90468,-5.56358199118385e-07,0,1635100589109.8503,1.3648994108901497e-06,0.74987392795501817
58,2,2,682005981759.63257,3.1799401824036738e-07,1,1635100589109.8503,1.3648994108901497e-06,-1.4901339662724347
59,0,0,190668732817.05542,8.0933126718294477e-07,1,309976650354.5672,2.6900233496454331e-06,-0.11036659472421623
59,0,1,123365247341.34865,-8.6297813930354647e-07,0,309976650354.5672,2.6900233496454331e-06,0.40553971670827249
59,0,2,-86771569078.396744,8.8168681365011111e-07,0,309976650354.5672,2.6900233496454331e-06,-0.066651399363334973
59,1,0,123365247341.34865,-8.6297813930354647e-07,0,309976650354.5672,2.6900233496454331e-06,0.40553971670827249
59,1,1,79818982518.725723,9.2018101748127434e-07,1,309976650354.5672,2.6900233496454331e-06,-1.0036188553632202
59,1,2,-56142378057.467232,-9.4012980437620208e-07,0,309976650354.5672,2.6900233496454331e-06,-1.2452161428932604
59,2,0,-86771569078.396744,8.8168681365011111e-07,0,309976650354.5672,2.6900233496454331e-06,-0.066651399363334973
59,2,1,-56142378057.467232,-9.4012980437620208e-07,0,309976650354.5672,2.6900233496454331e-06,-1.2452161428932604
59,2,2,39488935018.786034,9.6051106498121404e-07,1,309976650354.5672,2.6900233496454331e-06,-1.3286074638539542
60,0,0,739191088685.26697,2.6080891131473297e-07,1,1478860227860.7334,1.5211397721392666e-06,-0.3998134770034445
60,0,1,-621245668831.46704,-3.530374737441026e-07,0,1478860227860.7334,1.5211397721392666e-06,-5.7814474470490547
60,0,2,-401012038737.18115,-4.5174114472824919e-07,0,1478860227860.7334,1.5211397721392666e-06,-3.9100447718864624
60,1,0,-621245668831.46704,-3.530374737441026e-07,0,1478860227860.7334,1.5211397721392666e-06,-5.7814474470490547
60,1,1,522119634488.9718,4.7788036551102815e-07,1,1478860227860.7334,1.5211397721392666e-06,-2.1490241577600102
60,1,2,337026509150.49603,6.1148812637262473e-07,0,1478860227860.7334,1.5211397721392666e-06,3.4706395017895155
60,2,0,-401012038737.18115,-4.5174114472824919e-07,0,1478860227860.7334,1.5211397721392666e-06,-3.9100447718864624
60,2,1,337026509150.49603,6.1148812637262473e-07,0,1478860227860.7334,1.5211397721392666e-06,3.4706395017895155
60,2,2,217549504686.49451,7.8245049531350565e-07,1,1478860227860.7334,1.5211397721392666e-06,-4.6033188786501213
61,0,0,994224258655.59155,5.7757413444083717e-09,1,2263774088659.6777,7.3622591134032218e-07,-1.5072050979902409
61,0,1,913133598502.28589,-3.0526650593505451e-08,0,2263774088659.6777,7.3622591134032218e-07,8.0605925444492605
61,0,2,-654525988673.03284,-5.7332493844394699e-08,0,2263774088659.6777,7.3622591134032218e-07,-5.840796852686637
61,1,0,913133598502.28589,-3.0526650593505451e-08,0,2263774088659.6777,7.3622591134032218e-07,8.0605925444492605
61,1,1,838656833661.68433,1.6134316633831566e-07,1,2263774088659.6777,7.3622591134032218e-07,-2.7608024555270054
61,1,2,-601141710380.76758,3.0302066918847014e-07,0,2263774088659.6777,7.3622591134032218e-07,-5.0813725169095205
61,2,0,-654525988673.03284,-5.7332493844394699e-08,0,2263774088659.6777,7.3622591134032218e-07,-5.840796852686637
61,2,1,-601141710380.76758,3.0302066918847014e-07,0,2263774088659.6777,7.3622591134032218e-07,-5.0813725169095205
61,2,2,430892996342.40204,5.6910700365759813e-07,1,2263774088659.6777,7.3622591134032218e-07,-6.0466553195345139
62,0,0,49293666423.459969,9.5070633357654013e-07,1,1747176668030.7798,1.2528233319692203e-06,-7.0402394900309542
62,0,1,187526441538.69727,5.2198772814299049e-07,0,1747176668030.7798,1.2528233319692203e-06,2.0757437492199524
62,0,2,220292333119.2616,1.2146339169138143e-07,0,1747176668030.7798,1.2528233319692203e-06,2.047125813399894
62,1,0,187526441538.69727,5.2198772814299049e-07,0,1747176668030.7798,1.2528233319692203e-06,2.0757437492199524
62,1,1,713401311520.82605,2.8659868847917405e-07,1,1747176668030.7798,1.2528233319692203e-06,-1.6887104726506941
62,1,2,838051626617.32483,6.6689783839987358e-08,0,1747176668030.7798,1.2528233319692203e-06,7.4731791458291132
62,2,0,220292333119.2616,1.2146339169138143e-07,0,1747176668030.7798,1.2528233319692203e-06,2.047125813399894
62,2,1,838051626617.32483,6.6689783839987358e-08,0,1747176668030.7798,1.2528233319692203e-06,7.4731791458291132
62,2,2,984481690086.4939,1.5518309913506193e-08,1,1747176668030.7798,1.2528233319692203e-06,0.49571628804998719
63,0,0,856010591953.33887,1.4398940804666101e-07,1,2437530566317.8843,5.624694336821153e-07,-3.32104638248842
63,0,1,-742384158073.09009,-2.2645795168159339e-07,0,2437530566317.8843,5.624694336821153e-07,-6.7532788476420951
63,0,2,895914957618.151,-9.4728492497124151e-08,0,2437530566317.8843,5.624694336821153e-07,7.8570484955883035
63,1,0,-742384158073.09009,-2.2645795168159339e-07,0,2437530566317.8843,5.624694336821153e-07,-6.7532788476420951
63,1,1,643840442324.72888,3.5615955767527099e-07,1,2437530566317.8843,5.624694336821153e-07,-5.0307612468504308
63,1,2,-776991637450.08252,1.4898332223042553e-07,0,2437530566317.8843,5.624694336821153e-07,-6.7609267971269063
63,2,0,895914957618.151,-9.4728492497124151e-08,0,2437530566317.8843,5.624694336821153e-07,7.8570484955883035
63,2,1,-776991637450.08252,1.4898332223042553e-07,0,2437530566317.8843,5.624694336821153e-07,-6.7609267971269063
63,2,2,937679532039.81665,6.2320467960183359e-08,1,2437530566317.8843,5.624694336821153e-07,-2.6629396645219394
64,0,0,847699144733.47046,1.5230085526652952e-07,1,2726125903045.4458,2.7387409695455402e-07,-4.550805016335949
64,0,1,865037779417.1842,-1.336419122718355e-07,0,2726125903045.4458,2.7387409695455402e-07,7.5526956442481676
64,0,2,-918722154215.57874,-2.5603671044161922e-08,0,2726125903045.4458,2.7387409695455402e-07,-8.1547407074646205
64,1,0,865037779417.1842,-1.336419122718355e-07,0,2726125903045.4458,2.7387409695455402e-07,7.5526956442481676
64,1,1,882731054369.86975,1.172689456301302e-07,1,2726125903045.4458,2.7387409695455402e-07,-4.2685099963381781
64,1,2,-937513476475.06616,2.2466870284692353e-08,0,2726125903045.4458,2.7387409695455402e-07,-8.2828657534021684
64,2,0,-918722154215.57874,-2.5603671044161922e-08,0,2726125903045.4458,2.7387409695455402e-07,-8.1547407074646205
64,2,1,-937513476475.06616,2.2466870284692353e-08,0,2726125903045.4458,2.7387409695455402e-07,-8.2828657534021684
64,2,2,995695703942.10559,4.3042960578943157e-09,1,2726125903045.4458,2.7387409695455402e-07,-3.3582154008959266
65,0,0,3589588125.0586176,9.9641041187494149e-07,1,1022843603553.1431,1.9771563964468574e-06,-4.4901137420805446
65,0,1,8473655765.9406385,-9.8816958470722202e-07,0,1022843603553.1431,1.9771563964468574e-06,-0.7113346219444604
65,0,2,59890727731.087936,2.731999801526517e-08,0,1022843603553.1431,1.9771563964468574e-06,0.55201306697800367
65,1,0,8473655765.9406385,-9.8816958470722202e-07,0,1022843603553.1431,1.9771563964468574e-06,-0.7113346219444604
65,1,1,20003086576.537659,9.7999691342346254e-07,1,1022843603553.1431,1.9771563964468574e-06,-4.3578500738510693
65,1,2,141379287172.84991,-2.7094047564343453e-08,0,1022843603553.1431,1.9771563964468574e-06,1.2302114506372521
65,2,0,59890727731.087936,2.731999801526517e-08,0,1022843603553.1431,1.9771563964468574e-06,0.55201306697800367
65,2,1,141379287172.84991,-2.7094047564343453e-08,0,1022843603553.1431,1.9771563964468574e-06,1.2302114506372521
65,2,2,999250928851.54675,7.4907114845340514e-10,1,1022843603553.1431,1.9771563964468574e-06,3.5331496486011589
66,0,0,127151478832.91086,8.7284852116708929e-07,1,1823411684424.6982,1.1765883155753018e-06,-6.7200031658105202
66,0,1,-326734468594.3255,3.741811757640485e-07,0,1823411684424.6982,1.1765883155753018e-06,-2.5951430662602295
66,0,2,330040271268.2149,-3.5370507216131115e-07,0,1823411684424.6982,1.1765883155753018e-06,2.6407070086530333
66,1,0,-326734468594.3255,3.741811757640485e-07,0,1823411684424.6982,1.1765883155753018e-06,-2.5951430662602295
66,1,1,839592381838.53967,1.6040761816146029e-07,1,1823411684424.6982,1.1765883155753018e-06,-0.97899386746968076
66,1,2,-848087129126.14563,-1.5162972333167456e-07,0,1823411684424.6982,1.1765883155753018e-06,-7.629626541222355
66,2,0,330040271268.2149,-3.5370507216131115e-07,0,1823411684424.6982,1.1765883155753018e-06,2.6407070086530333
66,2,1,-848087129126.14563,-1.5162972333167456e-07,0,1823411684424.6982,1.1765883155753018e-06,-7.629626541222355
66,2,2,856667823753.2478,1.433321762467523e-07,1,1823411684424.6982,1.1765883155753018e-06,-0.84139610968787659
67,0,0,890582206557.01221,1.0941779344298783e-07,1,2224658420238.1699,7.753415797618305e-07,-2.1847746686047307
67,0,1,678738891225.64246,-2.2982037661396827e-07,0,2224658420238.1699,7.753415797618305e-07,5.8266688981050674
67,0,2,-852888067470.27173,-1.4158568357436878e-07,0,2224658420238.1699,7.753415797618305e-07,-7.6641412564413134
67,1,0,678738891225.64246,-2.2982037661396827e-07,0,2224658420238.1699,7.753415797618305e-07,5.8266688981050674
67,1,1,517286870398.21606,4.8271312960178401e-07,1,2224658420238.1699,7.753415797618305e-07,-5.192872585040595
67,1,2,-650011079260.53601,2.9738559057272682e-07,0,2224658420238.1699,7.753415797618305e-07,-5.518546162053025
67,2,0,-852888067470.27173,-1.4158568357436878e-07,0,2224658420238.1699,7.753415797618305e-07,-7.6641412564413134
67,2,1,-650011079260.53601,2.9738559057272682e-07,0,2224658420238.1699,7.753415797618305e-07,-5.518546162053025
67,2,2,816789343282.94128,1.8321065671705869e-07,1,2224658420238.1699,7.753415797618305e-07,-2.7794141852584908
68,0,0,23851834388.312515,9.7614816561168736e-07,1,1671449129932.7646,1.3285508700672353e-06,-6.9401407231028962
68,0,1,140857282487.75046,4.0516001382477504e-07,0,1671449129932.7646,1.3285508700672353e-06,1.5695664738635104
68,0,2,-139489941580.47357,-4.2407855016304331e-07,0,1671449129932.7646,1.3285508700672353e-06,-1.5725149303419761
68,1,0,140857282487.75046,4.0516001382477504e-07,0,1671449129932.7646,1.3285508700672353e-06,1.5695664738635104
68,1,1,831834302839.02954,1.6816569716097052e-07,1,1671449129932.7646,1.3285508700672353e-06,-0.42923596636786282
68,1,2,-823759455374.56238,-1.7601802400476897e-07,0,1671449129932.7646,1.3285508700672353e-06,-7.4336369108545091
68,2,0,-139489941580.47357,-4.2407855016304331e-07,0,1671449129932.7646,1.3285508700672353e-06,-1.5725149303419761
68,2,1,-823759455374.56238,-1.7601802400476897e-07,0,1671449129932.7646,1.3285508700672353e-06,-7.4336369108545091
68,2,2,815762992705.42261,1.8423700729457742e-07,1,1671449129932.7646,1.3285508700672353e-06,-0.55874220404218666
69,0,0,82279778196.283752,9.1772022180371621e-07,1,1395891806965.6406,1.6041081930343595e-06,-5.3590636953488016
69,0,1,-279301723008.72095,2.1824238330441818e-07,0,1395891806965.6406,1.6041081930343595e-06,-2.2992656850439439
69,0,2,-173419300792.8262,-7.6307429738577617e-07,0,1395891806965.6406,1.6041081930343595e-06,-2.1426897210962892
69,1,0,-279301723008.72095,2.1824238330441818e-07,0,1395891806965.6406,1.6041081930343595e-06,-2.2992656850439439
69,1,1,948099936408.96387,5.1900063591036051e-08,1,1395891806965.6406,1.6041081930343595e-06,1.617910195425494
69,1,2,588678173133.33105,-1.814661476811557e-07,0,1395891806965.6406,1.6041081930343595e-06,5.0677503728860138
69,2,0,-173419300792.8262,-7.6307429738577617e-07,0,1395891806965.6406,1.6041081930343595e-06,-2.1426897210962892
69,2,1,588678173133.33105,-1.814661476811557e-07,0,1395891806965.6406,1.6041081930343595e-06,5.0677503728860138
69,2,2,365512092360.39313,6.3448790763960706e-07,1,1395891806965.6406,1.6041081930343595e-06,-3.0767138999526491
70,0,0,3680231530.5112662,9.9631976846948857e-07,1,776547034337.29736,2.2234529656627024e-06,-3.4970266963234926
70,0,1,-12527059688.952593,9.7664533529370393e-07,0,776547034337.29736,2.2234529656627024e-06,0.66627507731218616
70,0,2,51840153858.996086,-5.1844088569268402e-07,0,776547034337.29736,2.2234529656627024e-06,0.046430573972896627
70,1,0,-12527059688.952593,9.7664533529370393e-07,0,776547034337.29736,2.2234529656627024e-06,0.66627507731218616
70,1,1,42640584742.987717,9.5735941525701223e-07,1,776547034337.29736,2.2234529656627024e-06,-3.1830753929720852
70,1,2,-176457566947.12988,-5.0820317799686635e-07,0,776547034337.29736,2.2234529656627024e-06,-1.9667705371159458
70,2,0,51840153858.996086,-5.1844088569268402e-07,0,776547034337.29736,2.2234529656627024e-06,0.046430573972896627
70,2,1,-176457566947.12988,-5.0820317799686635e-07,0,776547034337.29736,2.2234529656627024e-06,-1.9667705371159458
70,2,2,730226218063.79846,2.697737819362016e-07,1,776547034337.29736,2.2234529656627024e-06,2.3576445427404806
71,0,0,993009494610.43884,6.9905053895610856e-09,1,2973498754350.2246,2.6501245649775387e-08,-4.3765545633984582
71,0,1,988121797385.354,-1.0818222464392245e-08,0,2973498754350.2246,2.6501245649775387e-08,8.740221526146545
71,0,2,-995118059542.45654,-4.3995451644770639e-09,0,2973498754350.2246,2.6501245649775387e-08,-8.8142763459903222
71,1,0,988121797385.354,-1.0818222464392245e-08,0,2973498754350.2246,2.6501245649775387e-08,8.740221526146545
71,1,1,983258157920.33459,1.6741842079665323e-08,1,2973498754350.2246,2.6501245649775387e-08,-4.455133031272724
71,1,2,-990219983738.89575,6.8085575618792876e-09,0,2973498754350.2246,2.6501245649775387e-08,-8.761989658067689
71,2,0,-995118059542.45654,-4.3995451644770639e-09,0,2973498754350.2246,2.6501245649775387e-08,-8.8142763459903222
71,2,1,-990219983738.89575,6.8085575618792876e-09,0,2973498754350.2246,2.6501245649775387e-08,-8.761989658067689
71,2,2,997231101819.45105,2.7688981805489778e-09,1,2973498754350.2246,2.6501245649775387e-08,-4.3425359014453973
72,0,0,818628955582.15491,1.8137104441784508e-07,1,1649300091907.8203,1.3506999080921798e-06,-0.44640666040392007
72,0,1,-672879860615.77869,-2.8470747491018334e-07,0,1649300091907.8203,1.3506999080921798e-06,-6.1842412957279418
72,0,2,-476701308934.86273,3.6197244508776276e-07,0,1649300091907.8203,1.3506999080921798e-06,-3.932664869815389
72,1,0,-672879860615.77869,-2.8470747491018334e-07,0,1649300091907.8203,1.3506999080921798e-06,-6.1842412957279418
72,1,1,553080004970.42212,4.4691999502957798e-07,1,1649300091907.8203,1.3506999080921798e-06,-2.5862599285065877
72,1,2,391829177460.92236,-5.6820680036764588e-07,0,1649300091907.8203,1.3506999080921798e-06,3.0170909323543031
72,2,0,-476701308934.86273,3.6197244508776276e-07,0,1649300091907.8203,1.3506999080921798e-06,-3.932664869815389
72,2,1,391829177460.92236,-5.6820680036764588e-07,0,1649300091907.8203,1.3506999080921798e-06,3.0170909323543031
72,2,2,277591131355.24316,7.2240886864475687e-07,1,1649300091907.8203,1.3506999080921798e-06,-4.8062113354820104
73,0,0,762328178300.22754,2.3767182169977259e-07,1,1752079178809.8164,1.2479208211901839e-06,-1.314199525834258
73,0,1,601747136671.24695,-3.5324164623606469e-07,0,1752079178809.8164,1.2479208211901839e-06,5.0467683775652787
73,0,2,626430730964.93127,3.3959985194886879e-07,0,1752079178809.8164,1.2479208211901839e-06,5.8166626675181918
73,1,0,601747136671.24695,-3.5324164623606469e-07,0,1752079178809.8164,1.2479208211901839e-06,5.0467683775652787
73,1,1,474991777556.25189,5.250082224437482e-07,1,1752079178809.8164,1.2479208211901839e-06,-3.6296209754782307
73,1,2,494475882449.36731,-5.0473299655807301e-07,0,1752079178809.8164,1.2479208211901839e-06,3.9764357064876883
73,2,0,626430730964.93127,3.3959985194886879e-07,0,1752079178809.8164,1.2479208211901839e-06,5.8166626675181918
73,2,1,494475882449.36731,-5.0473299655807301e-07,0,1752079178809.8164,1.2479208211901839e-06,3.9764357064876883
73,2,2,514759222953.33698,4.8524077704666308e-07,1,1752079178809.8164,1.2479208211901839e-06,-3.3091659414778554
74,0,0,978279092747.04272,2.172090725295741e-08,1,1911855166488.4434,1.0881448335115568e-06,-0.21777385870645802
74,0,1,294075767653.28735,1.4071518693967335e-07,0,1911855166488.4434,1.0881448335115568e-06,2.7157244346499514
74,0,2,909295000156.28235,-5.7990786846968246e-08,0,1911855166488.4434,1.0881448335115568e-06,8.0047503294813058
74,1,0,294075767653.28735,1.4071518693967335e-07,0,1911855166488.4434,1.0881448335115568e-06,2.7157244346499514
74,1,1,88400700538.360413,9.1159929946163961e-07,1,1911855166488.4434,1.0881448335115568e-06,-7.3886144189687304
74,1,2,273338791738.23639,-3.7568340571220103e-07,0,1911855166488.4434,1.0881448335115568e-06,2.1211823067668711
74,2,0,909295000156.28235,-5.7990786846968246e-08,0,1911855166488.4434,1.0881448335115568e-06,8.0047503294813058
74,2,1,273338791738.23639,-3.7568340571220103e-07,0,1911855166488.4434,1.0881448335115568e-06,2.1211823067668711
74,2,2,845175373203.04028,1.5482462679695967e-07,1,1911855166488.4434,1.0881448335115568e-06,-1.2903536170023291
75,0,0,85432455303.329681,9.1456754469667031e-07,1,1185693628902.8569,1.8143063710971429e-06,-4.4867465763558734
75,0,1,111873784370.97401,-8.8350698268111043e-07,0,1185693628902.8569,1.8143063710971429e-06,0.28745796907108245
75,0,2,-285450993878.19177,2.0563886034274749e-07,0,1185693628902.8569,1.8143063710971429e-06,-2.3637408942208489
75,1,0,111873784370.97401,-8.8350698268111043e-07,0,1185693628902.8569,1.8143063710971429e-06,0.28745796907108245
75,1,1,146498699879.87335,8.5350130012012655e-07,1,1185693628902.8569,1.8143063710971429e-06,-3.9946610202772339
75,1,2,-373798023528.9389,-1.9865494908160233e-07,0,1185693628902.8569,1.8143063710971429e-06,-3.4676922859052537
75,2,0,-285450993878.19177,2.0563886034274749e-07,0,1185693628902.8569,1.8143063710971429e-06,-2.3637408942208489
75,2,1,-373798023528.9389,-1.9865494908160233e-07,0,1185693628902.8569,1.8143063710971429e-06,-3.4676922859052537
75,2,2,953762473719.65381,4.6237526280346215e-08,1,1185693628902.8569,1.8143063710971429e-06,2.5104523333720872
76,0,0,105421373133.22206,8.9457862686677797e-07,1,1119207337608.2581,1.8807926623917423e-06,-4.0577906164957005
76,0,1,38961303319.709946,-9.3898744010547402e-07,0,1119207337608.2581,1.8807926623917423e-06,-0.40225908337724414
76,0,2,-324587007259.64948,-2.3421891914083964e-08,0,1119207337608.2581,1.8807926623917423e-06,-2.8925319116503889
76,1,0,38961303319.709946,-9.3898744010547402e-07,0,1119207337608.2581,1.8807926623917423e-06,-0.40225908337724414
76,1,1,14399197347.317329,9.8560080265268281e-07,1,1119207337608.2581,1.8807926623917423e-06,-4.7912678148675694
76,1,2,-119959856977.94695,2.4584605165296456e-08,0,1119207337608.2581,1.8807926623917423e-06,-1.0425607665026448
76,2,0,-324587007259.64948,-2.3421891914083964e-08,0,1119207337608.2581,1.8807926623917423e-06,-2.8925319116503889
76,2,1,-119959856977.94695,2.4584605165296456e-08,0,1119207337608.2581,1.8807926623917423e-06,-1.0425607665026448
76,2,2,999386767127.71863,6.1323287228136271e-10,1,1119207337608.2581,1.8807926623917423e-06,3.1459839248949821
77,0,0,947796201292.44373,5.2203798707556145e-08,1,1960550212782.5146,1.0394497872174853e-06,-0.65960969201119024
77,0,1,-967189225513.14038,-2.6071878610955373e-08,0,1960550212782.5146,1.0394497872174853e-06,-8.584240744476471
77,0,2,156299094639.94025,2.2551773323778828e-07,0,1960550212782.5146,1.0394497872174853e-06,1.563333493940398
77,1,0,-967189225513.14038,-2.6071878610955373e-08,0,1960550212782.5146,1.0394497872174853e-06,-8.584240744476471
77,1,1,986979053801.96008,1.3020946198039877e-08,1,1960550212782.5146,1.0394497872174853e-06,-0.34386543919858342
77,1,2,-159497157814.16693,-1.1262917854946042e-07,0,1960550212782.5146,1.0394497872174853e-06,-1.5018152877992654
77,2,0,156299094639.94025,2.2551773323778828e-07,0,1960550212782.5146,1.0394497872174853e-06,1.563333493940398
77,2,1,-159497157814.16693,-1.1262917854946042e-07,0,1960550212782.5146,1.0394497872174853e-06,-1.5018152877992654
77,2,2,25774957688.11092,9.7422504231188931e-07,1,1960550212782.5146,1.0394497872174853e-06,-8.0894645901071218
78,0,0,930275272319.82251,6.9724727680177502e-08,1,2227781853384.3115,7.7221814661568873e-07,-1.8775036664303277
78,0,1,-858515695022.58545,1.2034291846081912e-07,0,2227781853384.3115,7.7221814661568873e-07,-7.50553211203425
78,0,2,685557502647.60156,-1.8573837597203228e-07,0,2227781853384.3115,7.7221814661568873e-07,5.9221202251528151
78,1,0,-858515695022.58545,1.2034291846081912e-07,0,2227781853384.3115,7.7221814661568873e-07,-7.50553211203425
78,1,1,792291508256.62305,2.07708491743377e-07,1,2227781853384.3115,7.7221814661568873e-07,-2.9894079228604755
78,1,2,-632674965546.2301,-3.2057921168477974e-07,0,2227781853384.3115,7.7221814661568873e-07,-5.8568129759069993
78,2,0,685557502647.60156,-1.8573837597203228e-07,0,2227781853384.3115,7.7221814661568873e-07,5.9221202251528151
78,2,1,-632674965546.2301,-3.2057921168477974e-07,0,2227781853384.3115,7.7221814661568873e-07,-5.8568129759069993
78,2,2,505215072807.86572,4.9478492719213425e-07,1,2227781853384.3115,7.7221814661568873e-07,-5.3027345135894173
79,0,0,51469857557.038895,9.4853014244296104e-07,1,350311518623.62177,2.6496884813763785e-06,-1.3945762185912371
79,0,1,-39186223702.426392,-9.5928699533215255e-07,0,350311518623.62177,2.6496884813763785e-06,-1.1103311604157033
79,0,2,-117668082329.70108,8.3268746966263181e-07,0,350311518623.62177,2.6496884813763785e-06,-0.37920156670972094
79,1,0,-39186223702.426392,-9.5928699533215255e-07,0,350311518623.62177,2.6496884813763785e-06,-1.1103311604157033
79,1,1,29834163157.628643,9.7016583684237151e-07,1,350311518623.62177,2.6496884813763785e-06,-1.5689215182491565
79,1,2,89585788958.077423,-8.4213060300446185e-07,0,350311518623.62177,2.6496884813763785e-06,0.1230463344492243
79,2,0,-117668082329.70108,8.3268746966263181e-07,0,350311518623.62177,2.6496884813763785e-06,-0.37920156670972094
79,2,1,89585788958.077423,-8.4213060300446185e-07,0,350311518623.62177,2.6496884813763785e-06,0.1230463344492243
79,2,2,269007497908.95422,7.3099250209104596e-07,1,350311518623.62177,2.6496884813763785e-06,0.35839109523184981
80,0,0,569793632257.35608,4.3020636774264407e-07,1,1128524998827.1082,1.8714750011728918e-06,-0.35331624319566041
80,0,1,-558206441054.33325,4.4152679906431579e-07,0,1128524998827.1082,1.8714750011728918e-06,-4.5910039662019271
80,0,2,82262652396.761444,-6.5199465445465928e-07,0,1128524998827.1082,1.8714750011728918e-06,0.2095126636911695
80,1,0,-558206441054.33325,4.4152679906431579e-07,0,1128524998827.1082,1.8714750011728918e-06,-4.5910039662019271
80,1,1,546854884285.20819,4.5314511571479175e-07,1,1128524998827.1082,1.8714750011728918e-06,-0.53816184210052531
80,1,2,-80589778169.626266,-6.6915121293746264e-07,0,1128524998827.1082,1.8714750011728918e-06,-1.246035511988544
80,2,0,82262652396.761444,-6.5199465445465928e-07,0,1128524998827.1082,1.8714750011728918e-06,0.2095126636911695
80,2,1,-80589778169.626266,-6.6915121293746264e-07,0,1128524998827.1082,1.8714750011728918e-06,-1.246035511988544
80,2,2,11876482284.543884,9.881235177154561e-07,1,1128524998827.1082,1.8714750011728918e-06,-4.8491383277853632
81,0,0,544351852398.76416,4.5564814760123577e-07,1,956304345373.34802,2.043695654626652e-06,0.13556457515471071
81,0,1,-152522343636.12195,-6.6043611795437881e-07,0,956304345373.34802,2.043695654626652e-06,-1.875991194398531
81,0,2,448312432732.74091,-5.3611103232468672e-07,0,956304345373.34802,2.043695654626652e-06,3.5427346752128237
81,1,0,-152522343636.12195,-6.6043611795437881e-07,0,956304345373.34802,2.043695654626652e-06,-1.875991194398531
81,1,1,42735347010.840973,9.5726465298915917e-07,1,956304345373.34802,2.043695654626652e-06,-3.9065742317051089
81,1,2,-125612988401.33084,7.7706250062689889e-07,0,956304345373.34802,2.043695654626652e-06,-0.4938107089747833
81,2,0,448312432732.74091,-5.3611103232468672e-07,0,956304345373.34802,2.043695654626652e-06,3.5427346752128237
81,2,1,-125612988401.33084,7.7706250062689889e-07,0,956304345373.34802,2.043695654626652e-06,-0.4938107089747833
81,2,2,369217145963.74298,6.3078285403625716e-07,1,956304345373.34802,2.043695654626652e-06,-1.2757103444405586
82,0,0,159660946537.80566,8.4033905346219425e-07,1,948763726244.21436,2.0512362737557856e-06,-2.9339794053231256
82,0,1,-162644873441.11246,-8.3732182637612857e-07,0,948763726244.21436,2.0512362737557856e-06,-2.1063772475800824
82,0,2,-315492538528.03442,-5.6254456091554476e-07,0,948763726244.21436,2.0512362737557856e-06,-3.2410296740230606
82,1,0,-162644873441.11246,-8.3732182637612857e-07,0,948763726244.21436,2.0512362737557856e-06,-2.1063772475800824
82,1,1,165684567393.0141,8.3431543260698579e-07,1,948763726244.21436,2.0512362737557856e-06,-2.8854397114431993
82,1,2,321388824964.51398,5.6052475155488215e-07,0,948763726244.21436,2.0512362737557856e-06,3.2916280809123868
82,2,0,-315492538528.03442,-5.6254456091554476e-07,0,948763726244.21436,2.0512362737557856e-06,-3.2410296740230606
82,2,1,321388824964.51398,5.6052475155488215e-07,0,948763726244.21436,2.0512362737557856e-06,3.2916280809123868
82,2,2,623418212313.39453,3.7658178768660546e-07,1,948763726244.21436,2.0512362737557856e-06,0.80308111963910389
83,0,0,5621128229.5182829,9.9437887177048178e-07,1,518672035610.34485,2.4813279643896556e-06,-2.4423790959726812
83,0,1,-46179940440.861725,-7.8557225044957065e-07,0,518672035610.34485,2.4813279643896556e-06,-1.0340157267377574
83,0,2,-27410546137.149441,-9.281524661511128e-07,0,518672035610.34485,2.4813279643896556e-06,-0.98129324015273445
83,1,0,-46179940440.861725,-7.8557225044957065e-07,0,518672035610.34485,2.4813279643896556e-06,-1.0340157267377574
83,1,1,379387697993.2005,6.2061230200679965e-07,1,518672035610.34485,2.4813279643896556e-06,0.56951612701300203
83,1,2,225189203373.418,7.3325252807960245e-07,0,518672035610.34485,2.4813279643896556e-06,2.5773290285607304
83,2,0,-27410546137.149441,-9.281524661511128e-07,0,518672035610.34485,2.4813279643896556e-06,-0.98129324015273445
83,2,1,225189203373.418,7.3325252807960245e-07,0,518672035610.34485,2.4813279643896556e-06,2.5773290285607304
83,2,2,133663209387.6261,8.6633679061237403e-07,1,518672035610.34485,2.4813279643896556e-06,-1.4105871600992272
84,0,0,990756585923.98926,9.243414076010821e-09,1,1314267536833.7947,1.6857324631662056e-06,2.2905204658055585
84,0,1,8357728615.2099466,-9.6139286374716699e-08,0,1314267536833.7947,1.6857324631662056e-06,-0.0025058841002484622
84,0,2,566083698409.35767,7.9080465919204797e-08,0,1314267536833.7947,1.6857324631662056e-06,5.0750353009817104
84,1,0,8357728615.2099466,-9.6139286374716699e-08,0,1314267536833.7947,1.6857324631662056e-06,-0.0025058841002484622
84,1,1,70503318.976532325,9.999294966810236e-07,1,1314267536833.7947,1.6857324631662056e-06,-5.6926511740845562
84,1,2,4775314130.6524115,-8.2250340589886981e-07,0,1314267536833.7947,1.6857324631662056e-06,-0.61224678248082709
84,2,0,566083698409.35767,7.9080465919204797e-08,0,1314267536833.7947,1.6857324631662056e-06,5.0750353009817104
84,2,1,4775314130.6524115,-8.2250340589886981e-07,0,1314267536833.7947,1.6857324631662056e-06,-0.61224678248082709
84,2,2,323440447590.82886,6.7655955240917105e-07,1,1314267536833.7947,1.6857324631662056e-06,-3.0868633128926559
85,0,0,250484996656.17719,7.4951500334382294e-07,1,1402987492331.4502,1.5970125076685498e-06,-4.0322174665765802
85,0,1,-473813672299.90405,-2.788468134262658e-07,0,1402987492331.4502,1.5970125076685498e-06,-4.4170454981544189
85,0,2,-253347957791.52393,-7.4663012893255691e-07,0,1402987492331.4502,1.5970125076685498e-06,-2.8372921966909308
85,1,0,-473813672299.90405,-2.788468134262658e-07,0,1402987492331.4502,1.5970125076685498e-06,-4.4170454981544189
85,1,1,896258854044.16101,1.03741145955839e-07,1,1402987492331.4502,1.5970125076685498e-06,1.1715737591225364
85,1,2,479229206752.263,2.7777353532892597e-07,0,1402987492331.4502,1.5970125076685498e-06,4.4641405526230855
85,2,0,-253347957791.52393,-7.4663012893255691e-07,0,1402987492331.4502,1.5970125076685498e-06,-2.8372921966909308
85,2,1,479229206752.263,2.7777353532892597e-07,0,1402987492331.4502,1.5970125076685498e-06,4.4641405526230855
85,2,2,256243641631.11215,7.4375635836888789e-07,1,1402987492331.4502,1.5970125076685498e-06,-3.9858130080348668
86,0,0,56115632419.397255,9.4388436758060277e-07,1,1121304587061.2354,1.8786954129387647e-06,-4.4635574372738267
86,0,1,62002013794.85759,9.3766878816149022e-07,0,1121304587061.2354,1.8786954129387647e-06,1.2951389432341114
86,0,2,-236494190459.86243,5.595333826514133e-08,0,1121304587061.2354,1.8786954129387647e-06,-2.0493933104946711
86,1,0,62002013794.85759,9.3766878816149022e-07,0,1121304587061.2354,1.8786954129387647e-06,1.2951389432341114
86,1,1,68505861002.982925,9.3149413899701709e-07,1,1121304587061.2354,1.8786954129387647e-06,-4.3637141840203411
86,1,2,-261301805345.55521,5.5584879553781481e-08,0,1121304587061.2354,1.8786954129387647e-06,-2.2693331428187857
86,2,0,-236494190459.86243,5.595333826514133e-08,0,1121304587061.2354,1.8786954129387647e-06,-2.0493933104946711
86,2,1,-261301805345.55521,5.5584879553781481e-08,0,1121304587061.2354,1.8786954129387647e-06,-2.2693331428187857
86,2,2,996683093638.8551,3.3169063611448963e-09,1,1121304587061.2354,1.8786954129387647e-06,3.1157470605408948
87,0,0,347249053189.93646,6.5275094681006362e-07,1,1520202611097.5117,1.4797973889024885e-06,-3.7247438164670816
87,0,1,586141376961.3114,8.3254894973860963e-08,0,1520202611097.5117,1.4797973889024885e-06,5.2559478919738831
87,0,2,-252478313193.57062,7.3001641803086604e-07,0,1520202611097.5117,1.4797973889024885e-06,-1.6545143776766154
87,1,0,586141376961.3114,8.3254894973860963e-08,0,1520202611097.5117,1.4797973889024885e-06,5.2559478919738831
87,1,1,989381283059.05701,1.0618716940943023e-08,1,1520202611097.5117,1.4797973889024885e-06,1.4497023542826526
87,1,2,-426172468401.81598,9.3109692922496607e-08,0,1520202611097.5117,1.4797973889024885e-06,-3.6992366958377594
87,2,0,-252478313193.57062,7.3001641803086604e-07,0,1520202611097.5117,1.4797973889024885e-06,-1.6545143776766154
87,2,1,-426172468401.81598,9.3109692922496607e-08,0,1520202611097.5117,1.4797973889024885e-06,-3.6992366958377594
87,2,2,183572274848.51822,8.164277251514818e-07,1,1520202611097.5117,1.4797973889024885e-06,-5.0436881701900331
88,0,0,767470524168.91211,2.3252947583108801e-07,1,1776243876646.0808,1.2237561233539194e-06,-1.370123633882105
88,0,1,-191926579802.64749,4.7049856662614705e-07,0,1776243876646.0808,1.2237561233539194e-06,-1.3249070745916272
88,0,2,-858701345962.92639,9.550136952437727e-08,0,1776243876646.0808,1.2237561233539194e-06,-7.5269441419964975
88,1,0,-191926579802.64749,4.7049856662614705e-07,0,1776243876646.0808,1.2237561233539194e-06,-1.3249070745916272
88,1,1,47996386668.571053,9.5200361333142888e-07,1,1776243876646.0808,1.2237561233539194e-06,-7.1678083202603382
88,1,2,214741292613.24179,1.9323682432713833e-07,0,1776243876646.0808,1.2237561233539194e-06,2.0550923836928643
88,2,0,-858701345962.92639,9.550136952437727e-08,0,1776243876646.0808,1.2237561233539194e-06,-7.5269441419964975
88,2,1,214741292613.24179,1.9323682432713833e-07,0,1776243876646.0808,1.2237561233539194e-06,2.0550923836928643
88,2,2,960776965808.59766,3.9223034191402458e-08,1,1776243876646.0808,1.2237561233539194e-06,0.18758322180336567
89,0,0,266924947089.52667,7.3307505291047333e-07,1,1122086758732.4324,1.8779132412675677e-06,-2.7679599453511772
89,0,1,-475492571996.94232,-3.3487188995096215e-07,0,1122086758732.4324,1.8779132412675677e-06,-4.4764938154020308
89,0,2,-46592223616.16758,8.5270928974913725e-07,0,1122086758732.4324,1.8779132412675677e-06,0.26603694452222443
89,1,0,-475492571996.94232,-3.3487188995096215e-07,0,1122086758732.4324,1.8779132412675677e-06,-4.4764938154020308
89,1,1,847029056255.41138,1.5297094374458855e-07,1,1122086758732.4324,1.8779132412675677e-06,1.9066496547952103
89,1,2,82998072993.445831,-3.8952133250660312e-07,0,1122086758732.4324,1.8779132412675677e-06,0.42489371074313104
89,2,0,-46592223616.16758,8.5270928974913725e-07,0,1122086758732.4324,1.8779132412675677e-06,0.26603694452222443
89,2,1,82998072993.445831,-3.8952133250660312e-07,0,1122086758732.4324,1.8779132412675677e-06,0.42489371074313104
89,2,2,8132755387.4942436,9.9186724461250579e-07,1,1122086758732.4324,1.8779132412675677e-06,-4.8533657279661524
90,0,0,19861677855.726749,9.8013832214427326e-07,1,1252617309788.8506,1.7473826902111495e-06,-5.2847737218361441
90,0,1,-100591621009.03088,-6.9339730680392826e-07,0,1252617309788.8506,1.7473826902111495e-06,-1.4424262569362227
90,0,2,-119857920134.89996,-5.2077421451985335e-07,0,1252617309788.8506,1.7473826902111495e-06,-1.4756409772525729
90,1,0,-100591621009.03088,-6.9339730680392826e-07,0,1252617309788.8506,1.7473826902111495e-06,-1.4424262569362227
90,1,1,509457171278.55688,4.905428287214433e-07,1,1252617309788.8506,1.7473826902111495e-06,-1.3395029375392016
90,1,2,607033432156.09656,3.6842089493144441e-07,0,1252617309788.8506,1.7473826902111495e-06,5.6678540411434746
90,2,0,-119857920134.89996,-5.2077421451985335e-07,0,1252617309788.8506,1.7473826902111495e-06,-1.4756409772525729
90,2,1,607033432156.09656,3.6842089493144441e-07,0,1252617309788.8506,1.7473826902111495e-06,5.6678540411434746
90,2,2,723298460654.56702,2.7670153934543291e-07,1,1252617309788.8506,1.7473826902111495e-06,0.38367834738930956
91,0,0,57179480563.134552,9.428205194368655e-07,1,168361908751.33694,2.8316380912486634e-06,-0.61547131672575806
91,0,1,-27431859356.483025,9.6457897038666694e-07,0,168361908751.33694,2.8316380912486634e-06,0.52470587295534421
91,0,2,74865523332.14238,9.221731800832617e-07,0,168361908751.33694,2.8316380912486634e-06,1.3967014435679068
91,1,0,-27431859356.483025,9.6457897038666694e-07,0,168361908751.33694,2.8316380912486634e-06,0.52470587295534421
91,1,1,13160436232.417101,9.8683956376758302e-07,1,168361908751.33694,2.8316380912486634e-06,-0.97018669275285552
91,1,2,-35916739474.910774,9.4345513088132944e-07,0,168361908751.33694,2.8316380912486634e-06,0.4327709270150133
91,2,0,74865523332.14238,9.221731800832617e-07,0,168361908751.33694,2.8316380912486634e-06,1.3967014435679068
91,2,1,-35916739474.910774,9.4345513088132944e-07,0,168361908751.33694,2.8316380912486634e-06,0.4327709270150133
91,2,2,98021991955.785278,9.0197800804421476e-07,1,168361908751.33694,2.8316380912486634e-06,-0.28635315873736567
92,0,0,129644908859.0728,8.7035509114092722e-07,1,756415458322.8772,2.2435845416771225e-06,-2.4008625610869645
92,0,1,-109548278882.34137,-8.8870075462017269e-07,0,756415458322.8772,2.2435845416771225e-06,-1.6771460513607406
92,0,2,263166839390.34317,-6.367167441777948e-07,0,756415458322.8772,2.2435845416771225e-06,1.823396110035729
92,1,0,-109548278882.34137,-8.8870075462017269e-07,0,756415458322.8772,2.2435845416771225e-06,-1.6771460513607406
92,1,1,92566885284.546204,9.0743311471545394e-07,1,756415458322.8772,2.2435845416771225e-06,-2.699645628156004
92,1,2,-222372591163.26736,6.5013769298269508e-07,0,756415458322.8772,2.2435845416771225e-06,-1.4515237845167843
92,2,0,263166839390.34317,-6.367167441777948e-07,0,756415458322.8772,2.2435845416771225e-06,1.823396110035729
92,2,1,-222372591163.26736,6.5013769298269508e-07,0,756415458322.8772,2.2435845416771225e-06,-1.4515237845167843
92,2,2,534203664179.2583,4.6579633582074152e-07,1,756415458322.8772,2.2435845416771225e-06,0.85916303011639661
93,0,0,504473777944.02075,4.9552622205597924e-07,1,1236583684995.9641,1.763416315004036e-06,-1.3150589633559349
93,0,1,189657892946.11502,6.7837606574997497e-07,0,1236583684995.9641,1.763416315004036e-06,2.2190655048416077
93,0,2,577373479061.84595,4.099740249800474e-07,0,1236583684995.9641,1.763416315004036e-06,5.4383117466878579
93,1,0,189657892946.11502,6.7837606574997497e-07,0,1236583684995.9641,1.763416315004036e-06,2.2190655048416077
93,1,1,71302251830.325012,9.2869774816967519e-07,1,1236583684995.9641,1.763416315004036e-06,-4.8056527076283233
93,1,2,217064676638.13574,5.6125499266561091e-07,0,1236583684995.9641,1.763416315004036e-06,2.3685231790427408
93,2,0,577373479061.84595,4.099740249800474e-07,0,1236583684995.9641,1.763416315004036e-06,5.4383117466878579
93,2,1,217064676638.13574,5.6125499266561091e-07,0,1236583684995.9641,1.763416315004036e-06,2.3685231790427408
93,2,2,660807655221.61853,3.391923447783815e-07,1,1236583684995.9641,1.763416315004036e-06,-0.055285360647341242
94,0,0,455302682789.46869,5.4469731721053137e-07,1,2119344806961.5991,8.8065519303840106e-07,-5.2680347222153143
94,0,1,-672428824350.35022,-6.1311450437350696e-08,0,2119344806961.5991,8.8065519303840106e-07,-6.0024749128241908
94,0,2,-552704550002.1355,4.2336303535436078e-07,0,2119344806961.5991,8.8065519303840106e-07,-4.5567444867237299
94,1,0,-672428824350.35022,-6.1311450437350696e-08,0,2119344806961.5991,8.8065519303840106e-07,-6.0024749128241908
94,1,1,993098747072.99377,6.9012529270063953e-09,1,2119344806961.5991,8.8065519303840106e-07,-0.93435287907943199
94,1,2,816279993111.47876,-4.7653992298079525e-08,0,2119344806961.5991,8.8065519303840106e-07,7.1894212168475207
94,2,0,-552704550002.1355,4.2336303535436078e-07,0,2119344806961.5991,8.8065519303840106e-07,-4.5567444867237299
94,2,1,816279993111.47876,-4.7653992298079525e-08,0,2119344806961.5991,8.8065519303840106e-07,7.1894212168475207
94,2,2,670943377099.13672,3.2905662290086331e-07,1,2119344806961.5991,8.8065519303840106e-07,-3.5303534269532735
95,0,0,643357752453.44604,3.5664224754655383e-07,1,1648735951544.4941,1.3512640484555058e-06,-1.8565085160376273
95,0,1,796874013736.61914,-6.8033354558196841e-08,0,1648735951544.4941,1.3512640484555058e-06,7.0013832942587229
95,0,2,108672281489.8102,-5.9168878407700806e-07,0,1648735951544.4941,1.3512640484555058e-06,0.4913334065213345
95,1,0,796874013736.61914,-6.8033354558196841e-08,0,1648735951544.4941,1.3512640484555058e-06,7.0013832942587229
95,1,1,987021903982.82202,1.2978096017177952e-08,1,1648735951544.4941,1.3512640484555058e-06,0.91281463920655559
95,1,2,134603363062.71069,1.1287101601715005e-07,0,1648735951544.4941,1.3512640484555058e-06,1.28159807721191
95,2,0,108672281489.8102,-5.9168878407700806e-07,0,1648735951544.4941,1.3512640484555058e-06,0.4913334065213345
95,2,1,134603363062.71069,1.1287101601715005e-07,0,1648735951544.4941,1.3512640484555058e-06,1.28159807721191
95,2,2,18356295108.226124,9.8164370489177406e-07,1,1648735951544.4941,1.3512640484555058e-06,-6.8929110624915531
96,0,0,268625547.16670847,9.9973137445283358e-07,1,950101034151.64685,2.0498989658483535e-06,-4.2237868006879351
96,0,1,-10489048854.923788,7.6829320263156685e-07,0,950101034151.64685,2.0498989658483535e-06,0.51851826615208996
96,0,2,12046954162.65344,6.7794619575729994e-07,0,950101034151.64685,2.0498989658483535e-06,0.64615617318173357
96,1,0,-10489048854.923788,7.6829320263156685e-07,0,950101034151.64685,2.0498989658483535e-06,0.51851826615208996
96,1,1,409566949388.84485,5.9043305061115537e-07,1,950101034151.64685,2.0498989658483535e-06,-0.92556869858686985
96,1,2,-470398635192.6535,5.2100140823862569e-07,0,950101034151.64685,2.0498989658483535e-06,-3.7503097686006743
96,2,0,12046954162.65344,6.7794619575729994e-07,0,950101034151.64685,2.0498989658483535e-06,0.64615617318173357
96,2,1,-470398635192.6535,5.2100140823862569e-07,0,950101034151.64685,2.0498989658483535e-06,-3.7503097686006743
96,2,2,540265459215.63531,4.5973454078436469e-07,1,950101034151.64685,2.0498989658483535e-06,0.12762933795114095
97,0,0,574493235204.94763,4.2550676479505241e-07,1,1629974911942.7195,1.370025088057281e-06,-2.335843968295511
97,0,1,331817541558.99005,-5.864788706714153e-07,0,1629974911942.7195,1.370025088057281e-06,2.4712074565317566
97,0,2,704460220510.97607,2.4071034518055013e-07,0,1629974911942.7195,1.370025088057281e-06,6.4288419988483865
97,1,0,331817541558.99005,-5.864788706714153e-07,0,1629974911942.7195,1.370025088057281e-06,2.4712074565317566
97,1,1,191652179937.28583,8.0834782006271431e-07,1,1629974911942.7195,1.370025088057281e-06,-5.4208634398135587
97,1,2,406884266291.95404,-3.3177270746426705e-07,0,1629974911942.7195,1.370025088057281e-06,3.3385369618693632
97,2,0,704460220510.97607,2.4071034518055013e-07,0,1629974911942.7195,1.370025088057281e-06,6.4288419988483865
97,2,1,406884266291.95404,-3.3177270746426705e-07,0,1629974911942.7195,1.370025088057281e-06,3.3385369618693632
97,2,2,863829496800.48584,1.3617050319951414e-07,1,1629974911942.7195,1.370025088057281e-06,-0.0043071893719140442
98,0,0,5049427959.7567873,9.9495057204024323e-07,1,363533850082.3786,2.6364661499176213e-06,-1.8219167609320539
98,0,1,-11417202482.372671,-9.8451288544090024e-07,0,363533850082.3786,2.6364661499176213e-06,-0.88453837205684838
98,0,2,-40985226017.18483,-8.1483816897768141e-07,0,363533850082.3786,2.6364661499176213e-06,-1.0113108032198899
98,1,0,-11417202482.372671,-9.8451288544090024e-07,0,363533850082.3786,2.6364661499176213e-06,-0.88453837205684838
98,1,1,25815302953.599377,9.7418469704640046e-07,1,363533850082.3786,2.6364661499176213e-06,-1.6545806620010639
98,1,2,92671215027.404114,8.062899800766679e-07,0,363533850082.3786,2.6364661499176213e-06,1.4621361173259735
98,2,0,-40985226017.18483,-8.1483816897768141e-07,0,363533850082.3786,2.6364661499176213e-06,-1.0113108032198899
98,2,1,92671215027.404114,8.062899800766679e-07,0,363533850082.3786,2.6364661499176213e-06,1.4621361173259735
98,2,2,332669119169.02246,6.6733088083097749e-07,1,363533850082.3786,2.6364661499176213e-06,0.81811651848380929
99,0,0,580131030119.50159,4.1986896988049846e-07,1,1610802035637.812,1.3891979643621879e-06,-2.2131636684572116
99,0,1,-750664198306.59827,-1.0972257617901702e-07,0,1610802035637.812,1.3891979643621879e-06,-6.7336952636449592
99,0,2,185546472686.36523,6.2845216418194163e-07,0,1610802035637.812,1.3891979643621879e-06,2.1429348112968545
99,1,0,-750664198306.59827,-1.0972257617901702e-07,0,1610802035637.812,1.3891979643621879e-06,-6.7336952636449592
99,1,1,971326664776.42603,2.8673335223573919e-08,1,1610802035637.812,1.3891979643621879e-06,0.93917888593709364
99,1,2,-240089026334.33774,-1.6423073722010711e-07,0,1610802035637.812,1.3891979643621879e-06,-2.2564389073452569
99,2,0,185546472686.36523,6.2845216418194163e-07,0,1610802035637.812,1.3891979643621879e-06,2.1429348112968545
99,2,1,-240089026334.33774,-1.6423073722010711e-07,0,1610802035637.812,1.3891979643621879e-06,-2.2564389073452569
99,2,2,59344340741.884361,9.4065565925811554e-07,1,1610802035637.812,1.3891979643621879e-06,-6.4097801366520768
100,0,0,306886303818.42969,6.9311369618157041e-07,1,1080565725525.1719,1.9194342744748283e-06,-2.278649410338291
100,0,1,-83383828354.796341,-8.230494558259893e-07,0,1080565725525.1719,1.9194342744748283e-06,-1.3932423627723705
100,0,2,-480082029695.82202,-4.1541447012460183e-07,0,1080565725525.1719,1.9194342744748283e-06,-4.581222622687962
100,1,0,-83383828354.796341,-8.230494558259893e-07,0,1080565725525.1719,1.9194342744748283e-06,-1.3932423627723705
100,1,1,22656152277.21542,9.7734384772278472e-07,1,1080565725525.1719,1.9194342744748283e-06,-4.5690400041164878
100,1,2,130442698361.87668,4.9329086333438754e-07,0,1080565725525.1719,1.9194342744748283e-06,1.5474880477047377
100,2,0,-480082029695.82202,-4.1541447012460183e-07,0,1080565725525.1719,1.9194342744748283e-06,-4.581222622687962
100,2,1,130442698361.87668,4.9329086333438754e-07,0,1080565725525.1719,1.9194342744748283e-06,1.5474880477047377
100,2,2,751023269429.52673,2.4897673057047324e-07,1,1080565725525.1719,1.9194342744748283e-06,1.300306315748156
101,0,0,237955025814.2236,7.620449741857763e-07,1,1922626673068.4609,1.0773733269315385e-06,-6.226871586956217
101,0,1,-407276049438.43256,4.804564204898385e-07,0,1922626673068.4609,1.0773733269315385e-06,-3.2236870704219016
101,0,2,484770363022.22125,9.724204048804853e-08,0,1922626673068.4609,1.0773733269315385e-06,4.3695395512988222
101,1,0,-407276049438.43256,4.804564204898385e-07,0,1922626673068.4609,1.0773733269315385e-06,-3.2236870704219016
101,1,1,697080382642.04431,3.029196173579556e-07,1,1922626673068.4609,1.0773733269315385e-06,-2.527136027792583
101,1,2,-829717118438.45203,6.1309455841415868e-08,0,1922626673068.4609,1.0773733269315385e-06,-7.2975268518768752
101,2,0,484770363022.22125,9.724204048804853e-08,0,1922626673068.4609,1.0773733269315385e-06,4.3695395512988222
101,2,1,-829717118438.45203,6.1309455841415868e-08,0,1922626673068.4609,1.0773733269315385e-06,-7.2975268518768752
101,2,2,987591264612.19324,1.240873538780668e-08,1,1922626673068.4609,1.0773733269315385e-06,-0.18613389326656135
102,0,0,546976807789.30774,4.5302319221069214e-07,1,2415126001241.7979,5.8487399875820229e-07,-5.7210397194236284
102,0,1,698297204789.52917,2.2172503842166882e-07,0,2415126001241.7979,5.8487399875820229e-07,6.3591666305667358
102,0,2,-730900332529.64331,-1.0280797933340064e-07,0,2415126001241.7979,5.8487399875820229e-07,-6.5532035347184614
102,1,0,698297204789.52917,2.2172503842166882e-07,0,2415126001241.7979,5.8487399875820229e-07,6.3591666305667358
102,1,1,891480185764.47144,1.0851981423552868e-07,1,2415126001241.7979,5.8487399875820229e-07,-2.9449538884145428
102,1,2,-933102924871.69751,-5.031773992963883e-08,0,2415126001241.7979,5.8487399875820229e-07,-8.3017348819890806
102,2,0,-730900332529.64331,-1.0280797933340064e-07,0,2415126001241.7979,5.8487399875820229e-07,-6.5532035347184614
102,2,1,-933102924871.69751,-5.031773992963883e-08,0,2415126001241.7979,5.8487399875820229e-07,-8.3017348819890806
102,2,2,976669007688.01855,2.3330992311981408e-08,1,2415126001241.7979,5.8487399875820229e-07,-2.2584831696299954
103,0,0,5146507483.1978359,9.9485349251680239e-07,1,657928702408.26526,2.342071297591735e-06,-3.0072844935871665
103,0,1,9250949310.8877316,-9.8909570196678726e-07,0,657928702408.26526,2.342071297591735e-06,-0.70518944559621155
103,0,2,57218601764.876717,6.0164277682894683e-07,0,657928702408.26526,2.342071297591735e-06,0.98538560956552301
103,1,0,9250949310.8877316,-9.8909570196678726e-07,0,657928702408.26526,2.342071297591735e-06,-0.70518944559621155
103,1,1,16628764930.783342,9.833712350692167e-07,1,657928702408.26526,2.342071297591735e-06,-2.9147578762994297
103,1,2,102851571924.23695,-5.9816072331959345e-07,0,657928702408.26526,2.342071297591735e-06,0.4346466384185097
103,2,0,57218601764.876717,6.0164277682894683e-07,0,657928702408.26526,2.342071297591735e-06,0.98538560956552301
103,2,1,102851571924.23695,-5.9816072331959345e-07,0,657928702408.26526,2.342071297591735e-06,0.4346466384185097
103,2,2,636153429994.28406,3.6384657000571606e-07,1,657928702408.26526,2.342071297591735e-06,2.0775114441117704
104,0,0,229556064559.28107,7.7044393544071875e-07,1,1723387134780.3066,1.2766128652196934e-06,-5.4917937663477794
104,0,1,405173543001.09052,4.6847168494231455e-07,0,1723387134780.3066,1.2766128652196934e-06,3.9602044715174469
104,0,2,-422791179719.09149,-4.1292743026352564e-07,0,1723387134780.3066,1.2766128652196934e-06,-4.0719903135562054
104,1,0,405173543001.09052,4.6847168494231455e-07,0,1723387134780.3066,1.2766128652196934e-06,3.9602044715174469
104,1,1,715143815796.08423,2.8485618420391582e-07,1,1723387134780.3066,1.2766128652196934e-06,-1.5788182714681986
104,1,2,-746239488663.81274,-2.5108226584170236e-07,0,1723387134780.3066,1.2766128652196934e-06,-6.8070093512864993
104,2,0,-422791179719.09149,-4.1292743026352564e-07,0,1723387134780.3066,1.2766128652196934e-06,-4.0719903135562054
104,2,1,-746239488663.81274,-2.5108226584170236e-07,0,1723387134780.3066,1.2766128652196934e-06,-6.8070093512864993
104,2,2,778687254424.94128,2.2131274557505879e-07,1,1723387134780.3066,1.2766128652196934e-06,-1.0667709276424937
105,0,0,999152924095.12488,8.4707590487497185e-10,1,1894321835509.8774,1.1056781644901225e-06,0.021075942354740806
105,0,1,-877562662884.27979,1.3934703045443051e-08,0,1894321835509.8774,1.1056781644901225e-06,-7.7588509328264132
105,0,2,-352554120824.80536,-2.7234166870544597e-08,0,1894321835509.8774,1.1056781644901225e-06,-3.1431864471750099
105,1,0,-877562662884.27979,1.3934703045443051e-08,0,1894321835509.8774,1.1056781644901225e-06,-7.7588509328264132
105,1,1,770769127244.45862,2.2923087275554154e-07,1,1894321835509.8774,1.1056781644901225e-06,-1.8192921440066638
105,1,2,309650630670.01227,-4.4801183205311005e-07,0,1894321835509.8774,1.1056781644901225e-06,2.3851301957777458
105,2,0,-352554120824.80536,-2.7234166870544597e-08,0,1894321835509.8774,1.1056781644901225e-06,-3.1431864471750099
105,2,1,309650630670.01227,-4.4801183205311005e-07,0,1894321835509.8774,1.1056781644901225e-06,2.3851301957777458
105,2,2,124399784170.29379,8.7560021582970611e-07,1,1894321835509.8774,1.1056781644901225e-06,-7.0278819275187461
106,0,0,590286651392.50586,4.097133486074942e-07,1,1594721661538.0508,1.405278338461949e-06,-2.0665377457570875
106,0,1,110432199477.71318,-6.3344195203364518e-07,0,1594721661538.0508,1.405278338461949e-06,0.47368960503600299
106,0,2,-762042851812.63,-8.1532564987615826e-08,0,1594721661538.0508,1.405278338461949e-06,-6.812008963652727
106,1,0,110432199477.71318,-6.3344195203364518e-07,0,1594721661538.0508,1.405278338461949e-06,0.47368960503600299
106,1,1,20659912692.784744,9.7934008730721518e-07,1,1594721661538.0508,1.405278338461949e-06,-6.6567183342975369
106,1,2,-142564748878.21967,1.2605434334906783e-07,0,1594721661538.0508,1.405278338461949e-06,-1.1619574273567213
106,2,0,-762042851812.63,-8.1532564987615826e-08,0,1594721661538.0508,1.405278338461949e-06,-6.812008963652727
106,2,1,-142564748878.21967,1.2605434334906783e-07,0,1594721661538.0508,1.405278338461949e-06,-1.1619574273567213
106,2,2,983775097452.76025,1.6224902547239595e-08,1,1594721661538.0508,1.405278338461949e-06,1.1042807994602137
107,0,0,540687589921.2901,4.593124100787098e-07,1,2322964036238.1787,6.7703596376182138e-07,-5.4003887155351213
107,0,1,691255656959.06677,2.3107055569173082e-07,0,2322964036238.1787,6.7703596376182138e-07,6.3042576924222269
107,0,2,697008158528.03979,-2.1589240020298555e-07,0,2322964036238.1787,6.7703596376182138e-07,5.9995085222658693
107,1,0,691255656959.06677,2.3107055569173082e-07,0,2322964036238.1787,6.7703596376182138e-07,6.3042576924222269
107,1,1,883753191648.93555,1.1624680835106439e-07,1,2322964036238.1787,6.7703596376182138e-07,-2.635888809437299
107,1,2,891107622054.48145,-1.0861099284466679e-07,0,2322964036238.1787,6.7703596376182138e-07,7.8034370037436425
107,2,0,697008158528.03979,-2.1589240020298555e-07,0,2322964036238.1787,6.7703596376182138e-07,5.9995085222658693
107,2,1,891107622054.48145,-1.0861099284466679e-07,0,2322964036238.1787,6.7703596376182138e-07,7.8034370037436425
107,2,2,898523254667.95276,1.0147674533204722e-07,1,2322964036238.1787,6.7703596376182138e-07,-2.5168683141631978
108,0,0,994213807073.19873,5.7861929268012209e-09,1,2754496659597.6201,2.4550334040237947e-07,-3.4844658336091707
108,0,1,-959480395461.1355,-2.0698002892553638e-08,0,2754496659597.6201,2.4550334040237947e-07,-8.5117103687752955
108,0,2,-910766098984.65063,3.0961949864567598e-08,0,2754496659597.6201,2.4550334040237947e-07,-8.0392843035665482
108,1,0,-959480395461.1355,-2.0698002892553638e-08,0,2754496659597.6201,2.4550334040237947e-07,-8.5117103687752955
108,1,1,925960414877.31799,7.4039585122681866e-08,1,2754496659597.6201,2.4550334040237947e-07,-4.0344670443576778
108,1,2,878947979407.86426,-1.1075512620527189e-07,0,2754496659597.6201,2.4550334040237947e-07,7.6940692806355511
108,2,0,-910766098984.65063,3.0961949864567598e-08,0,2754496659597.6201,2.4550334040237947e-07,-8.0392843035665482
108,2,1,878947979407.86426,-1.1075512620527189e-07,0,2754496659597.6201,2.4550334040237947e-07,7.6940692806355511
108,2,2,834322437647.10364,1.6567756235289638e-07,1,2754496659597.6201,2.4550334040237947e-07,-4.7729065094983403
109,0,0,887749639387.76465,1.122503606122354e-07,1,1400515046684.574,1.5994849533154258e-06,1.1129663524399358
109,0,1,196969480362.13812,-3.2763505137478046e-07,0,1400515046684.574,1.5994849533154258e-06,1.4832440893440539
109,0,2,-645298635690.5863,2.4412679585938356e-07,0,1400515046684.574,1.5994849533154258e-06,-5.5192041888934158
109,1,0,196969480362.13812,-3.2763505137478046e-07,0,1400515046684.574,1.5994849533154258e-06,1.4832440893440539
109,1,1,43702609917.01107,9.5629739008298881e-07,1,1400515046684.574,1.5994849533154258e-06,-5.6885547617826102
109,1,2,-143175655963.12567,-7.1255446189302741e-07,0,1400515046684.574,1.5994849533154258e-06,-1.834710082059819
109,2,0,-645298635690.5863,2.4412679585938356e-07,0,1400515046684.574,1.5994849533154258e-06,-5.5192041888934158
109,2,1,-143175655963.12567,-7.1255446189302741e-07,0,1400515046684.574,1.5994849533154258e-06,-1.834710082059819
109,2,2,469062797379.79828,5.3093720262020168e-07,1,1400515046684.574,1.5994849533154258e-06,-2.260906544133082
110,0,0,824250590603.5769,1.7574940939642296e-07,1,1004016267176.9033,1.995983732823097e-06,2.1988149571420061
110,0,1,217735568060.7312,-4.0698987042416098e-07,0,1004016267176.9033,1.995983732823097e-06,1.6039584712780379
110,0,2,317432177775.16907,3.9276500948717427e-07,0,1004016267176.9033,1.995983732823097e-06,3.1230969656884415
110,1,0,217735568060.7312,-4.0698987042416098e-07,0,1004016267176.9033,1.995983732823097e-06,1.6039584712780379
110,1,1,57517432367.276932,9.4248256763272318e-07,1,1004016267176.9033,1.995983732823097e-06,-3.9796935650533558
110,1,2,83853474097.021179,-9.0954149358059184e-07,0,1004016267176.9033,1.995983732823097e-06,0.018648536402342542
110,2,0,317432177775.16907,3.9276500948717427e-07,0,1004016267176.9033,1.995983732823097e-06,3.1230969656884415
110,2,1,83853474097.021179,-9.0954149358059184e-07,0,1004016267176.9033,1.995983732823097e-06,0.018648536402342542
110,2,2,122248244206.04944,8.7775175579395066e-07,1,1004016267176.9033,1.995983732823097e-06,-3.458078100405324
111,0,0,893133507859.78271,1.0686649214021741e-07,1,1895927137860.3455,1.1040728621396545e-06,-0.83972034220005609
111,0,1,-169470750202.09982,3.2160535658152451e-07,0,1895927137860.3455,1.1040728621396545e-06,-1.2445686111654854
111,0,2,931079082166.3783,-5.6017330530738911e-08,0,1895927137860.3455,1.1040728621396545e-06,8.1991970182372143
111,1,0,-169470750202.09982,3.2160535658152451e-07,0,1895927137860.3455,1.1040728621396545e-06,-1.2445686111654854
111,1,1,32156821932.35041,9.6784317806764977e-07,1,1895927137860.3455,1.1040728621396545e-06,-7.7776644421403951
111,1,2,-176670866296.72278,-1.6857925435079932e-07,0,1895927137860.3455,1.1040728621396545e-06,-1.6983949583545614
111,2,0,931079082166.3783,-5.6017330530738911e-08,0,1895927137860.3455,1.1040728621396545e-06,8.1991970182372143
111,2,1,-176670866296.72278,-1.6857925435079932e-07,0,1895927137860.3455,1.1040728621396545e-06,-1.6983949583545614
111,2,2,970636808068.21252,2.9363191931787402e-08,1,1895927137860.3455,1.1040728621396545e-06,-0.21518128882515239
112,0,0,996499013075.02332,3.5009869249768077e-09,1,1762604736754.8369,1.2373952632451634e-06,0.53039315726673208
112,0,1,-700584481381.98975,-4.214973682494821e-08,0,1762604736754.8369,1.2373952632451634e-06,-6.2365166929847016
112,0,2,-522115870286.27014,5.0430619803729345e-08,0,1762604736754.8369,1.2373952632451634e-06,-4.5826825033898775
112,1,0,-700584481381.98975,-4.214973682494821e-08,0,1762604736754.8369,1.2373952632451634e-06,-6.2365166929847016
112,1,1,492543002163.83594,5.0745699783616422e-07,1,1762604736754.8369,1.2373952632451634e-06,-3.5305979121539774
112,1,2,367071388336.91339,-6.071537535548764e-07,0,1762604736754.8369,1.2373952632451634e-06,2.7668924668597459
112,2,0,-522115870286.27014,5.0430619803729345e-08,0,1762604736754.8369,1.2373952632451634e-06,-4.5826825033898775
112,2,1,367071388336.91339,-6.071537535548764e-07,0,1762604736754.8369,1.2373952632451634e-06,2.7668924668597459
112,2,2,273562721515.97772,7.2643727848402232e-07,1,1762604736754.8369,1.2373952632451634e-06,-5.2951903464863284
113,0,0,979578636251.27197,2.0421363748727827e-08,1,2346887646190.2075,6.5311235380979226e-07,-1.9600967081468763
113,0,1,-681377554988.94702,-1.0364638628497592e-07,0,2346887646190.2075,6.5311235380979226e-07,-6.1153960454264658
113,0,2,935473849365.84082,-4.666732752842501e-08,0,2346887646190.2075,6.5311235380979226e-07,8.2455487829999665
113,1,0,-681377554988.94702,-1.0364638628497592e-07,0,2346887646190.2075,6.5311235380979226e-07,-6.1153960454264658
113,1,1,473954162801.50897,5.2604583719849102e-07,1,2346887646190.2075,6.5311235380979226e-07,-6.0345326245822442
113,1,2,-650699046149.36157,2.3685488958590974e-07,0,2346887646190.2075,6.5311235380979226e-07,-5.5728062222410335
113,2,0,935473849365.84082,-4.666732752842501e-08,0,2346887646190.2075,6.5311235380979226e-07,8.2455487829999665
113,2,1,-650699046149.36157,2.3685488958590974e-07,0,2346887646190.2075,6.5311235380979226e-07,-5.5728062222410335
113,2,2,893354847137.42651,1.0664515286257343e-07,1,2346887646190.2075,6.5311235380979226e-07,-2.6549074257129557
114,0,0,62283610584.011734,9.3771638941598824e-07,1,1891008820307.7498,1.1089911796922506e-06,-7.5150795366557075
114,0,1,239826365084.74088,-2.6789711171284071e-07,0,1891008820307.7498,1.1089911796922506e-06,1.9102368886145942
114,0,2,-237450886369.87454,-2.9805757073383476e-07,0,1891008820307.7498,1.1089911796922506e-06,-2.3395768264601293
114,1,0,239826365084.74088,-2.6789711171284071e-07,0,1891008820307.7498,1.1089911796922506e-06,1.9102368886145942
114,1,1,923464212341.66553,7.6535787658334586e-08,1,1891008820307.7498,1.1089911796922506e-06,-0.57549223701635843
114,1,2,-914317304829.71069,8.5152358671548892e-08,0,1891008820307.7498,1.1089911796922506e-06,-8.0276033229697035
114,2,0,-237450886369.87454,-2.9805757073383476e-07,0,1891008820307.7498,1.1089911796922506e-06,-2.3395768264601293
114,2,1,-914317304829.71069,8.5152358671548892e-08,0,1891008820307.7498,1.1089911796922506e-06,-8.0276033229697035
114,2,2,905260997382.07251,9.4739002617927574e-08,1,1891008820307.7498,1.1089911796922506e-06,-0.72217784406367724
115,0,0,216140206870.74158,7.8385979312925836e-07,1,2080108034766.9365,9.1989196523306328e-07,-7.0371704578855212
115,0,1,-461656979157.06909,-1.0453311569876934e-07,0,2080108034766.9365,9.1989196523306328e-07,-4.1706957038579695
115,0,2,435604436980.91498,-3.0935897919168262e-07,0,2080108034766.9365,9.1989196523306328e-07,3.6106616313879254
115,1,0,-461656979157.06909,-1.0453311569876934e-07,0,2080108034766.9365,9.1989196523306328e-07,-4.1706957038579695
115,1,1,986059787255.99658,1.3940212744003325e-08,1,2080108034766.9365,9.1989196523306328e-07,-0.8329850281622303
115,1,2,-930413787399.995,4.1255155893631559e-08,0,2080108034766.9365,9.1989196523306328e-07,-8.2050538636970636
115,2,0,435604436980.91498,-3.0935897919168262e-07,0,2080108034766.9365,9.1989196523306328e-07,3.6106616313879254
115,2,1,-930413787399.995,4.1255155893631559e-08,0,2080108034766.9365,9.1989196523306328e-07,-8.2050538636970636
115,2,2,877908040640.19849,1.2209195935980161e-07,1,2080108034766.9365,9.1989196523306328e-07,-1.7044961673088743
116,0,0,219181544209.12305,7.8081845579087692e-07,1,1783420650459.3403,1.2165793495406597e-06,-5.8172757855307271
116,0,1,-453042509635.47693,2.2279805425694323e-07,0,1783420650459.3403,1.2165793495406597e-06,-3.8339413220812686
116,0,2,370951246504.72583,5.3908364394690937e-07,0,1783420650459.3403,1.2165793495406597e-06,3.7133914699235517
116,1,0,-453042509635.47693,2.2279805425694323e-07,0,1783420650459.3403,1.2165793495406597e-06,-3.8339413220812686
116,1,1,936426998347.00842,6.3573001652991662e-08,1,1783420650459.3403,1.2165793495406597e-06,-0.037550331775069667
116,1,2,-766746508130.10547,1.5382165478076485e-07,0,1783420650459.3403,1.2165793495406597e-06,-6.6663661994192847
116,2,0,370951246504.72583,5.3908364394690937e-07,0,1783420650459.3403,1.2165793495406597e-06,3.7133914699235517
116,2,1,-766746508130.10547,1.5382165478076485e-07,0,1783420650459.3403,1.2165793495406597e-06,-6.6663661994192847
116,2,2,627812107903.20874,3.7218789209679133e-07,1,1783420650459.3403,1.2165793495406597e-06,-2.5244386451349996
117,0,0,48560769047.479111,9.5143923095252096e-07,1,873172932906.9375,2.1268270670930628e-06,-3.5246858436181538
117,0,1,-199628900125.92456,4.1307952792331485e-07,0,873172932906.9375,2.1268270670930628e-06,-1.438796037919625
117,0,2,-13860125448.018036,-9.7348621073909218e-07,0,873172932906.9375,2.1268270670930628e-06,-0.89739326307137701
117,1,0,-199628900125.92456,4.1307952792331485e-07,0,873172932906.9375,2.1268270670930628e-06,-1.438796037919625
117,1,1,820656232328.65881,1.793437676713414e-07,1,873172932906.9375,2.1268270670930628e-06,2.6970333406732774
117,1,2,56977713760.874062,-4.2265150657007948e-07,0,873172932906.9375,2.1268270670930628e-06,0.16814529525945476
117,2,0,-13860125448.018036,-9.7348621073909218e-07,0,873172932906.9375,2.1268270670930628e-06,-0.89739326307137701
117,2,1,56977713760.874062,-4.2265150657007948e-07,0,873172932906.9375,2.1268270670930628e-06,0.16814529525945476
117,2,2,3955931530.7995439,9.9604406846920041e-07,1,873172932906.9375,2.1268270670930628e-06,-3.8841216731078827
118,0,0,50785977980.825584,9.4921402201917449e-07,1,1195617103376.6685,1.8043828966233318e-06,-4.8059184923940164
118,0,1,94164797020.257782,8.8514711614487263e-07,0,1195617103376.6685,1.8043828966233318e-06,1.5381128073073247
118,0,2,-221978285713.37939,1.6808589991144016e-07,0,1195617103376.6685,1.8043828966233318e-06,-1.8316372325314847
118,1,0,94164797020.257782,8.8514711614487263e-07,0,1195617103376.6685,1.8043828966233318e-06,1.5381128073073247
118,1,1,174595613797.45642,8.2540438620254378e-07,1,1195617103376.6685,1.8043828966233318e-06,-3.8082325545866875
118,1,2,-411580933323.70178,1.5674099425410882e-07,0,1195617103376.6685,1.8043828966233318e-06,-3.5194070635446564
118,2,0,-221978285713.37939,1.6808589991144016e-07,0,1195617103376.6685,1.8043828966233318e-06,-1.8316372325314847
118,2,1,-411580933323.70178,1.5674099425410882e-07,0,1195617103376.6685,1.8043828966233318e-06,-3.5194070635446564
118,2,2,970235511598.38647,2.9764488401613563e-08,1,1195617103376.6685,1.8043828966233318e-06,2.6032129872620042
119,0,0,524247134503.30933,4.7575286549669083e-07,1,1207565216996.5686,1.7924347830034314e-06,-1.0388021252939608
119,0,1,-565569309805.47754,4.3066568313463609e-07,0,1207565216996.5686,1.7924347830034314e-06,-4.664837807563071
119,0,2,-195854288968.97552,6.640348368660235e-07,0,1207565216996.5686,1.7924347830034314e-06,-1.2056717411690694
119,1,0,-565569309805.47754,4.3066568313463609e-07,0,1207565216996.5686,1.7924347830034314e-06,-4.664837807563071
119,1,1,610148579060.71204,3.8985142093928778e-07,1,1207565216996.5686,1.7924347830034314e-06,-0.34658893278294267
119,1,2,211291903654.50974,6.0110413911125845e-07,0,1207565216996.5686,1.7924347830034314e-06,2.3491219902198046
119,2,0,-195854288968.97552,6.640348368660235e-07,0,1207565216996.5686,1.7924347830034314e-06,-1.2056717411690694
119,2,1,211291903654.50974,6.0110413911125845e-07,0,1207565216996.5686,1.7924347830034314e-06,2.3491219902198046
119,2,2,73169503432.547287,9.2683049656745272e-07,1,1207565216996.5686,1.7924347830034314e-06,-4.6736872972790167
120,0,0,851909688510.8678,1.4809031148913219e-07,1,1603885135442.4233,1.3961148645575764e-06,0.0047589584131592089
120,0,1,760059183898.8634,-2.1833124460317662e-07,0,1603885135442.4233,1.3961148645575764e-06,6.5558215301905296
120,0,2,-250848969968.53705,-3.7034013074472335e-07,0,1603885135442.4233,1.3961148645575764e-06,-2.5157240922680342
120,1,0,760059183898.8634,-2.1833124460317662e-07,0,1603885135442.4233,1.3961148645575764e-06,6.5558215301905296
120,1,1,678111742148.16626,3.2188825785183357e-07,1,1603885135442.4233,1.3961148645575764e-06,-1.3957440473679801
120,1,2,-223803140130.29858,5.459967020052651e-07,0,1603885135442.4233,1.3961148645575764e-06,-1.5470626325336108
120,2,0,-250848969968.53705,-3.7034013074472335e-07,0,1603885135442.4233,1.3961148645575764e-06,-2.5157240922680342
120,2,1,-223803140130.29858,5.459967020052651e-07,0,1603885135442.4233,1.3961148645575764e-06,-1.5470626325336108
120,2,2,73863704783.38945,9.2613629521661064e-07,1,1603885135442.4233,1.3961148645575764e-06,-6.2649108601948109
121,0,0,71523250955.428955,9.2847674904457111e-07,1,681847624887.57141,2.3181523751124286e-06,-2.5687777739846283
121,0,1,197286249371.10562,6.5054887499727606e-07,0,681847624887.57141,2.3181523751124286e-06,2.264462797825209
121,0,2,68778769762.519073,9.3116468401553001e-07,0,681847624887.57141,2.3181523751124286e-06,1.3499645389457156
121,1,0,197286249371.10562,6.5054887499727606e-07,0,681847624887.57141,2.3181523751124286e-06,2.264462797825209
121,1,1,544184774475.2677,4.5581522552473231e-07,1,681847624887.57141,2.3181523751124286e-06,1.2400352658723808
121,1,2,189716006215.40594,6.524322103346687e-07,0,681847624887.57141,2.3181523751124286e-06,2.1989345755668723
121,2,0,68778769762.519073,9.3116468401553001e-07,0,681847624887.57141,2.3181523751124286e-06,1.3499645389457156
121,2,1,189716006215.40594,6.524322103346687e-07,0,681847624887.57141,2.3181523751124286e-06,2.1989345755668723
121,2,2,66139599456.874794,9.3386040054312514e-07,1,681847624887.57141,2.3181523751124286e-06,-2.6121604506134322
122,0,0,973886148817.15234,2.6113851182847649e-08,1,1944092329056.9453,1.0559076709430547e-06,-0.38306034981154241
122,0,1,794816557886.18701,-9.5783655949455587e-08,0,1944092329056.9453,1.0559076709430547e-06,6.961083591965453
122,0,2,559586454216.22327,-1.3310662572235316e-07,0,1944092329056.9453,1.0559076709430547e-06,4.8486555784204644
122,1,0,794816557886.18701,-9.5783655949455587e-08,0,1944092329056.9453,1.0559076709430547e-06,6.961083591965453
122,1,1,648672703125.85046,3.5132729687414959e-07,1,1944092329056.9453,1.0559076709430547e-06,-3.0037035607537375
122,1,2,456694635117.33392,4.8822516271200314e-07,0,1944092329056.9453,1.0559076709430547e-06,4.4320915392661755
122,2,0,559586454216.22327,-1.3310662572235316e-07,0,1944092329056.9453,1.0559076709430547e-06,4.8486555784204644
122,2,1,456694635117.33392,4.8822516271200314e-07,0,1944092329056.9453,1.0559076709430547e-06,4.4320915392661755
122,2,2,321533477113.94232,6.784665228860576e-07,1,1944092329056.9453,1.0559076709430547e-06,-5.6398651433679117
123,0,0,864591910946.45984,1.3540808905354013e-07,1,1741379037809.8467,1.2586209621901531e-06,-0.44702325635584439
123,0,1,289433812136.70099,3.4969721957196428e-07,0,1741379037809.8467,1.2586209621901531e-06,2.8409271780602001
123,0,2,-821152315895.22339,1.7263824424328051e-07,0,1741379037809.8467,1.2586209621901531e-06,-7.1331014552461873
123,1,0,289433812136.70099,3.4969721957196428e-07,0,1741379037809.8467,1.2586209621901531e-06,2.8409271780602001
123,1,1,96891875285.160645,9.0310812471483928e-07,1,1741379037809.8467,1.2586209621901531e-06,-6.6333230946643864
123,1,2,-274891821361.4339,4.4584569818270035e-07,0,1741379037809.8467,1.2586209621901531e-06,-2.0790994527239652
123,2,0,-821152315895.22339,1.7263824424328051e-07,0,1741379037809.8467,1.2586209621901531e-06,-7.1331014552461873
123,2,1,-274891821361.4339,4.4584569818270035e-07,0,1741379037809.8467,1.2586209621901531e-06,-2.0790994527239652
123,2,2,779895251578.22632,2.2010474842177369e-07,1,1741379037809.8467,1.2586209621901531e-06,-1.1295280183930596
124,0,0,998187063455.71411,1.8129365442859125e-09,1,2424985274635.8257,5.7501472536417467e-07,-2.1248099516440746
124,0,1,655701177797.92188,-3.2125684610550525e-08,0,2424985274635.8257,5.7501472536417467e-07,5.7800134206928977
124,0,2,-997129621461.60278,2.6681189075957565e-09,0,2424985274635.8257,5.7501472536417467e-07,-8.8264624468565263
124,1,0,655701177797.92188,-3.2125684610550525e-08,0,2424985274635.8257,5.7501472536417467e-07,5.7800134206928977
124,1,1,430724911498.17126,5.6927508850182885e-07,1,2424985274635.8257,5.7501472536417467e-07,-6.6975478125681223
124,1,2,-655006552525.38892,-4.7279727908308958e-08,0,2424985274635.8257,5.7501472536417467e-07,-5.8370520280830291
124,2,0,-997129621461.60278,2.6681189075957565e-09,0,2424985274635.8257,5.7501472536417467e-07,-8.8264624468565263
124,2,1,-655006552525.38892,-4.7279727908308958e-08,0,2424985274635.8257,5.7501472536417467e-07,-5.8370520280830291
124,2,2,996073299681.94006,3.926700318059935e-09,1,2424985274635.8257,5.7501472536417467e-07,-2.1418431363314467
125,0,0,715948053675.90955,2.840519463240905e-07,1,862926356072.46448,2.1370736439275354e-06,1.8945558602192758
125,0,1,243159573905.02875,-5.1048360700083143e-07,0,862926356072.46448,2.1370736439275354e-06,1.7467049202473104
125,0,2,-214714347801.27667,5.1552003527355704e-07,0,862926356072.46448,2.1370736439275354e-06,-1.4908430260490293
125,1,0,243159573905.02875,-5.1048360700083143e-07,0,862926356072.46448,2.1370736439275354e-06,1.7467049202473104
125,1,1,82585011689.186264,9.1741498831081371e-07,1,862926356072.46448,2.1370736439275354e-06,-3.2092262190116383
125,1,2,-72924074665.183167,-9.264661992049242e-07,0,862926356072.46448,2.1370736439275354e-06,-1.3829281331406531
125,2,0,-214714347801.27667,5.1552003527355704e-07,0,862926356072.46448,2.1370736439275354e-06,-1.4908430260490293
125,2,1,-72924074665.183167,-9.264661992049242e-07,0,862926356072.46448,2.1370736439275354e-06,-1.3829281331406531
125,2,2,64393290707.368645,9.3560670929263133e-07,1,862926356072.46448,2.1370736439275354e-06,-3.3558192049966276
126,0,0,67599649820.639572,9.3240035017936056e-07,1,1382583955917.4771,1.6174160440825232e-06,-5.4237406461061122
126,0,1,-218659021678.08957,5.2243064907793389e-07,0,1382583955917.4771,1.6174160440825232e-06,-1.5202698768205023
126,0,2,-202683770565.29141,-6.0479342735985083e-07,0,1382583955917.4771,1.6174160440825232e-06,-2.2758414221541368
126,1,0,-218659021678.08957,5.2243064907793389e-07,0,1382583955917.4771,1.6174160440825232e-06,-1.5202698768205023
126,1,1,707278334844.5885,2.9272166515541159e-07,1,1382583955917.4771,1.6174160440825232e-06,-0.26906569246449358
126,1,2,655604505340.22729,-3.3887012456923165e-07,0,1382583955917.4771,1.6174160440825232e-06,5.5350580133255747
126,2,0,-202683770565.29141,-6.0479342735985083e-07,0,1382583955917.4771,1.6174160440825232e-06,-2.2758414221541368
126,2,1,655604505340.22729,-3.3887012456923165e-07,0,1382583955917.4771,1.6174160440825232e-06,5.5350580133255747
126,2,2,607705971252.24902,3.9229402874775103e-07,1,1382583955917.4771,1.6174160440825232e-06,-1.0714422304057458
127,0,0,70516090715.249268,9.294839092847508e-07,1,1191773200695.229,1.8082267993047712e-06,-4.6314412822012034
127,0,1,253500710577.32559,2.8710299458279734e-07,0,1191773200695.229,1.8082267993047712e-06,2.4729645952733299
127,0,2,-121671926997.38707,8.5694179917517076e-07,0,1191773200695.229,1.8082267993047712e-06,-0.39535062523091147
127,1,0,253500710577.32559,2.8710299458279734e-07,0,1191773200695.229,1.8082267993047712e-06,2.4729645952733299
127,1,1,911318390049.55005,8.8681609950450043e-08,1,1191773200695.229,1.8082267993047712e-06,2.1439330655942674
127,1,2,-437402579160.27716,2.6469587506435174e-07,0,1191773200695.229,1.8082267993047712e-06,-3.662124151222462
127,2,0,-121671926997.38707,8.5694179917517076e-07,0,1191773200695.229,1.8082267993047712e-06,-0.39535062523091147
127,2,1,-437402579160.27716,2.6469587506435174e-07,0,1191773200695.229,1.8082267993047712e-06,-3.662124151222462
127,2,2,209938719930.42963,7.9006128006957042e-07,1,1191773200695.229,1.8082267993047712e-06,-3.5079423262223193
128,0,0,814983399675.88293,1.8501660032411705e-07,1,2361144052921.8809,6.38855947078119e-07,-3.343882873829537
128,0,1,-758694704212.72192,-2.3311057049528947e-07,0,2361144052921.8809,6.38855947078119e-07,-6.9029864090059245
128,0,2,827331621193.74951,1.7212575331165356e-07,0,2361144052921.8809,6.38855947078119e-07,7.4621674964142866
128,1,0,-758694704212.72192,-2.3311057049528947e-07,0,2361144052921.8809,6.38855947078119e-07,-6.9029864090059245
128,1,1,706293716447.90735,2.937062835520927e-07,1,2361144052921.8809,6.38855947078119e-07,-4.2197288273859099
128,1,2,-770190067524.14246,-2.1686882410075711e-07,0,2361144052921.8809,6.38855947078119e-07,-6.9918415846495678
128,2,0,827331621193.74951,1.7212575331165356e-07,0,2361144052921.8809,6.38855947078119e-07,7.4621674964142866
128,2,1,-770190067524.14246,-2.1686882410075711e-07,0,2361144052921.8809,6.38855947078119e-07,-6.9918415846495678
128,2,2,839866936798.09058,1.6013306320190924e-07,1,2361144052921.8809,6.38855947078119e-07,-3.1433657258225609
129,0,0,709555022715.85779,2.9044497728414228e-07,1,1539947354851.8745,1.4600526451481258e-06,-0.88475448877242413
129,0,1,-580865031954.81433,-3.902998606468353e-07,0,1539947354851.8745,1.4600526451481258e-06,-5.4535697534780345
129,0,2,501801618913.26917,-4.3286567350989415e-07,0,1539947354851.8745,1.4600526451481258e-06,4.0984879756885739
129,1,0,-580865031954.81433,-3.902998606468353e-07,0,1539947354851.8745,1.4600526451481258e-06,-5.4535697534780345
129,1,1,475515181411.07074,5.2448481858892931e-07,1,1539947354851.8745,1.4600526451481258e-06,-2.7707002555645102
129,1,2,-410791276326.08813,5.8168474328419512e-07,0,1539947354851.8745,1.4600526451481258e-06,-3.174255949517085
129,2,0,501801618913.26917,-4.3286567350989415e-07,0,1539947354851.8745,1.4600526451481258e-06,4.0984879756885739
129,2,1,-410791276326.08813,5.8168474328419512e-07,0,1539947354851.8745,1.4600526451481258e-06,-3.174255949517085
129,2,2,354877150724.94586,6.4512284927505421e-07,1,1539947354851.8745,1.4600526451481258e-06,-3.7428286847166174
130,0,0,147393995113.80603,8.5260600488619411e-07,1,1933371516610.7056,1.0666284833892942e-06,-6.9999249592956465
130,0,1,-341008432566.83563,4.2419453230560019e-07,0,1933371516610.7056,1.0666284833892942e-06,-2.6817253787018074
130,0,2,383347898122.82959,-5.0357215117623685e-08,0,1933371516610.7056,1.0666284833892942e-06,3.3540892914479743
130,1,0,-341008432566.83563,4.2419453230560019e-07,0,1933371516610.7056,1.0666284833892942e-06,-2.6817253787018074
130,1,1,788951754729.91711,2.1104824527008277e-07,1,1933371516610.7056,1.0666284833892942e-06,-1.8301079992639298
130,1,2,-886907677383.47607,-2.5054075613605581e-08,0,1933371516610.7056,1.0666284833892942e-06,-7.8726179754458139
130,2,0,383347898122.82959,-5.0357215117623685e-08,0,1933371516610.7056,1.0666284833892942e-06,3.3540892914479743
130,2,1,-886907677383.47607,-2.5054075613605581e-08,0,1933371516610.7056,1.0666284833892942e-06,-7.8726179754458139
130,2,2,997025766766.98267,2.9742332330172981e-09,1,1933371516610.7056,1.0666284833892942e-06,-0.15340073441105895
131,0,0,660243820745.77917,3.3975617925422093e-07,1,1682051507212.3765,1.3179484927876234e-06,-1.8546689000935936
131,0,1,-794828094609.28442,1.2108599020001107e-07,0,1682051507212.3765,1.3179484927876234e-06,-6.941050780273061
131,0,2,207100243843.13458,5.6363557907502487e-07,0,1682051507212.3765,1.3179484927876234e-06,2.2821925015483786
131,1,0,-794828094609.28442,1.2108599020001107e-07,0,1682051507212.3765,1.3179484927876234e-06,-6.941050780273061
131,1,1,956846062211.72925,4.3153937788270632e-08,1,1682051507212.3765,1.3179484927876234e-06,0.53541878153871858
131,1,2,-249315611952.29736,2.0087455761382785e-07,0,1682051507212.3765,1.3179484927876234e-06,-2.0475895342974488
131,2,0,207100243843.13458,5.6363557907502487e-07,0,1682051507212.3765,1.3179484927876234e-06,2.2821925015483786
131,2,1,-249315611952.29736,2.0087455761382785e-07,0,1682051507212.3765,1.3179484927876234e-06,-2.0475895342974488
131,2,2,64961624254.868118,9.3503837574513194e-07,1,1682051507212.3765,1.3179484927876234e-06,-6.6515869472934721
132,0,0,622098882492.36243,3.7790111750763748e-07,1,1018658374827.4917,1.981341625172509e-06,0.51083625048269443
132,0,1,-490075617361.53448,-4.8166855099937609e-07,0,1018658374827.4917,1.981341625172509e-06,-4.7224291702363326
132,0,2,80778130029.936157,-6.1150418369928575e-07,0,1018658374827.4917,1.981341625172509e-06,0.22858999549947601
132,1,0,-490075617361.53448,-4.8166855099937609e-07,0,1018658374827.4917,1.981341625172509e-06,-4.7224291702363326
132,1,1,386070635218.0882,6.1392936478191196e-07,1,1018658374827.4917,1.981341625172509e-06,-1.3911325395686447
132,1,2,-63635208256.811638,7.7941641463004792e-07,0,1018658374827.4917,1.981341625172509e-06,0.056813741670861728
132,2,0,80778130029.936157,-6.1150418369928575e-07,0,1018658374827.4917,1.981341625172509e-06,0.22858999549947601
132,2,1,-63635208256.811638,7.7941641463004792e-07,0,1018658374827.4917,1.981341625172509e-06,0.056813741670861728
132,2,2,10488857117.04101,9.895111428829592e-07,1,1018658374827.4917,1.981341625172509e-06,-4.4176551202751906
133,0,0,843336199282.03357,1.566638007179664e-07,1,1690082424080.2129,1.3099175759197874e-06,-0.41162673464730548
133,0,1,-747195670369.43774,2.3010863898104078e-07,0,1690082424080.2129,1.3099175759197874e-06,-6.432555828741096
133,0,2,-394702892260.5882,3.5738373477503634e-07,0,1690082424080.2129,1.3099175759197874e-06,-3.210302468224798
133,1,0,-747195670369.43774,2.3010863898104078e-07,0,1690082424080.2129,1.3099175759197874e-06,-6.432555828741096
133,1,1,662015184803.0929,3.3798481519690716e-07,1,1690082424080.2129,1.3099175759197874e-06,-1.8727523181400434
133,1,2,349706667910.71436,5.2492716521726651e-07,0,1690082424080.2129,1.3099175759197874e-06,3.5140266032191847
133,2,0,-394702892260.5882,3.5738373477503634e-07,0,1690082424080.2129,1.3099175759197874e-06,-3.210302468224798
133,2,1,349706667910.71436,5.2492716521726651e-07,0,1690082424080.2129,1.3099175759197874e-06,3.5140266032191847
133,2,2,184731039995.0864,8.1526896000491364e-07,1,1690082424080.2129,1.3099175759197874e-06,-5.7188154817422214
134,0,0,343192272974.5166,6.5680772702548339e-07,1,1764255688462.834,1.2357443115371663e-06,-4.7407516047703835
134,0,1,551567530443.08875,-2.7308049604727154e-07,0,1764255688462.834,1.2357443115371663e-06,4.6662683605035564
134,0,2,-428335432766.5152,5.5288069675436415e-07,0,1764255688462.834,1.2357443115371663e-06,-3.352513442571984
134,1,0,551567530443.08875,-2.7308049604727154e-07,0,1764255688462.834,1.2357443115371663e-06,4.6662683605035564
134,1,1,886461510343.14709,1.1353848965685287e-07,1,1764255688462.834,1.2357443115371663e-06,-0.36296569989343852
134,1,2,-688406865354.57458,-2.2987082628944922e-07,0,1764255688462.834,1.2357443115371663e-06,-6.2780797772323247
134,2,0,-428335432766.5152,5.5288069675436415e-07,0,1764255688462.834,1.2357443115371663e-06,-3.352513442571984
134,2,1,-688406865354.57458,-2.2987082628944922e-07,0,1764255688462.834,1.2357443115371663e-06,-6.2780797772323247
134,2,2,534601905145.1701,4.6539809485482993e-07,1,1764255688462.834,1.2357443115371663e-06,-3.1983296671082226
135,0,0,80679328036.853104,9.1932067196314703e-07,1,1283789797300.677,1.716210202699323e-06,-4.9202888589251632
135,0,1,-131649211687.56987,-8.4960721151620167e-07,0,1283789797300.677,1.716210202699323e-06,-1.8417180572783685
135,0,2,282373209204.32544,-1.0375261450412867e-07,0,1283789797300.677,1.716210202699323e-06,2.4175686870098976
135,1,0,-131649211687.56987,-8.4960721151620167e-07,0,1283789797300.677,1.716210202699323e-06,-1.8417180572783685
135,1,1,214819773040.76962,7.8518022695923026e-07,1,1283789797300.677,1.716210202699323e-06,-3.8393549333150858
135,1,2,-460764997651.66705,9.5884898691695934e-08,0,1283789797300.677,1.716210202699323e-06,-4.0033105112346146
135,2,0,282373209204.32544,-1.0375261450412867e-07,0,1283789797300.677,1.716210202699323e-06,2.4175686870098976
135,2,1,-460764997651.66705,9.5884898691695934e-08,0,1283789797300.677,1.716210202699323e-06,-4.0033105112346146
135,2,2,988290696223.05432,1.1709303776945694e-08,1,1283789797300.677,1.716210202699323e-06,2.3934480167293009
136,0,0,433997998767.63757,5.6600200123236244e-07,1,1401013715775.1812,1.5989862842248191e-06,-2.545475784844192
136,0,1,-644611028860.28052,-1.5522185879853698e-07,0,1401013715775.1812,1.5989862842248191e-06,-5.83090768004742
136,0,2,-64494243385.100113,-7.4871713347995081e-07,0,1401013715775.1812,1.5989862842248191e-06,-1.1668421947863192
136,1,0,-644611028860.28052,-1.5522185879853698e-07,0,1401013715775.1812,1.5989862842248191e-06,-5.83090768004742
136,1,1,957431554311.79907,4.2568445688201095e-08,1,1401013715775.1812,1.5989862842248191e-06,1.6724697272187166
136,1,2,95792378541.112305,2.0533013120100131e-07,0,1401013715775.1812,1.5989862842248191e-06,1.0115422463347421
136,2,0,-64494243385.100113,-7.4871713347995081e-07,0,1401013715775.1812,1.5989862842248191e-06,-1.1668421947863192
136,2,1,95792378541.112305,2.0533013120100131e-07,0,1401013715775.1812,1.5989862842248191e-06,1.0115422463347421
136,2,2,9584162695.7444324,9.9041583730425554e-07,1,1401013715775.1812,1.5989862842248191e-06,-5.965498089787558
137,0,0,187154519113.27805,8.1284548088672215e-07,1,2014947485738.0581,9.8505251426194177e-07,-7.0082044679929849
137,0,1,393640736144.45972,-3.7397435527189496e-07,0,2014947485738.0581,9.8505251426194177e-07,3.1876957416674125
137,0,2,432581419567.39246,1.0995019550991411e-08,0,2014947485738.0581,9.8505251426194177e-07,3.8388254474043539
137,1,0,393640736144.45972,-3.7397435527189496e-07,0,2014947485738.0581,9.8505251426194177e-07,3.1876957416674125
137,1,1,827941691638.04456,1.7205830836195531e-07,1,2014947485738.0581,9.8505251426194177e-07,-1.8445970723446821
137,1,2,909845347297.53589,-5.0585940925676619e-09,0,2014947485738.0581,9.8505251426194177e-07,8.0517452036977435
137,2,0,432581419567.39246,1.0995019550991411e-08,0,2014947485738.0581,9.8505251426194177e-07,3.8388254474043539
137,2,1,909845347297.53589,-5.0585940925676619e-09,0,2014947485738.0581,9.8505251426194177e-07,8.0517452036977435
137,2,2,999851274986.73572,1.4872501326427456e-10,1,2014947485738.0581,9.8505251426194177e-07,-0.45931092114943251
138,0,0,967523869999.17212,3.2476130000827803e-08,1,1505935288855.3513,1.4940647111446485e-06,1.3310550441260744
138,0,1,-19721265541.572586,1.8017512354114058e-07,0,1505935288855.3513,1.4940647111446485e-06,-0.031233277436256451
138,0,2,721482481636.88257,1.2248945108002937e-07,0,1505935288855.3513,1.4940647111446485e-06,6.4854799004929555
138,1,0,-19721265541.572586,1.8017512354114058e-07,0,1505935288855.3513,1.4940647111446485e-06,-0.031233277436256451
138,1,1,401983172.32374954,9.9959801682767627e-07,1,1505935288855.3513,1.4940647111446485e-06,-6.4622309975345731
138,1,2,-14706146323.775869,6.7956225019016248e-07,0,1505935288855.3513,1.4940647111446485e-06,0.41057023673136667
138,2,0,721482481636.88257,1.2248945108002937e-07,0,1505935288855.3513,1.4940647111446485e-06,6.4854799004929555
138,2,1,-14706146323.775869,6.7956225019016248e-07,0,1505935288855.3513,1.4940647111446485e-06,0.41057023673136667
138,2,2,538009435683.85541,4.6199056431614446e-07,1,1505935288855.3513,1.4940647111446485e-06,-2.1300690305487304
139,0,0,5708369461.3368187,9.9429163053866327e-07,1,1024435985973.6135,1.9755640140263867e-06,-4.4794560128857812
139,0,1,56521404987.443306,6.61694611672554e-07,0,1024435985973.6135,1.9755640140263867e-06,1.0270003610836187
139,0,2,-51191839132.46862,-7.3336972876174597e-07,0,1024435985973.6135,1.9755640140263867e-06,-1.036849630910849
139,1,0,56521404987.443306,6.61694611672554e-07,0,1024435985973.6135,1.9755640140263867e-06,1.0270003610836187
139,1,1,559646540643.9259,4.4035345935607417e-07,1,1024435985973.6135,1.9755640140263867e-06,-0.015697435790105796
139,1,2,-506875858553.96021,-4.8805278349020556e-07,0,1024435985973.6135,1.9755640140263867e-06,-4.8762589165478873
139,2,0,-51191839132.46862,-7.3336972876174597e-07,0,1024435985973.6135,1.9755640140263867e-06,-1.036849630910849
139,2,1,-506875858553.96021,-4.8805278349020556e-07,0,1024435985973.6135,1.9755640140263867e-06,-4.8762589165478873
139,2,2,459081075868.35089,5.4091892413164895e-07,1,1024435985973.6135,1.9755640140263867e-06,-0.82607660679621375
140,0,0,25936637365.941151,9.7406336263405879e-07,1,1314763931555.9639,1.6852360684440358e-06,-5.4862160689446391
140,0,1,-160752306308.21796,-5.9835547685971186e-08,0,1314763931555.9639,1.6852360684440358e-06,-1.4709165359871272
140,0,2,-87100758741.37175,-8.3014877249077978e-07,0,1314763931555.9639,1.6852360684440358e-06,-1.4318015211139894
140,1,0,-160752306308.21796,-5.9835547685971186e-08,0,1314763931555.9639,1.6852360684440358e-06,-1.4709165359871272
140,1,1,996324373850.58984,3.6756261494101529e-09,1,1314763931555.9639,1.6852360684440358e-06,2.3333869250040022
140,1,2,539840521780.88165,5.0995046491122034e-08,0,1314763931555.9639,1.6852360684440358e-06,4.8203285484592415
140,2,0,-87100758741.37175,-8.3014877249077978e-07,0,1314763931555.9639,1.6852360684440358e-06,-1.4318015211139894
140,2,1,539840521780.88165,5.0995046491122034e-08,0,1314763931555.9639,1.6852360684440358e-06,4.8203285484592415
140,2,2,292502920339.43298,7.074970796605669e-07,1,1314763931555.9639,1.6852360684440358e-06,-3.3381649074816639
141,0,0,729535575129.04199,2.7046442487095788e-07,1,1147204096035.0857,1.8527959039649145e-06,0.85866013314772904
141,0,1,-549545721238.42627,-3.9812340735864099e-07,0,1147204096035.0857,1.8527959039649145e-06,-5.1824943570536055
141,0,2,51995623671.851517,-5.1909741471279228e-07,0,1147204096035.0857,1.8527959039649145e-06,0.047284654501751011
141,1,0,-549545721238.42627,-3.9812340735864099e-07,0,1147204096035.0857,1.8527959039649145e-06,-5.1824943570536055
141,1,1,413962677115.56561,5.8603732288443448e-07,1,1147204096035.0857,1.8527959039649145e-06,-1.684297372740194
141,1,2,-39167346303.756599,7.6411096060090314e-07,0,1147204096035.0857,1.8527959039649145e-06,0.26127249807819025
141,2,0,51995623671.851517,-5.1909741471279228e-07,0,1147204096035.0857,1.8527959039649145e-06,0.047284654501751011
141,2,1,-39167346303.756599,7.6411096060090314e-07,0,1147204096035.0857,1.8527959039649145e-06,0.26127249807819025
141,2,2,3705843790.4780669,9.9629415620952215e-07,1,1147204096035.0857,1.8527959039649145e-06,-4.9902393601959414
142,0,0,4421085014.2803545,9.9557891498571998e-07,1,1802323909475.8191,1.1976760905241811e-06,-7.6240273078175447
142,0,1,-60972057961.322716,3.9801858585429818e-07,0,1802323909475.8191,1.1976760905241811e-06,-0.22311347428376388
142,0,2,65046824536.792992,2.0684509193791483e-07,0,1802323909475.8191,1.1976760905241811e-06,0.74052667862984856
142,1,0,-60972057961.322716,3.9801858585429818e-07,0,1802323909475.8191,1.1976760905241811e-06,-0.22311347428376388
142,1,1,840877712152.3031,1.5912228784769675e-07,1,1802323909475.8191,1.1976760905241811e-06,-0.88367136559244686
142,1,2,-897073624019.17212,8.2693787247605605e-08,0,1802323909475.8191,1.1976760905241811e-06,-7.8768842420485194
142,2,0,65046824536.792992,2.0684509193791483e-07,0,1802323909475.8191,1.1976760905241811e-06,0.74052667862984856
142,2,1,-897073624019.17212,8.2693787247605605e-08,0,1802323909475.8191,1.1976760905241811e-06,-7.8768842420485194
142,2,2,957025112309.2356,4.2974887690764447e-08,1,1802323909475.8191,1.1976760905241811e-06,0.052270551085792538
143,0,0,942911950315.32471,5.7088049684675201e-08,1,1672837170610.6733,1.3271628293893268e-06,0.46026016882955006
143,0,1,52331371653.064072,-2.3858383102208139e-07,0,1672837170610.6733,1.3271628293893268e-06,0.27348298437140051
143,0,2,-827959323030.99231,1.2483528227972637e-07,0,1672837170610.6733,1.3271628293893268e-06,-7.2314110848809525
143,1,0,52331371653.064072,-2.3858383102208139e-07,0,1672837170610.6733,1.3271628293893268e-06,0.27348298437140051
143,1,1,2904377718.5932322,9.9709562228140674e-07,1,1672837170610.6733,1.3271628293893268e-06,-7.1145326203289923
143,1,2,-45951530291.523552,-5.2171479070540469e-07,0,1672837170610.6733,1.3271628293893268e-06,-0.82202228832574331
143,2,0,-827959323030.99231,1.2483528227972637e-07,0,1672837170610.6733,1.3271628293893268e-06,-7.2314110848809525
143,2,1,-45951530291.523552,-5.2171479070540469e-07,0,1672837170610.6733,1.3271628293893268e-06,-0.82202228832574331
143,2,2,727020842576.75537,2.7297915742324469e-07,1,1672837170610.6733,1.3271628293893268e-06,-1.2794390142568512
144,0,0,999388268033.99878,6.1173196600123056e-10,1,1265575840330.9141,1.7344241596690859e-06,2.5562608347858959
144,0,1,-504233442358.87891,-2.1356569851818573e-08,0,1265575840330.9141,1.7344241596690859e-06,-4.4814779169425352
144,0,2,-108505172489.16862,-2.4587098430692638e-08,0,1265575840330.9141,1.7344241596690859e-06,-0.98027058847675752
144,1,0,-504233442358.87891,-2.1356569851818573e-08,0,1265575840330.9141,1.7344241596690859e-06,-4.4814779169425352
144,1,1,254406993283.25046,7.4559300671674969e-07,1,1265575840330.9141,1.7344241596690859e-06,-3.4469661099198139
144,1,2,54745426165.134995,8.5837607689700137e-07,0,1265575840330.9141,1.7344241596690859e-06,1.1677899816160382
144,2,0,-108505172489.16862,-2.4587098430692638e-08,0,1265575840330.9141,1.7344241596690859e-06,-0.98027058847675752
144,2,1,54745426165.134995,8.5837607689700137e-07,0,1265575840330.9141,1.7344241596690859e-06,1.1677899816160382
144,2,2,11780579013.664898,9.8821942098633498e-07,1,1265575840330.9141,1.7344241596690859e-06,-5.4021044160843914
145,0,0,210757388503.9978,7.8924261149600205e-07,1,2044036857503.9268,9.5596314249607306e-07,-6.9352115846185409
145,0,1,-432246766522.60693,2.9929230246444078e-07,0,2044036857503.9268,9.5596314249607306e-07,-3.5889436239583095
145,0,2,446698921103.65765,2.0495625133679135e-07,0,2044036857503.9268,9.5596314249607306e-07,4.1181712500409606
145,1,0,-432246766522.60693,2.9929230246444078e-07,0,2044036857503.9268,9.5596314249607306e-07,-3.5889436239583095
145,1,1,886503996350.78503,1.1349600364921511e-07,1,2044036857503.9268,9.5596314249607306e-07,-1.489893183325071
145,1,2,-916144224535.83667,7.7722397997234385e-08,0,2044036857503.9268,9.5596314249607306e-07,-8.0496914448892198
145,2,0,446698921103.65765,2.0495625133679135e-07,0,2044036857503.9268,9.5596314249607306e-07,4.1181712500409606
145,2,1,-916144224535.83667,7.7722397997234385e-08,0,2044036857503.9268,9.5596314249607306e-07,-8.0496914448892198
145,2,2,946775472649.14392,5.3224527350856015e-08,1,2044036857503.9268,9.5596314249607306e-07,-1.0042120490810507
146,0,0,927382526398.11121,7.2617473601888724e-08,1,2257792238251.2593,7.4220776174874108e-07,-2.0217292858252289
146,0,1,828459427529.28516,-1.373831353292615e-07,0,2257792238251.2593,7.4220776174874108e-07,7.225853745918716
146,0,2,-739901139788.82642,1.7248138798341965e-07,0,2257792238251.2593,7.4220776174874108e-07,-6.413828364245707
146,1,0,828459427529.28516,-1.373831353292615e-07,0,2257792238251.2593,7.4220776174874108e-07,7.225853745918716
146,1,1,740088370791.14148,2.5991162920885856e-07,1,2257792238251.2593,7.4220776174874108e-07,-3.5309877861839789
146,1,2,-660976519666.0332,-3.2631311297076961e-07,0,2257792238251.2593,7.4220776174874108e-07,-6.1119578297480679
146,2,0,-739901139788.82642,1.7248138798341965e-07,0,2257792238251.2593,7.4220776174874108e-07,-6.413828364245707
146,2,1,-660976519666.0332,-3.2631311297076961e-07,0,2257792238251.2593,7.4220776174874108e-07,-6.1119578297480679
146,2,2,590321341062.00635,4.0967865893799375e-07,1,2257792238251.2593,7.4220776174874108e-07,-4.7378442519378279
147,0,0,775000062318.63452,2.2499993768136543e-07,1,1649985550513.8193,1.3500144494861806e-06,-0.80073990117172333
147,0,1,-784306359306.51929,-2.15434434261845e-07,0,1649985550513.8193,1.3500144494861806e-06,-7.1156857809248137
147,0,2,-250952869341.0817,4.5466053224465614e-07,0,1649985550513.8193,1.3500144494861806e-06,-1.8601293494682916
147,1,0,-784306359306.51929,-2.15434434261845e-07,0,1649985550513.8193,1.3500144494861806e-06,-7.1156857809248137
147,1,1,793724407464.29126,2.0627559253570884e-07,1,1649985550513.8193,1.3500144494861806e-06,-0.64985490968252835
147,1,2,253966342559.47449,-4.3533138522033038e-07,0,1649985550513.8193,1.3500144494861806e-06,1.9021922878172988
147,2,0,-250952869341.0817,4.5466053224465614e-07,0,1649985550513.8193,1.3500144494861806e-06,-1.8601293494682916
147,2,1,253966342559.47449,-4.3533138522033038e-07,0,1649985550513.8193,1.3500144494861806e-06,1.9021922878172988
147,2,2,81261080730.893448,9.1873891926910653e-07,1,1649985550513.8193,1.3500144494861806e-06,-6.3910449034734507
148,0,0,988131820295.53186,1.1868179704468112e-08,1,2167229881769.5554,8.3277011823044454e-07,-1.167311854308831
148,0,1,-576780143713.1283,8.8727153125677068e-08,0,2167229881769.5554,8.3277011823044454e-07,-5.0362045674039226
148,0,2,-912375459780.41455,4.3244699379058885e-08,0,2167229881769.5554,8.3277011823044454e-07,-8.0437592825522888
148,1,0,-576780143713.1283,8.8727153125677068e-08,0,2167229881769.5554,8.3277011823044454e-07,-5.0362045674039226
148,1,1,336671006184.41772,6.6332899381558229e-07,1,2167229881769.5554,8.3277011823044454e-07,-6.4169298584663643
148,1,2,532560573401.1181,3.2329971058957686e-07,0,2167229881769.5554,8.3277011823044454e-07,4.9725650520960514
148,2,0,-912375459780.41455,4.3244699379058885e-08,0,2167229881769.5554,8.3277011823044454e-07,-8.0437592825522888
148,2,1,532560573401.1181,3.2329971058957686e-07,0,2167229881769.5554,8.3277011823044454e-07,4.9725650520960514
148,2,2,842427055289.60583,1.5757294471039418e-07,1,2167229881769.5554,8.3277011823044454e-07,-2.3414336757576191
149,0,0,8287160406.8809052,9.91712839593119e-07,1,1286997741174.4751,1.713002258825525e-06,-5.5165664217413148
149,0,1,-89309305347.553146,-1.9291950753047704e-07,0,1286997741174.4751,1.713002258825525e-06,-0.9442650557588832
149,0,2,51193043229.860924,8.2346465724379402e-07,0,1286997741174.4751,1.713002258825525e-06,1.1085555580663042
149,1,0,-89309305347.553146,-1.9291950753047704e-07,0,1286997741174.4751,1.713002258825525e-06,-0.9442650557588832
149,1,1,962471055228.97974,3.7528944771020204e-08,1,1286997741174.4751,1.713002258825525e-06,2.1724623656154765
149,1,2,-551698640428.14368,-1.6018991567095575e-07,0,1286997741174.4751,1.713002258825525e-06,-5.0122148469133165
149,2,0,51193043229.860924,8.2346465724379402e-07,0,1286997741174.4751,1.713002258825525e-06,1.1085555580663042
149,2,1,-551698640428.14368,-1.6018991567095575e-07,0,1286997741174.4751,1.713002258825525e-06,-5.0122148469133165
149,2,2,316239525538.6145,6.8376047446138562e-07,1,1286997741174.4751,1.713002258825525e-06,-3.0350168866027238
